match_id,match_date,home_team,away_team,status,source,event_count,column_count,elapsed_seconds,error_type,error_message
3825562,2015-08-21,Málaga,Sevilla,success,cache,2750,95,0.013130361001458368,,
3825563,2015-08-22,Atlético Madrid,Las Palmas,success,api,3827,92,1.8174584379994485,,
3825564,2015-08-22,RC Deportivo La Coruña,Real Sociedad,success,api,3279,90,1.6296245979992818,,
3825565,2015-08-22,Espanyol,Getafe,success,api,3296,92,2.3907368870004575,,
3825566,2015-08-22,Rayo Vallecano,Valencia,success,api,3289,91,1.5236485990008077,,
266236,2015-08-23,Athletic Club,Barcelona,success,api,3775,97,1.524768461000349,,
3825567,2015-08-23,Sporting Gijón,Real Madrid,success,api,3767,90,1.647908583001481,,
3825568,2015-08-23,Real Betis,Villarreal,success,api,2671,94,2.0537823869999556,,
3825569,2015-08-23,Levante UD,Celta Vigo,success,api,3558,89,1.5173118710008566,,
3825570,2015-08-24,Granada,Eibar,success,api,3236,97,1.6968172729993967,,
3825571,2015-08-28,Villarreal,Espanyol,success,api,3307,94,1.6931646350003575,,
267422,2015-08-29,Barcelona,Málaga,success,api,3361,94,1.442402063001282,,
3825572,2015-08-29,Real Madrid,Real Betis,success,api,3430,95,1.5956622779995087,,
3825573,2015-08-29,Real Sociedad,Sporting Gijón,success,api,3436,90,1.5589975889997731,,
3825574,2015-08-29,Celta Vigo,Rayo Vallecano,success,api,3901,96,1.6275921779997589,,
3825575,2015-08-30,Las Palmas,Levante UD,success,api,3347,92,1.4920961280004121,,
3825576,2015-08-30,Valencia,RC Deportivo La Coruña,success,api,3178,93,1.7568755779993808,,
3825577,2015-08-30,Getafe,Granada,success,api,2757,93,1.6042535260003206,,
3825578,2015-08-30,Eibar,Athletic Club,success,api,3335,94,1.6988872560013988,,
3825579,2015-08-30,Sevilla,Atlético Madrid,success,api,3123,96,1.4469405749987345,,
3825580,2015-09-11,Levante UD,Sevilla,success,api,3119,99,2.258719334999114,,
266166,2015-09-12,Atlético Madrid,Barcelona,success,api,3967,95,1.5598761799992644,,
3825581,2015-09-12,Espanyol,Real Madrid,success,api,3600,96,1.496612881001056,,
3825582,2015-09-12,Real Betis,Real Sociedad,success,api,3137,94,1.637666951999563,,
3825583,2015-09-12,Sporting Gijón,Valencia,success,api,3823,96,1.4555123389982327,,
3825584,2015-09-13,Granada,Villarreal,success,api,2947,95,1.414972738999495,,
3825585,2015-09-13,Celta Vigo,Las Palmas,success,api,3734,100,1.673950145001072,,
3825586,2015-09-13,Málaga,Eibar,success,api,3144,95,1.3642725340014294,,
3825587,2015-09-13,Athletic Club,Getafe,success,api,3360,95,1.462060912999732,,
3825588,2015-09-14,Rayo Vallecano,RC Deportivo La Coruña,success,api,3450,93,1.5331482130004588,,
3825589,2015-09-18,Getafe,Málaga,success,api,3238,98,1.5531897250002658,,
3825590,2015-09-19,Real Madrid,Granada,success,api,3660,97,1.646092420000059,,
3825591,2015-09-19,Valencia,Real Betis,success,api,3299,92,1.4818359059991053,,
3825592,2015-09-19,Real Sociedad,Espanyol,success,api,3171,93,1.7789109160003136,,
3825593,2015-09-19,Eibar,Atlético Madrid,success,api,4205,95,1.514747974999409,,
266490,2015-09-20,Barcelona,Levante UD,success,api,3760,93,1.603248834000624,,
3825594,2015-09-20,Sevilla,Celta Vigo,success,api,3350,94,1.5456461670000863,,
3825595,2015-09-20,Villarreal,Athletic Club,success,api,3121,94,1.741470234001099,,
3825596,2015-09-20,RC Deportivo La Coruña,Sporting Gijón,success,api,3342,95,1.4709718039994186,,
3825597,2015-09-20,Las Palmas,Rayo Vallecano,success,api,3127,94,1.5711657109986845,,
3825598,2015-09-22,Atlético Madrid,Getafe,success,api,3592,92,1.4748574959994585,,
3825599,2015-09-22,Espanyol,Valencia,success,api,3116,93,1.5030471080008283,,
3825892,2015-09-22,Granada,Real Sociedad,success,api,3099,94,1.4556238090008264,,
266467,2015-09-23,Celta Vigo,Barcelona,success,api,3419,94,1.4255576979994657,,
3825600,2015-09-23,Málaga,Villarreal,success,api,3301,90,1.4914286460007133,,
3825601,2015-09-23,Rayo Vallecano,Sporting Gijón,success,api,3080,94,1.6350686810001207,,
3825602,2015-09-23,Athletic Club,Real Madrid,success,api,3677,94,1.6955343970003014,,
3825848,2015-09-23,Levante UD,Eibar,success,api,2614,95,1.4475139429996489,,
3825895,2015-09-23,Las Palmas,Sevilla,success,api,3126,93,1.5574426200000744,,
3825603,2015-09-24,Real Betis,RC Deportivo La Coruña,success,api,3334,91,1.5118961429998308,,
3825604,2015-09-25,Valencia,Granada,success,api,3048,95,1.6663845049988595,,
267611,2015-09-26,Barcelona,Las Palmas,success,api,3580,100,1.6573389419991145,,
3825605,2015-09-26,Sevilla,Rayo Vallecano,success,api,3220,94,1.773567203001221,,
3825606,2015-09-26,Real Madrid,Málaga,success,api,3517,95,1.7671881559999747,,
3825607,2015-09-26,Villarreal,Atlético Madrid,success,api,4016,94,1.5124615360000462,,
3825608,2015-09-26,Eibar,Celta Vigo,success,api,3609,96,1.3916823210001894,,
3825609,2015-09-27,Real Sociedad,Athletic Club,success,api,3197,94,1.5034348299996054,,
3825610,2015-09-27,Sporting Gijón,Real Betis,success,api,3549,94,1.6201956370005064,,
3825611,2015-09-27,RC Deportivo La Coruña,Espanyol,success,api,3364,93,1.6190138539986947,,
3825612,2015-09-27,Getafe,Levante UD,success,api,3307,93,1.5520798199995625,,
3825613,2015-10-02,Celta Vigo,Getafe,success,api,3266,93,1.4504753010005516,,
3825614,2015-10-03,Granada,RC Deportivo La Coruña,success,api,3060,96,1.55833145699944,,
3825615,2015-10-03,Espanyol,Sporting Gijón,success,api,3800,96,1.7706950829997368,,
3825616,2015-10-03,Málaga,Real Sociedad,success,api,3371,95,1.5248415989990463,,
3825617,2015-10-03,Sevilla,Barcelona,success,api,3212,95,1.45072436099872,,
3825618,2015-10-03,Las Palmas,Eibar,success,api,3722,94,1.5653521269996418,,
3825619,2015-10-04,Levante UD,Villarreal,success,api,3130,94,1.4665317270009837,,
3825620,2015-10-04,Rayo Vallecano,Real Betis,success,api,3379,95,1.596743283998876,,
3825621,2015-10-04,Atlético Madrid,Real Madrid,success,api,3949,92,1.523302309000428,,
3825622,2015-10-04,Athletic Club,Valencia,success,api,3395,95,1.8679279719999613,,
3825623,2015-10-17,Valencia,Málaga,success,api,3434,94,1.4570733459986513,,
3825624,2015-10-17,Eibar,Sevilla,success,api,3069,97,1.4264752079998289,,
3825625,2015-10-17,Real Madrid,Levante UD,success,api,3610,96,1.6251712760004011,,
3825626,2015-10-17,Real Betis,Espanyol,success,api,3269,95,1.4522875899983774,,
3825627,2015-10-17,Barcelona,Rayo Vallecano,success,api,3759,96,2.275677755000288,,
3825628,2015-10-18,Getafe,Las Palmas,success,api,3593,95,1.7556158879997383,,
3825629,2015-10-18,Villarreal,Celta Vigo,success,api,3521,97,1.4281692360000307,,
3825630,2015-10-18,RC Deportivo La Coruña,Athletic Club,success,api,3331,94,1.4191970260017115,,
3825631,2015-10-18,Real Sociedad,Atlético Madrid,success,api,3594,93,1.447392588999719,,
3825632,2015-10-19,Sporting Gijón,Granada,success,api,3063,95,1.484418480000386,,
3825633,2015-10-23,Rayo Vallecano,Espanyol,success,api,3135,96,2.074396270998477,,
3825634,2015-10-24,Granada,Real Betis,success,api,3411,97,1.5483718029990996,,
3825635,2015-10-24,Celta Vigo,Real Madrid,success,api,3803,97,2.6414688029999525,,
3825636,2015-10-24,Málaga,RC Deportivo La Coruña,success,api,3391,91,3.1442189480003435,,
3825874,2015-10-24,Sevilla,Getafe,success,api,3127,91,1.4498312679988885,,
3825637,2015-10-25,Barcelona,Eibar,success,api,3314,97,3.032532971001274,,
3825638,2015-10-25,Atlético Madrid,Valencia,success,api,3557,97,1.746543360999567,,
3825639,2015-10-25,Las Palmas,Villarreal,success,api,3644,87,1.5854071009998734,,
3825640,2015-10-25,Levante UD,Real Sociedad,success,api,2957,97,1.4176811690012983,,
3825641,2015-10-26,Athletic Club,Sporting Gijón,success,api,3454,102,1.4588195090000227,,
3825642,2015-10-30,RC Deportivo La Coruña,Atlético Madrid,success,api,4042,93,1.9170967919999384,,
3825643,2015-10-31,Real Madrid,Las Palmas,success,api,4185,94,1.791190756001015,,
3825644,2015-10-31,Real Sociedad,Celta Vigo,success,api,3277,98,1.4166162579986121,,
3825645,2015-10-31,Getafe,Barcelona,success,api,3795,92,1.6552150869993056,,
3825646,2015-10-31,Villarreal,Sevilla,success,api,3034,93,1.6322195660013676,,
3825647,2015-10-31,Valencia,Levante UD,success,api,2933,95,1.4254496760004258,,
3825648,2015-11-01,Eibar,Rayo Vallecano,success,api,3233,91,1.6526605359995301,,
3825649,2015-11-01,Sporting Gijón,Málaga,success,api,3235,95,1.415528710000217,,
3825650,2015-11-01,Real Betis,Athletic Club,success,api,3448,96,1.6309089940004924,,
3825651,2015-11-01,Espanyol,Granada,success,api,2755,96,1.8096975930002372,,
3825652,2015-11-06,Las Palmas,Real Sociedad,success,api,3538,92,1.468156867998914,,
3825653,2015-11-07,Eibar,Getafe,success,api,3179,97,1.5174241439999605,,
3825654,2015-11-07,Celta Vigo,Valencia,success,api,3025,94,1.4700247999990097,,
3825655,2015-11-07,Rayo Vallecano,Granada,success,api,2894,90,1.4122676340011822,,
3825656,2015-11-07,Levante UD,RC Deportivo La Coruña,success,api,3255,92,1.4499684000002162,,
3825657,2015-11-07,Málaga,Real Betis,success,api,3128,93,1.710776308998902,,
3825658,2015-11-08,Atlético Madrid,Sporting Gijón,success,api,3368,91,1.6826002210000297,,
3825659,2015-11-08,Athletic Club,Espanyol,success,api,2818,92,1.4127085729996907,,
3825660,2015-11-08,Barcelona,Villarreal,success,api,3588,96,1.4445931860009296,,
3825661,2015-11-08,Sevilla,Real Madrid,success,api,3868,96,1.8529524989990023,,
266424,2015-11-21,Real Madrid,Barcelona,success,api,3860,95,1.7255853970000317,,
3825662,2015-11-21,RC Deportivo La Coruña,Celta Vigo,success,api,3340,93,1.444715998999527,,
3825663,2015-11-21,Espanyol,Málaga,success,api,3143,95,1.4541210209990822,,
3825664,2015-11-21,Real Sociedad,Sevilla,success,api,3296,87,1.414174647999971,,
3825888,2015-11-21,Valencia,Las Palmas,success,api,3840,98,1.4589505750009266,,
3825665,2015-11-22,Granada,Athletic Club,success,api,2959,94,1.4795713499988778,,
3825666,2015-11-22,Real Betis,Atlético Madrid,success,api,4016,90,1.746024400999886,,
3825667,2015-11-22,Villarreal,Eibar,success,api,3224,97,1.501993122001295,,
3825668,2015-11-22,Sporting Gijón,Levante UD,success,api,3319,100,1.9088714609988529,,
3825669,2015-11-23,Getafe,Rayo Vallecano,success,api,3182,97,1.507469015999959,,
3825670,2015-11-27,Levante UD,Real Betis,success,api,3261,95,1.4220695719996002,,
266885,2015-11-28,Barcelona,Real Sociedad,success,api,3676,93,1.5061423180013662,,
3825671,2015-11-28,Celta Vigo,Sporting Gijón,success,api,3490,94,1.4719305010003154,,
3825672,2015-11-28,Málaga,Granada,success,api,2682,94,1.4125034589997085,,
3825673,2015-11-28,Las Palmas,RC Deportivo La Coruña,success,api,3585,90,1.2996122799995646,,
3825674,2015-11-28,Atlético Madrid,Espanyol,success,api,3537,96,1.5561256729997694,,
3825675,2015-11-29,Rayo Vallecano,Athletic Club,success,api,3280,97,1.4368190460008918,,
3825676,2015-11-29,Getafe,Villarreal,success,api,3086,95,1.5343647860008787,,
3825677,2015-11-29,Sevilla,Valencia,success,api,3306,91,1.4155629069991846,,
3825678,2015-11-29,Eibar,Real Madrid,success,api,3448,99,1.889273934000812,,
267274,2015-12-05,Valencia,Barcelona,success,api,3965,95,1.5978092700006528,,
3825679,2015-12-05,Real Betis,Celta Vigo,success,api,3078,96,1.6018023130000074,,
3825680,2015-12-05,RC Deportivo La Coruña,Sevilla,success,api,3296,91,1.6412775629996759,,
3825681,2015-12-05,Real Madrid,Getafe,success,api,3932,95,1.4896564669998043,,
3825682,2015-12-05,Granada,Atlético Madrid,success,api,3802,97,1.8071326119988953,,
3825683,2015-12-06,Real Sociedad,Eibar,success,api,3147,93,1.551561041000241,,
3825684,2015-12-06,Villarreal,Rayo Vallecano,success,api,3268,95,1.5895781380004337,,
3825685,2015-12-06,Sporting Gijón,Las Palmas,success,api,3192,94,1.6334359249995032,,
3825686,2015-12-06,Athletic Club,Málaga,success,api,3117,96,1.4201825590007502,,
3825687,2015-12-07,Espanyol,Levante UD,success,api,3316,93,1.4720315859995026,,
3825688,2015-12-11,Getafe,Real Sociedad,success,api,3311,94,1.8557789760016021,,
266961,2015-12-12,Barcelona,RC Deportivo La Coruña,success,api,3915,90,1.6533432209998864,,
3825689,2015-12-12,Celta Vigo,Espanyol,success,api,3220,94,1.468739596000887,,
3825690,2015-12-12,Las Palmas,Real Betis,success,api,3433,98,1.494495189999725,,
3825691,2015-12-12,Levante UD,Granada,success,api,3374,91,1.6246211170000606,,
3825692,2015-12-12,Sevilla,Sporting Gijón,success,api,3395,92,2.15614435399948,,
3825693,2015-12-13,Atlético Madrid,Athletic Club,success,api,3764,93,1.8933585489994584,,
3825694,2015-12-13,Eibar,Valencia,success,api,3034,94,1.6096696589993371,,
3825695,2015-12-13,Villarreal,Real Madrid,success,api,3634,94,2.1867748180011404,,
3825696,2015-12-13,Rayo Vallecano,Málaga,success,api,2916,98,1.4385111699994013,,
3825697,2015-12-19,Valencia,Getafe,success,api,3483,93,1.4921375840003748,,
3825698,2015-12-19,RC Deportivo La Coruña,Eibar,success,api,3338,93,1.428794684999957,,
3825699,2015-12-19,Real Betis,Sevilla,success,api,2786,91,2.053787718001331,,
3825891,2015-12-19,Espanyol,Las Palmas,success,api,3294,95,1.6053187839988823,,
3825700,2015-12-20,Real Madrid,Rayo Vallecano,success,api,3509,98,1.5148078600013832,,
3825701,2015-12-20,Málaga,Atlético Madrid,success,api,3457,94,1.4257165040016844,,
3825702,2015-12-20,Real Sociedad,Villarreal,success,api,3702,93,1.4035423080003966,,
3825703,2015-12-20,Athletic Club,Levante UD,success,api,3427,92,2.2714846880007826,,
3825704,2015-12-20,Granada,Celta Vigo,success,api,3271,95,1.6196449759991083,,
267327,2015-12-30,Barcelona,Real Betis,success,api,3497,96,1.543877860000066,,
3825705,2015-12-30,Eibar,Sporting Gijón,success,api,2832,96,1.4241338169995288,,
3825706,2015-12-30,Celta Vigo,Athletic Club,success,api,3758,95,1.569077374000699,,
3825707,2015-12-30,Las Palmas,Granada,success,api,3295,96,1.618762764001076,,
3825708,2015-12-30,Levante UD,Málaga,success,api,3032,98,1.4795162439986598,,
3825709,2015-12-30,Sevilla,Espanyol,success,api,3698,91,2.243476699000894,,
3825710,2015-12-30,Real Madrid,Real Sociedad,success,api,3767,98,1.4431302539996977,,
3825711,2015-12-30,Rayo Vallecano,Atlético Madrid,success,api,3062,94,1.4579987859997345,,
3825712,2015-12-30,Getafe,RC Deportivo La Coruña,success,api,3215,93,1.3990799960010918,,
3825713,2015-12-31,Villarreal,Valencia,success,api,3208,92,1.5449114409984759,,
266670,2016-01-02,Espanyol,Barcelona,success,api,3467,93,1.4231421509994107,,
3825714,2016-01-02,Atlético Madrid,Levante UD,success,api,3495,92,2.198216274000515,,
3825715,2016-01-02,Málaga,Celta Vigo,success,api,3155,98,2.1778136789998825,,
3825716,2016-01-03,Rayo Vallecano,Real Sociedad,success,api,2681,90,1.4930552290006744,,
3825717,2016-01-03,Granada,Sevilla,success,api,2706,92,1.6583826120004233,,
3825718,2016-01-03,Valencia,Real Madrid,success,api,3680,98,1.5558307409992267,,
3825719,2016-01-03,Athletic Club,Las Palmas,success,api,3717,97,1.6051159589987947,,
3825720,2016-01-03,Real Betis,Eibar,success,api,3354,93,1.7496179949994257,,
3825721,2016-01-03,RC Deportivo La Coruña,Villarreal,success,api,3376,89,1.6416585400002077,,
3825722,2016-01-04,Sporting Gijón,Getafe,success,api,3039,100,2.027541987001314,,
266620,2016-01-09,Barcelona,Granada,success,api,3948,95,1.5951921590003622,,
3825723,2016-01-09,Levante UD,Rayo Vallecano,success,api,3076,94,1.9830000500005553,,
3825724,2016-01-09,Real Madrid,RC Deportivo La Coruña,success,api,3851,98,1.743442941999092,,
3825725,2016-01-09,Getafe,Real Betis,success,api,3131,95,1.449776137000299,,
3825726,2016-01-09,Sevilla,Athletic Club,success,api,3465,96,1.476759156999833,,
3825727,2016-01-10,Eibar,Espanyol,success,api,3195,98,1.4892125360001955,,
3825728,2016-01-10,Celta Vigo,Atlético Madrid,success,api,3860,98,1.6083714989999862,,
3825729,2016-01-10,Villarreal,Sporting Gijón,success,api,3686,96,1.6423220750002656,,
3825730,2016-01-10,Real Sociedad,Valencia,success,api,3581,96,1.6748286290003307,,
3825731,2016-01-10,Las Palmas,Málaga,success,api,3629,96,1.471452601999772,,
3825732,2016-01-16,Celta Vigo,Levante UD,success,api,3539,94,1.4328374619999522,,
3825733,2016-01-16,Sevilla,Málaga,success,api,3133,94,1.4739185199996427,,
3825734,2016-01-16,Real Sociedad,RC Deportivo La Coruña,success,api,3794,93,1.502045516999715,,
3825735,2016-01-16,Villarreal,Real Betis,success,api,3934,97,1.7378532380007528,,
266149,2016-01-17,Barcelona,Athletic Club,success,api,3529,93,2.11554275600065,,
3825736,2016-01-17,Valencia,Rayo Vallecano,success,api,3475,97,1.4192725510001765,,
3825737,2016-01-17,Getafe,Espanyol,success,api,3417,95,1.5474720780002826,,
3825738,2016-01-17,Las Palmas,Atlético Madrid,success,api,4156,95,1.654504864000046,,
3825739,2016-01-17,Real Madrid,Sporting Gijón,success,api,3947,97,1.4914390020003339,,
3825740,2016-01-18,Eibar,Granada,success,api,2782,95,1.5961077560004924,,
3825741,2016-01-22,Sporting Gijón,Real Sociedad,success,api,3147,94,1.9498648589997174,,
265894,2016-01-23,Málaga,Barcelona,success,api,3270,99,1.4707817189992056,,
3825742,2016-01-23,Granada,Getafe,success,api,3355,96,1.4439971040010278,,
3825743,2016-01-23,Rayo Vallecano,Celta Vigo,success,api,2754,101,1.4374262469991663,,
3825744,2016-01-23,Espanyol,Villarreal,success,api,3403,95,1.4732879339990177,,
3825745,2016-01-24,RC Deportivo La Coruña,Valencia,success,api,3396,92,1.4270992210003897,,
3825746,2016-01-24,Real Betis,Real Madrid,success,api,3834,95,1.4664510679995146,,
3825747,2016-01-24,Athletic Club,Eibar,success,api,3199,92,1.5100046890001977,,
3825748,2016-01-24,Atlético Madrid,Sevilla,success,api,3106,97,2.0908228490006877,,
3825749,2016-01-25,Levante UD,Las Palmas,success,api,3478,93,1.415278970000145,,
267576,2016-01-30,Barcelona,Atlético Madrid,success,api,3784,93,1.2777463999991596,,
3825750,2016-01-30,Real Sociedad,Real Betis,success,api,3673,95,2.253383241000847,,
3825751,2016-01-30,Getafe,Athletic Club,success,api,3292,97,1.4437058610001259,,
3825752,2016-01-30,Eibar,Málaga,success,api,3031,90,1.515915486999802,,
3825753,2016-01-30,Villarreal,Granada,success,api,3429,90,1.4280010599995876,,
3825754,2016-01-31,Las Palmas,Celta Vigo,success,api,3353,97,1.5714507139982743,,
3825755,2016-01-31,Valencia,Sporting Gijón,success,api,3294,97,1.5197472240015486,,
3825756,2016-01-31,Sevilla,Levante UD,success,api,3364,99,1.4531157460005488,,
3825757,2016-01-31,Real Madrid,Espanyol,success,api,3851,95,1.6021087579993036,,
3825758,2016-02-01,RC Deportivo La Coruña,Rayo Vallecano,success,api,3115,95,1.4905833590000839,,
3825759,2016-02-05,Málaga,Getafe,success,api,3587,97,1.4323054750002484,,
3825760,2016-02-06,Atlético Madrid,Eibar,success,api,3079,94,1.3609231730006286,,
3825761,2016-02-06,Athletic Club,Villarreal,success,api,3466,90,1.5838873350003269,,
3825762,2016-02-06,Sporting Gijón,RC Deportivo La Coruña,success,api,3119,97,1.518089905999659,,
3825763,2016-02-06,Rayo Vallecano,Las Palmas,success,api,3440,99,2.3251781100007065,,
266160,2016-02-07,Levante UD,Barcelona,success,api,3513,92,1.4959805979997327,,
3825764,2016-02-07,Granada,Real Madrid,success,api,3802,92,1.534488118999434,,
3825765,2016-02-07,Celta Vigo,Sevilla,success,api,3451,93,1.4757040620006592,,
3825766,2016-02-07,Real Betis,Valencia,success,api,2885,97,2.2826457580013084,,
3825767,2016-02-08,Espanyol,Real Sociedad,success,api,3388,91,1.4278391870011546,,
3825768,2016-02-12,Sporting Gijón,Rayo Vallecano,success,api,3451,93,1.5749679479995393,,
3825769,2016-02-13,Villarreal,Málaga,success,api,3486,94,1.3964225859999715,,
3825770,2016-02-13,Real Madrid,Athletic Club,success,api,3793,97,1.6122347299988178,,
3825771,2016-02-13,RC Deportivo La Coruña,Real Betis,success,api,3070,97,1.5353057199990872,,
3825772,2016-02-13,Valencia,Espanyol,success,api,2839,96,1.4450660339989554,,
266254,2016-02-14,Barcelona,Celta Vigo,success,api,3541,100,1.5865712060003716,,
3825773,2016-02-14,Eibar,Levante UD,success,api,3261,103,1.3007100630002242,,
3825774,2016-02-14,Getafe,Atlético Madrid,success,api,4064,94,1.454471596998701,,
3825775,2016-02-14,Real Sociedad,Granada,success,api,3133,94,1.4214245149996714,,
3825776,2016-02-14,Sevilla,Las Palmas,success,api,3469,93,1.5598358779989212,,
266815,2016-02-17,Sporting Gijón,Barcelona,success,api,3771,95,1.4410859950003214,,
3825777,2016-02-19,Levante UD,Getafe,success,api,3061,97,1.5057550270012143,,
267273,2016-02-20,Las Palmas,Barcelona,success,api,4091,93,1.4044899869986693,,
3825778,2016-02-20,Real Betis,Sporting Gijón,success,api,3260,98,1.7012582209990796,,
3825779,2016-02-20,Celta Vigo,Eibar,success,api,3208,94,1.6219701589998294,,
3825780,2016-02-20,Espanyol,RC Deportivo La Coruña,success,api,3380,94,1.3049613540006249,,
3825781,2016-02-21,Rayo Vallecano,Sevilla,success,api,2810,94,1.5406932269997924,,
3825782,2016-02-21,Granada,Valencia,success,api,3618,95,2.403744666999046,,
3825783,2016-02-21,Athletic Club,Real Sociedad,success,api,3026,94,1.576166924998688,,
3825784,2016-02-21,Atlético Madrid,Villarreal,success,api,3661,91,1.5023774500004947,,
3825785,2016-02-21,Málaga,Real Madrid,success,api,3145,94,1.3664334519999102,,
3825786,2016-02-26,Eibar,Las Palmas,success,api,3440,94,1.41872541200064,,
3825787,2016-02-27,Real Madrid,Atlético Madrid,success,api,4022,88,1.5479399539999577,,
3825788,2016-02-27,Getafe,Celta Vigo,success,api,3191,95,1.5504442760011443,,
3825789,2016-02-27,Real Sociedad,Málaga,success,api,3171,96,1.4208302790011658,,
3825790,2016-02-27,Sporting Gijón,Espanyol,success,api,3198,96,1.456679090999387,,
3825791,2016-02-27,Real Betis,Rayo Vallecano,success,api,3025,92,1.389508262000163,,
265839,2016-02-28,Barcelona,Sevilla,success,api,3841,99,1.4233298110011674,,
3825792,2016-02-28,RC Deportivo La Coruña,Granada,success,api,3566,93,1.4733875389993045,,
3825793,2016-02-28,Valencia,Athletic Club,success,api,3741,92,1.446294986999419,,
3825794,2016-02-28,Villarreal,Levante UD,success,api,3595,88,1.4328310509990843,,
3825795,2016-03-01,Atlético Madrid,Real Sociedad,success,api,4326,92,1.4712468220004666,,
3825796,2016-03-01,Las Palmas,Getafe,success,api,3392,91,1.5741171999998187,,
3825797,2016-03-02,Athletic Club,RC Deportivo La Coruña,success,api,3745,90,1.4679183379994356,,
3825798,2016-03-02,Levante UD,Real Madrid,success,api,3683,95,1.4481800510002358,,
3825799,2016-03-02,Málaga,Valencia,success,api,3367,97,1.443431600000622,,
3825800,2016-03-02,Celta Vigo,Villarreal,success,api,3569,88,1.4345023550013138,,
3825801,2016-03-02,Sevilla,Eibar,success,api,3346,93,2.394090898000286,,
266653,2016-03-03,Rayo Vallecano,Barcelona,success,api,3221,99,1.576077374000306,,
3825802,2016-03-03,Espanyol,Real Betis,success,api,3182,92,1.5116831380000804,,
3825803,2016-03-03,Granada,Sporting Gijón,success,api,3292,95,2.0005963709991192,,
3825804,2016-03-05,RC Deportivo La Coruña,Málaga,success,api,3249,95,1.4263638590000483,,
3825805,2016-03-05,Villarreal,Las Palmas,success,api,4197,89,1.661442545000682,,
3825806,2016-03-05,Real Madrid,Celta Vigo,success,api,3895,98,1.5756902410012117,,
3825867,2016-03-05,Getafe,Sevilla,success,api,3068,95,1.442749931000435,,
266056,2016-03-06,Eibar,Barcelona,success,api,3923,101,1.4129337320009654,,
3825807,2016-03-06,Valencia,Atlético Madrid,success,api,3892,99,1.5981720729996596,,
3825808,2016-03-06,Sporting Gijón,Athletic Club,success,api,3575,94,1.4711625130003085,,
3825809,2016-03-06,Real Betis,Granada,success,api,2961,96,1.5137397100006638,,
3825810,2016-03-06,Real Sociedad,Levante UD,success,api,3398,94,1.6626576439994096,,
3825811,2016-03-07,Espanyol,Rayo Vallecano,success,api,3190,95,1.3167986080006813,,
3825812,2016-03-11,Málaga,Sporting Gijón,success,api,3505,97,1.5114635740010272,,
266498,2016-03-12,Barcelona,Getafe,success,api,3755,98,1.5087044210013119,,
3825813,2016-03-12,Atlético Madrid,RC Deportivo La Coruña,success,api,3560,90,1.3985032040000078,,
3825814,2016-03-12,Celta Vigo,Real Sociedad,success,api,3403,93,1.4037991069999407,,
3825858,2016-03-12,Rayo Vallecano,Eibar,success,api,2846,93,1.4814137989997107,,
3825815,2016-03-13,Levante UD,Valencia,success,api,3318,90,1.5323515649997717,,
3825816,2016-03-13,Sevilla,Villarreal,success,api,3176,92,1.4379811599992536,,
3825844,2016-03-13,Athletic Club,Real Betis,success,api,3952,93,2.369027366999944,,
3825879,2016-03-13,Las Palmas,Real Madrid,success,api,3659,97,1.5927616499993746,,
3825881,2016-03-14,Granada,Espanyol,success,api,2919,94,1.563118754000243,,
3825817,2016-03-18,Getafe,Eibar,success,api,3140,94,1.6050422649987013,,
3825818,2016-03-19,Real Sociedad,Las Palmas,success,api,3326,97,1.5991590270004963,,
3825880,2016-03-19,RC Deportivo La Coruña,Levante UD,success,api,3346,92,1.476088269999309,,
3825887,2016-03-19,Granada,Rayo Vallecano,success,api,3042,95,1.4683471770003962,,
3825903,2016-03-19,Real Betis,Málaga,success,api,3671,95,1.5537493550000363,,
3825907,2016-03-19,Sporting Gijón,Atlético Madrid,success,api,3581,96,1.6662828230000741,,
266106,2016-03-20,Villarreal,Barcelona,success,api,3620,96,1.5576607160001004,,
3825819,2016-03-20,Valencia,Celta Vigo,success,api,3729,99,1.6040364380005485,,
3825820,2016-03-20,Real Madrid,Sevilla,success,api,3576,95,1.6015434629989613,,
3825821,2016-03-20,Espanyol,Athletic Club,success,api,3356,91,1.4245504869995784,,
3825885,2016-04-01,Rayo Vallecano,Getafe,success,api,2853,100,1.3434908910003287,,
267533,2016-04-02,Barcelona,Real Madrid,success,api,3700,94,1.3993131699990045,,
3825822,2016-04-02,Las Palmas,Valencia,success,api,3829,95,1.4418283060003887,,
3825872,2016-04-02,Atlético Madrid,Real Betis,success,api,3605,94,1.4681113460010238,,
3825898,2016-04-02,Celta Vigo,RC Deportivo La Coruña,success,api,3263,93,1.492596551999668,,
3825823,2016-04-03,Sevilla,Real Sociedad,success,api,3295,96,1.4406133140000748,,
3825824,2016-04-03,Eibar,Villarreal,success,api,3669,99,1.5647543480008608,,
3825877,2016-04-03,Athletic Club,Granada,success,api,3242,101,1.4853611350008578,,
3825905,2016-04-03,Málaga,Espanyol,success,api,3257,92,1.663989816001049,,
3825825,2016-04-04,Levante UD,Sporting Gijón,success,api,3096,92,1.4483368940000219,,
3825826,2016-04-08,Granada,Málaga,success,api,3231,96,2.3316865180004243,,
266664,2016-04-09,Real Sociedad,Barcelona,success,api,3618,94,1.5484021350002877,,
3825827,2016-04-09,Real Betis,Levante UD,success,api,3400,90,1.6006310640004813,,
3825828,2016-04-09,Espanyol,Atlético Madrid,success,api,3293,95,1.4949625199988077,,
3825856,2016-04-09,Real Madrid,Eibar,success,api,3411,96,1.5055692610003462,,
3825829,2016-04-10,Athletic Club,Rayo Vallecano,success,api,3752,90,1.4802312609990622,,
3825830,2016-04-10,Villarreal,Getafe,success,api,3144,91,1.4859615770001255,,
3825831,2016-04-10,Valencia,Sevilla,success,api,3148,95,1.359339747001286,,
3825832,2016-04-10,Sporting Gijón,Celta Vigo,success,api,3259,92,1.5500986169990938,,
3825863,2016-04-11,RC Deportivo La Coruña,Las Palmas,success,api,3600,95,1.576631133999399,,
3825857,2016-04-15,Levante UD,Espanyol,success,api,2968,92,1.5344669999994949,,
3825833,2016-04-16,Getafe,Real Madrid,success,api,3322,93,1.4927891710012773,,
3825852,2016-04-16,Las Palmas,Sporting Gijón,success,api,3511,90,1.4315933329999098,,
3825889,2016-04-16,Celta Vigo,Real Betis,success,api,3541,96,1.539970894000362,,
3825897,2016-04-16,Eibar,Real Sociedad,success,api,3145,93,1.6269506360004016,,
266557,2016-04-17,Barcelona,Valencia,success,api,3630,93,1.8131396699991456,,
3825834,2016-04-17,Atlético Madrid,Granada,success,api,3477,97,1.900931969001249,,
3825835,2016-04-17,Málaga,Athletic Club,success,api,3118,95,1.5000468509988423,,
3825836,2016-04-17,Rayo Vallecano,Villarreal,success,api,3547,95,1.4924353710011928,,
3825906,2016-04-17,Sevilla,RC Deportivo La Coruña,success,api,3430,98,1.4436572260001412,,
3825837,2016-04-19,Real Betis,Las Palmas,success,api,3515,95,1.5045396789992083,,
3825862,2016-04-19,Espanyol,Celta Vigo,success,api,4090,92,1.438201481998476,,
266310,2016-04-20,RC Deportivo La Coruña,Barcelona,success,api,3922,93,1.435467000999779,,
3825838,2016-04-20,Athletic Club,Atlético Madrid,success,api,3966,94,1.4784875870009273,,
3825839,2016-04-20,Sporting Gijón,Sevilla,success,api,3397,94,1.4757691800004977,,
3825840,2016-04-20,Valencia,Eibar,success,api,3625,96,1.5153622859997995,,
3825843,2016-04-20,Málaga,Rayo Vallecano,success,api,3071,94,2.466696317998867,,
3825893,2016-04-20,Real Madrid,Villarreal,success,api,4103,93,1.624579747000098,,
3825841,2016-04-21,Real Sociedad,Getafe,success,api,3528,95,1.418052388000433,,
3825896,2016-04-21,Granada,Levante UD,success,api,2855,101,1.4334874889991625,,
3825871,2016-04-22,Las Palmas,Espanyol,success,api,3853,93,1.4192625420000695,,
265944,2016-04-23,Barcelona,Sporting Gijón,success,api,3610,96,1.4740058200004569,,
3825847,2016-04-23,Eibar,RC Deportivo La Coruña,success,api,3524,93,1.6054727709997678,,
3825886,2016-04-23,Rayo Vallecano,Real Madrid,success,api,3534,96,1.561672420000832,,
3825890,2016-04-23,Atlético Madrid,Málaga,success,api,3337,97,1.4943751899991184,,
3825842,2016-04-24,Levante UD,Athletic Club,success,api,3005,89,1.7195465989989316,,
3825875,2016-04-24,Villarreal,Real Sociedad,success,api,3553,97,1.553324259000874,,
3825884,2016-04-24,Sevilla,Real Betis,success,api,2825,92,1.3220188629984477,,
3825899,2016-04-24,Getafe,Valencia,success,api,3366,96,2.5995957979994273,,
3825868,2016-04-25,Celta Vigo,Granada,success,api,3346,96,1.6656111939992115,,
3825854,2016-04-29,Sporting Gijón,Eibar,success,api,3228,94,1.4831746279996878,,
266986,2016-04-30,Real Betis,Barcelona,success,api,3779,91,1.702724250000756,,
3825859,2016-04-30,Granada,Las Palmas,success,api,3521,93,1.49514777100012,,
3825864,2016-04-30,Real Sociedad,Real Madrid,success,api,3499,89,1.500453295000625,,
3825878,2016-04-30,Atlético Madrid,Rayo Vallecano,success,api,3404,92,1.461553625000306,,
3825845,2016-05-01,Espanyol,Sevilla,success,api,3157,96,1.5987939620008547,,
3825870,2016-05-01,Athletic Club,Celta Vigo,success,api,3044,100,1.4495744219984772,,
3825873,2016-05-01,Valencia,Villarreal,success,api,3890,91,1.4408625410014793,,
3825894,2016-05-01,RC Deportivo La Coruña,Getafe,success,api,3183,92,1.4076709750006557,,
3825855,2016-05-02,Málaga,Levante UD,success,api,3025,93,1.8143507040003897,,
265958,2016-05-08,Barcelona,Espanyol,success,api,3359,91,1.4722061960001156,,
3825850,2016-05-08,Celta Vigo,Málaga,success,api,3527,96,1.4108436900005472,,
3825851,2016-05-08,Villarreal,RC Deportivo La Coruña,success,api,3352,88,1.4533306479988823,,
3825853,2016-05-08,Sevilla,Granada,success,api,3101,95,2.778099769999244,,
3825860,2016-05-08,Levante UD,Atlético Madrid,success,api,3819,93,1.5956126210003276,,
3825861,2016-05-08,Real Sociedad,Rayo Vallecano,success,api,3296,92,1.6354814149999584,,
3825865,2016-05-08,Getafe,Sporting Gijón,success,api,2904,99,1.7148139469991293,,
3825866,2016-05-08,Las Palmas,Athletic Club,success,api,3913,92,1.59881414299889,,
3825901,2016-05-08,Real Madrid,Valencia,success,api,4191,100,2.5102323750015785,,
3825904,2016-05-08,Eibar,Real Betis,success,api,3605,95,1.450235018000967,,
3825849,2016-05-13,Valencia,Real Sociedad,success,api,3533,91,1.4841513789997407,,
267506,2016-05-14,Granada,Barcelona,success,api,3287,93,1.3106457920002867,,
3825846,2016-05-14,RC Deportivo La Coruña,Real Madrid,success,api,4126,93,1.4628536279997206,,
3825869,2016-05-14,Athletic Club,Sevilla,success,api,3501,98,1.3968972860002395,,
3825882,2016-05-14,Atlético Madrid,Celta Vigo,success,api,3816,93,1.5021433319998323,,
3825876,2016-05-15,Real Betis,Getafe,success,api,3269,94,1.3790011100008996,,
3825883,2016-05-15,Málaga,Las Palmas,success,api,3311,93,2.66234245799933,,
3825900,2016-05-15,Sporting Gijón,Villarreal,success,api,3798,88,1.4913548290005565,,
3825902,2016-05-15,Rayo Vallecano,Levante UD,success,api,3599,97,1.6261918370000785,,
3825908,2016-05-15,Espanyol,Eibar,success,api,3273,95,1.5261341850000463,,
