match_id,match_date,home_team,away_team,all_pass_events,completed_passes_with_coordinates,completed_passes_missing_coordinates,completed_passes_invalid_zones,possession_sequences,spatial_possession_sequences,same_period_consecutive_pairs,between_team_pairs,excluded_missing_spatial_pairs,excluded_invalid_boundary_pairs,valid_spatial_transitions,home_to_away_transitions,away_to_home_transitions,home_passing_edges,away_passing_edges,home_to_away_edges,away_to_home_edges,supra_total_weight,supra_active_edges,dominant_eigenvalue,centrality_residual,status,elapsed_seconds,error_type,error_message
3825562,2015-08-21,Málaga,Sevilla,771,572,0,0,177,175,175,120,0,0,120,60,60,123,119,32,29,692,303,23.255492732618215,6.439293542825908e-15,success,0.48053337399869633,,
3825563,2015-08-22,Atlético Madrid,Las Palmas,1098,870,0,0,178,176,176,114,1,0,113,56,57,139,115,27,33,983,314,46.1826793959972,1.687538997430238e-14,success,0.49282827400020324,,
3825564,2015-08-22,RC Deportivo La Coruña,Real Sociedad,961,701,0,0,229,227,227,133,1,0,132,66,66,143,119,40,38,833,340,30.226038377074328,7.549516567451064e-15,success,0.6070463960004417,,
3825565,2015-08-22,Espanyol,Getafe,904,672,0,0,204,202,202,128,0,0,128,64,64,89,129,39,31,800,288,41.79882891628308,1.4210854715202004e-14,success,0.5491714009986026,,
3825566,2015-08-22,Rayo Vallecano,Valencia,870,631,0,0,197,195,195,118,2,0,116,58,58,132,121,36,36,747,325,30.460258888632303,9.769962616701378e-15,success,0.5372953170008259,,
266236,2015-08-23,Athletic Club,Barcelona,1089,811,0,0,170,168,168,107,0,0,107,54,53,98,156,31,34,918,319,43.382183738416906,7.993605777301127e-15,success,0.4796321350004291,,
3825567,2015-08-23,Sporting Gijón,Real Madrid,1047,799,0,0,178,176,176,122,1,0,121,60,61,97,141,29,31,920,298,44.69516680901702,1.7763568394002505e-14,success,0.4999755280005047,,
3825568,2015-08-23,Real Betis,Villarreal,740,515,0,0,205,203,203,120,1,0,119,59,60,116,86,34,36,634,272,33.46401892263309,3.375077994860476e-14,success,0.5439807610000571,,
3825569,2015-08-23,Levante UD,Celta Vigo,1018,813,0,0,161,159,159,94,0,0,94,47,47,105,154,29,26,907,314,49.894895742141735,1.5987211554602254e-14,success,0.45121629899949767,,
3825570,2015-08-24,Granada,Eibar,935,677,0,0,219,217,217,144,0,0,144,72,72,134,113,39,44,821,330,31.29201949543534,3.9968028886505635e-15,success,0.5905860069997289,,
3825571,2015-08-28,Villarreal,Espanyol,945,708,0,0,202,200,200,137,1,0,136,68,68,133,106,37,39,844,315,38.61575852125468,4.6629367034256575e-15,success,0.5583238359995448,,
267422,2015-08-29,Barcelona,Málaga,956,757,0,0,192,190,190,120,0,0,120,60,60,154,81,28,36,877,299,45.90197376890515,7.993605777301127e-15,success,0.5451996839983622,,
3825572,2015-08-29,Real Madrid,Real Betis,1021,840,0,0,176,174,174,111,1,0,110,55,55,149,107,29,39,950,324,50.07272164435335,1.5987211554602254e-14,success,0.5015814959988347,,
3825573,2015-08-29,Real Sociedad,Sporting Gijón,972,727,0,0,201,199,199,123,2,0,121,61,60,133,109,32,35,848,309,32.83286823158301,4.884981308350689e-15,success,0.5753631480001786,,
3825574,2015-08-29,Celta Vigo,Rayo Vallecano,1133,895,0,0,198,196,196,136,0,0,136,68,68,152,109,37,37,1031,335,52.24160665075882,2.1760371282653068e-14,success,0.5676979780000693,,
3825575,2015-08-30,Las Palmas,Levante UD,911,660,0,0,191,189,189,123,1,0,122,61,61,139,90,35,36,782,300,34.117194085254354,9.325873406851315e-15,success,0.5370106480004324,,
3825576,2015-08-30,Valencia,RC Deportivo La Coruña,896,656,0,0,195,193,193,118,2,0,116,58,58,145,112,36,30,772,323,28.979212629174764,3.9968028886505635e-15,success,0.5549030679994758,,
3825577,2015-08-30,Getafe,Granada,733,520,0,0,202,200,200,112,1,0,111,55,56,125,101,29,33,631,288,25.790624140017986,2.042810365310288e-14,success,0.5696538240008522,,
3825578,2015-08-30,Eibar,Athletic Club,950,677,0,0,197,195,195,128,1,0,127,63,64,120,142,38,36,804,336,31.978324481822412,1.1102230246251565e-14,success,0.5465418130006583,,
3825579,2015-08-30,Sevilla,Atlético Madrid,882,676,0,0,213,211,211,121,0,0,121,61,60,153,104,36,36,797,329,27.762415486036097,7.549516567451064e-15,success,0.5802097449995927,,
3825580,2015-09-11,Levante UD,Sevilla,887,653,0,0,200,198,198,126,2,0,124,62,62,134,124,41,36,777,335,28.815843711127194,1.7763568394002505e-14,success,0.5717681019996235,,
266166,2015-09-12,Atlético Madrid,Barcelona,1108,930,0,0,176,174,174,116,2,0,114,57,57,112,165,34,36,1044,347,44.40711121659184,1.1102230246251565e-14,success,0.5438582269998733,,
3825581,2015-09-12,Espanyol,Real Madrid,1041,871,0,0,177,175,175,114,0,0,114,57,57,136,139,36,34,985,345,39.08342917773169,1.5987211554602254e-14,success,0.49970659999962663,,
3825582,2015-09-12,Real Betis,Real Sociedad,875,658,0,0,179,177,177,112,0,0,112,56,56,114,142,36,31,770,323,34.364595617125964,9.325873406851315e-15,success,0.4922696760004328,,
3825583,2015-09-12,Sporting Gijón,Valencia,1059,822,0,0,225,223,223,150,1,0,149,74,75,114,151,42,41,971,348,37.61055954617722,9.769962616701378e-15,success,0.6077579329994478,,
3825584,2015-09-13,Granada,Villarreal,822,605,0,0,210,208,208,112,0,0,112,56,56,134,112,37,36,717,319,30.582428558131472,2.3092638912203256e-14,success,0.5758793700006208,,
3825585,2015-09-13,Celta Vigo,Las Palmas,1074,883,0,0,199,197,197,121,1,0,120,60,60,144,99,28,36,1003,307,52.857157189742466,2.942091015256665e-14,success,0.5526420139995025,,
3825586,2015-09-13,Málaga,Eibar,861,599,0,0,208,206,206,137,0,0,137,69,68,136,117,32,41,736,326,24.795043703183275,7.549516567451064e-15,success,0.5990778940013115,,
3825587,2015-09-13,Athletic Club,Getafe,965,696,0,0,208,206,206,126,2,0,124,62,62,135,126,36,42,820,339,29.62646240551393,4.884981308350689e-15,success,0.5838609280017408,,
3825588,2015-09-14,Rayo Vallecano,RC Deportivo La Coruña,1010,739,0,0,226,224,224,139,0,0,139,70,69,140,125,37,38,878,340,36.32246877383896,8.43769498715119e-15,success,0.6255657759993483,,
3825589,2015-09-18,Getafe,Málaga,869,631,0,0,219,217,217,142,1,0,141,70,71,103,131,38,41,772,313,29.093276012742667,3.9968028886505635e-15,success,0.6208987070003786,,
3825590,2015-09-19,Real Madrid,Granada,1008,840,0,0,204,202,202,134,1,0,133,66,67,153,113,36,37,973,339,43.069690873283946,7.105427357601002e-15,success,0.5830035569997563,,
3825591,2015-09-19,Valencia,Real Betis,924,718,0,0,187,185,185,122,1,0,121,60,61,150,89,38,37,839,314,33.78472030872777,3.552713678800501e-15,success,0.554849510999702,,
3825592,2015-09-19,Real Sociedad,Espanyol,901,681,0,0,194,192,192,120,1,0,119,59,60,120,124,31,34,800,309,32.5998736849018,1.0658141036401503e-14,success,0.5652072960001533,,
3825593,2015-09-19,Eibar,Atlético Madrid,1216,938,0,0,209,207,207,132,1,0,131,65,66,134,146,38,38,1069,356,41.223341855590846,8.43769498715119e-15,success,0.6243132359995798,,
266490,2015-09-20,Barcelona,Levante UD,1040,870,0,0,201,199,199,130,1,0,129,64,65,162,107,32,41,999,342,64.6749816295023,2.842170943040401e-14,success,0.5946145690013509,,
3825594,2015-09-20,Sevilla,Celta Vigo,922,721,0,0,180,178,178,114,1,0,113,56,57,135,143,31,35,834,344,32.18439685461995,9.325873406851315e-15,success,0.5124980130003678,,
3825595,2015-09-20,Villarreal,Athletic Club,891,618,0,0,200,198,198,122,2,0,120,60,60,120,133,36,34,738,323,25.740841902284686,4.440892098500626e-15,success,0.5628675099997054,,
3825596,2015-09-20,RC Deportivo La Coruña,Sporting Gijón,937,688,0,0,197,195,195,120,0,0,120,60,60,156,113,37,34,808,340,29.87814614287318,1.3766765505351941e-14,success,0.5661414410005818,,
3825597,2015-09-20,Las Palmas,Rayo Vallecano,868,583,0,0,218,216,216,142,1,0,141,70,71,115,116,38,43,724,312,24.593386330827347,3.3306690738754696e-15,success,0.615894450000269,,
3825598,2015-09-22,Atlético Madrid,Getafe,1015,810,0,0,180,178,178,113,0,0,113,57,56,141,133,37,33,923,344,33.954221078946254,1.4210854715202004e-14,success,0.5095234159998654,,
3825599,2015-09-22,Espanyol,Valencia,826,634,0,0,200,198,198,113,1,0,112,56,56,119,128,32,32,746,311,28.839443548029077,6.217248937900877e-15,success,0.5629735930015158,,
3825892,2015-09-22,Granada,Real Sociedad,883,606,0,0,236,234,234,141,1,0,140,70,70,120,120,41,49,746,330,24.109179870198,6.661338147750939e-15,success,0.6393513919992984,,
266467,2015-09-23,Celta Vigo,Barcelona,931,726,0,0,185,183,183,122,0,0,122,61,61,128,137,33,36,848,334,32.583829551836054,5.773159728050814e-15,success,0.5100826859998051,,
3825600,2015-09-23,Málaga,Villarreal,943,663,0,0,203,201,201,125,0,0,125,63,62,141,108,42,33,788,324,29.0938588154165,3.83026943495679e-15,success,0.5725743210005021,,
3825601,2015-09-23,Rayo Vallecano,Sporting Gijón,872,631,0,0,195,193,193,130,0,0,130,65,65,144,96,34,45,761,319,29.46925390248748,1.687538997430238e-14,success,0.5483876849993976,,
3825602,2015-09-23,Athletic Club,Real Madrid,1074,872,0,0,186,184,184,123,2,0,121,61,60,131,139,38,40,993,348,42.53666979119807,1.6431300764452317e-14,success,0.556849513999623,,
3825848,2015-09-23,Levante UD,Eibar,910,631,0,0,208,206,206,125,2,0,123,62,61,130,107,35,40,754,312,38.77113031900329,1.7763568394002505e-14,success,0.5962286699996184,,
3825895,2015-09-23,Las Palmas,Sevilla,897,626,0,0,200,198,198,135,1,0,134,67,67,106,139,41,36,760,322,28.285801220840234,8.43769498715119e-15,success,0.565110569999888,,
3825603,2015-09-24,Real Betis,RC Deportivo La Coruña,938,699,0,0,191,189,189,121,1,0,120,60,60,144,120,34,37,819,335,35.93479269020381,6.217248937900877e-15,success,0.5300729720001982,,
3825604,2015-09-25,Valencia,Granada,801,599,0,0,213,211,211,125,1,0,124,62,62,124,131,33,39,723,327,24.672871441387507,9.325873406851315e-15,success,0.6040489269998943,,
267611,2015-09-26,Barcelona,Las Palmas,1001,814,0,0,182,180,180,119,1,0,118,59,59,155,104,28,36,932,323,43.330844246823176,1.0658141036401503e-14,success,0.5119545540001127,,
3825605,2015-09-26,Sevilla,Rayo Vallecano,914,704,0,0,203,201,201,119,2,0,117,59,58,137,134,35,32,821,338,30.15753818153811,1.2434497875801753e-14,success,0.5567682260007132,,
3825606,2015-09-26,Real Madrid,Málaga,1033,853,0,0,209,207,207,131,2,0,129,65,64,163,97,29,35,982,324,47.10131772428886,7.993605777301127e-15,success,0.5909446160003426,,
3825607,2015-09-26,Villarreal,Atlético Madrid,1136,884,0,0,201,199,199,130,1,0,129,64,65,139,146,30,32,1013,347,35.67094323281823,5.329070518200751e-15,success,0.5917658400012442,,
3825608,2015-09-26,Eibar,Celta Vigo,990,715,0,0,203,201,201,133,1,0,132,66,66,101,151,40,35,847,327,39.68132177885285,5.329070518200751e-15,success,0.564825737999854,,
3825609,2015-09-27,Real Sociedad,Athletic Club,895,602,0,0,218,216,216,139,0,0,139,70,69,117,130,38,35,741,320,26.45231263760348,3.9968028886505635e-15,success,0.5921972939995612,,
3825610,2015-09-27,Sporting Gijón,Real Betis,1013,809,0,0,192,190,190,115,1,0,114,57,57,145,122,35,32,923,334,38.83619384940544,2.1316282072803006e-14,success,0.5342638439997245,,
3825611,2015-09-27,RC Deportivo La Coruña,Espanyol,949,760,0,0,202,200,200,115,2,0,113,57,56,142,135,31,36,873,344,30.667580272243445,1.4210854715202004e-14,success,0.5717401809997682,,
3825612,2015-09-27,Getafe,Levante UD,962,714,0,0,208,206,206,133,1,0,132,66,66,146,113,36,38,846,333,36.74018917864451,1.7763568394002505e-14,success,0.5922853189986199,,
3825613,2015-10-02,Celta Vigo,Getafe,912,676,0,0,201,199,199,126,1,0,125,62,63,147,92,35,42,801,316,38.26345395646816,1.1879386363489175e-14,success,0.5912030580002465,,
3825614,2015-10-03,Granada,RC Deportivo La Coruña,865,595,0,0,226,224,224,125,2,0,123,62,61,124,109,36,36,718,305,26.96654819706154,1.865174681370263e-14,success,0.6534616900007677,,
3825615,2015-10-03,Espanyol,Sporting Gijón,1030,800,0,0,214,212,212,136,0,0,136,68,68,136,118,37,37,936,328,34.924773140798955,1.1102230246251565e-14,success,0.6131521070001327,,
3825616,2015-10-03,Málaga,Real Sociedad,967,736,0,0,202,199,200,125,2,0,123,61,62,122,141,38,34,859,335,37.95556080168771,3.730349362740526e-14,success,0.5736567990006733,,
3825617,2015-10-03,Sevilla,Barcelona,921,717,0,0,225,223,223,123,2,0,121,61,60,108,147,34,30,838,319,31.329742186409597,1.4654943925052066e-14,success,0.6362530950009386,,
3825618,2015-10-03,Las Palmas,Eibar,1006,751,0,0,178,176,176,118,1,0,117,58,59,147,105,30,37,868,319,37.72116870355803,1.509903313490213e-14,success,0.5099486710005294,,
3825619,2015-10-04,Levante UD,Villarreal,895,659,0,0,181,179,179,114,1,0,113,56,57,123,121,35,34,772,313,29.282399341887185,7.549516567451064e-15,success,0.5286126110004261,,
3825620,2015-10-04,Rayo Vallecano,Real Betis,945,666,0,0,229,227,227,136,1,0,135,67,68,146,86,36,42,801,310,36.83205367239496,1.1102230246251565e-14,success,0.6479551680004079,,
3825621,2015-10-04,Atlético Madrid,Real Madrid,1140,946,0,0,193,191,191,122,1,0,121,60,61,130,147,39,28,1067,344,49.43517214171534,1.2434497875801753e-14,success,0.5520906890014885,,
3825622,2015-10-04,Athletic Club,Valencia,980,760,0,0,184,182,182,122,1,0,121,60,61,148,134,33,34,881,349,32.74481763486649,5.773159728050814e-15,success,0.5337609440011875,,
3825623,2015-10-17,Valencia,Málaga,920,677,0,0,211,209,209,123,0,0,123,62,61,126,118,37,35,800,316,32.232947033380775,1.4210854715202004e-14,success,0.6052811019999353,,
3825624,2015-10-17,Eibar,Sevilla,855,591,0,0,226,224,224,152,2,0,150,75,75,104,132,41,46,741,323,25.69185294639859,1.021405182655144e-14,success,0.7196008040009474,,
3825625,2015-10-17,Real Madrid,Levante UD,1058,881,0,0,200,198,198,140,2,0,138,69,69,154,126,36,38,1019,354,36.623659392548184,5.329070518200751e-15,success,0.5643634690004546,,
3825626,2015-10-17,Real Betis,Espanyol,884,655,0,0,215,213,213,139,1,0,138,69,69,121,112,42,38,793,313,38.09213097975059,6.661338147750939e-15,success,0.6159875279990956,,
3825627,2015-10-17,Barcelona,Rayo Vallecano,1034,837,0,0,219,217,217,145,1,0,144,72,72,129,135,33,42,981,339,36.80331617027601,1.865174681370263e-14,success,0.6300592289990163,,
3825628,2015-10-18,Getafe,Las Palmas,1032,869,0,0,204,202,202,118,0,0,118,59,59,122,144,28,32,987,326,46.641290175612845,2.1316282072803006e-14,success,0.5847331040004065,,
3825629,2015-10-18,Villarreal,Celta Vigo,1034,822,0,0,189,187,187,129,1,0,128,64,64,110,150,29,37,950,326,44.59702995420187,1.199040866595169e-14,success,0.520242608999979,,
3825630,2015-10-18,RC Deportivo La Coruña,Athletic Club,957,697,0,0,189,187,187,126,1,0,125,62,63,152,112,36,43,822,343,33.89263489464988,6.439293542825908e-15,success,0.5331810130010126,,
3825631,2015-10-18,Real Sociedad,Atlético Madrid,1036,780,0,0,187,185,185,119,0,0,119,60,59,135,112,39,34,899,320,36.03643467972748,5.329070518200751e-15,success,0.5204662619998999,,
3825632,2015-10-19,Sporting Gijón,Granada,856,615,0,0,197,195,195,129,0,0,129,65,64,140,93,36,38,744,307,35.134378658969844,5.329070518200751e-15,success,0.575299857000573,,
3825633,2015-10-23,Rayo Vallecano,Espanyol,930,718,0,0,208,206,206,125,2,0,123,62,61,161,97,37,39,841,334,39.94624936861006,1.2878587085651816e-14,success,0.5727590149999742,,
3825634,2015-10-24,Granada,Real Betis,892,603,0,0,196,194,194,124,1,0,123,61,62,112,123,31,38,726,304,36.44579012496996,8.520961713998076e-15,success,0.5562147830005415,,
3825635,2015-10-24,Celta Vigo,Real Madrid,1076,865,0,0,196,194,194,119,2,0,117,59,58,143,141,30,36,982,350,34.86912735757305,7.993605777301127e-15,success,0.5781258179995348,,
3825636,2015-10-24,Málaga,RC Deportivo La Coruña,1027,740,0,0,228,226,226,147,1,0,146,73,73,136,126,39,38,886,339,30.189186891750705,7.771561172376096e-15,success,0.646304059000613,,
3825874,2015-10-24,Sevilla,Getafe,886,715,0,0,166,164,164,114,2,0,112,56,56,142,113,26,36,827,317,39.900938011977395,9.947598300641403e-14,success,0.47965197499979695,,
3825637,2015-10-25,Barcelona,Eibar,940,724,0,0,220,218,218,134,1,0,133,66,67,149,96,37,31,857,313,42.95638840464075,6.217248937900877e-15,success,0.6070210399993812,,
3825638,2015-10-25,Atlético Madrid,Valencia,970,740,0,0,210,208,208,136,1,0,135,67,68,114,124,34,38,875,310,38.00610512931242,6.217248937900877e-15,success,0.5998286680005549,,
3825639,2015-10-25,Las Palmas,Villarreal,1051,786,0,0,205,203,203,119,2,0,117,59,58,134,117,35,35,903,321,37.731931526109875,5.329070518200751e-15,success,0.6192520020013035,,
3825640,2015-10-25,Levante UD,Real Sociedad,822,544,0,0,206,204,204,128,1,0,127,63,64,124,97,33,34,671,288,27.076720860521483,1.0658141036401503e-14,success,0.5936734250008158,,
3825641,2015-10-26,Athletic Club,Sporting Gijón,990,750,0,0,190,188,188,134,1,0,133,66,67,135,125,35,32,883,327,31.619152501885555,6.661338147750939e-15,success,0.5523540150006738,,
3825642,2015-10-30,RC Deportivo La Coruña,Atlético Madrid,1171,931,0,0,173,171,171,123,1,0,122,61,61,143,141,31,33,1053,348,47.992044849813944,1.7763568394002505e-14,success,0.5020011779997731,,
3825643,2015-10-31,Real Madrid,Las Palmas,1230,1058,0,0,200,198,198,131,0,0,131,66,65,151,137,38,40,1189,366,43.680224640927136,6.661338147750939e-15,success,0.5549984080007562,,
3825644,2015-10-31,Real Sociedad,Celta Vigo,898,640,0,0,202,200,200,123,2,0,121,61,60,109,129,41,37,761,316,29.832972373075634,5.717648576819556e-15,success,0.546222287001001,,
3825645,2015-10-31,Getafe,Barcelona,1117,903,0,0,195,193,193,128,1,0,127,63,64,107,158,41,27,1030,333,51.3453711036634,8.881784197001252e-15,success,0.5364754990005167,,
3825646,2015-10-31,Villarreal,Sevilla,903,666,0,0,167,165,165,107,2,0,105,53,52,127,128,35,32,771,322,28.154615541316566,1.021405182655144e-14,success,0.4612803339987295,,
3825647,2015-10-31,Valencia,Levante UD,840,627,0,0,223,221,221,124,2,0,122,61,61,134,106,30,37,749,307,36.69215586467734,2.042810365310288e-14,success,0.5951955540003837,,
3825648,2015-11-01,Eibar,Rayo Vallecano,914,588,0,0,204,202,202,127,0,0,127,64,63,105,139,32,39,715,315,33.02907643169178,1.865174681370263e-14,success,0.5549550989999261,,
3825649,2015-11-01,Sporting Gijón,Málaga,936,678,0,0,191,189,189,126,1,0,125,62,63,105,143,29,32,803,309,36.864921481709445,1.021405182655144e-14,success,0.522947897999984,,
3825650,2015-11-01,Real Betis,Athletic Club,922,688,0,0,222,220,220,130,1,0,129,64,65,124,133,40,35,817,332,29.355516829482518,1.199040866595169e-14,success,0.598238388000027,,
3825651,2015-11-01,Espanyol,Granada,760,508,0,0,201,199,199,119,0,0,119,60,59,133,113,42,36,627,324,20.906814201879452,2.886579864025407e-15,success,0.5738852269987547,,
3825652,2015-11-06,Las Palmas,Real Sociedad,980,719,0,0,216,214,214,144,1,0,143,71,72,120,142,40,40,862,342,30.91508673594084,8.881784197001252e-15,success,0.595969536998382,,
3825653,2015-11-07,Eibar,Getafe,904,627,0,0,216,214,214,131,1,0,130,65,65,113,127,38,41,757,319,33.51411456027339,7.105427357601002e-15,success,0.5814998860005289,,
3825654,2015-11-07,Celta Vigo,Valencia,811,590,0,0,199,197,197,113,1,0,112,56,56,119,105,31,35,702,290,26.154253871161462,6.772360450213455e-15,success,0.5372821580003802,,
3825655,2015-11-07,Rayo Vallecano,Granada,863,613,0,0,190,188,188,123,2,0,121,61,60,109,141,33,34,734,317,29.74768017663608,7.549516567451064e-15,success,0.5228897990000405,,
3825656,2015-11-07,Levante UD,RC Deportivo La Coruña,927,653,0,0,189,187,187,111,1,0,110,55,55,132,122,31,37,763,322,26.692035857800327,7.549516567451064e-15,success,0.5145570149998093,,
3825657,2015-11-07,Málaga,Real Betis,864,597,0,0,185,183,183,122,1,0,121,60,61,132,101,34,37,718,304,25.56945386719407,3.1086244689504383e-15,success,0.5041736029997992,,
3825658,2015-11-08,Atlético Madrid,Sporting Gijón,1004,697,0,0,186,184,184,126,1,0,125,62,63,143,88,37,34,822,302,38.05469208194342,1.0658141036401503e-14,success,0.50790880599925,,
3825659,2015-11-08,Athletic Club,Espanyol,764,524,0,0,199,197,197,114,0,0,114,57,57,112,130,35,38,638,315,22.606584126594132,4.440892098500626e-15,success,0.5319634939987736,,
3825660,2015-11-08,Barcelona,Villarreal,1088,874,0,0,195,193,193,127,1,0,126,63,63,150,111,26,41,1000,328,43.490670487130934,3.552713678800501e-15,success,0.5507338309998886,,
3825661,2015-11-08,Sevilla,Real Madrid,1113,956,0,0,182,180,180,113,2,0,111,56,55,147,143,35,28,1067,353,40.85325956733921,2.7533531010703882e-14,success,0.5383754350004892,,
266424,2015-11-21,Real Madrid,Barcelona,1157,974,0,0,204,202,202,129,2,0,127,64,63,131,149,39,34,1101,353,46.973162017573124,2.842170943040401e-14,success,0.5583844570010115,,
3825662,2015-11-21,RC Deportivo La Coruña,Celta Vigo,887,648,0,0,198,196,196,123,2,0,121,61,60,103,126,39,39,769,307,32.52307150966727,4.440892098500626e-15,success,0.5387135790006141,,
3825663,2015-11-21,Espanyol,Málaga,874,631,0,0,187,185,185,108,2,0,106,53,53,117,132,40,38,737,327,28.60262178186877,3.552713678800501e-15,success,0.4819335989996034,,
3825664,2015-11-21,Real Sociedad,Sevilla,931,662,0,0,214,212,212,115,0,0,115,58,57,131,107,32,32,777,302,38.57640480497736,1.0658141036401503e-14,success,0.5363465900009032,,
3825888,2015-11-21,Valencia,Las Palmas,1025,816,0,0,198,196,196,127,0,0,127,64,63,102,149,33,34,943,318,41.51096846794302,1.5987211554602254e-14,success,0.5337934180006414,,
3825665,2015-11-22,Granada,Athletic Club,861,585,0,0,215,213,213,141,2,0,139,70,69,88,142,35,46,724,311,27.51157338000425,5.551115123125783e-15,success,0.5528079550003895,,
3825666,2015-11-22,Real Betis,Atlético Madrid,1130,886,0,0,201,199,199,129,2,0,127,64,63,134,130,32,34,1013,330,46.81132560962149,3.2862601528904634e-14,success,0.5642420579988539,,
3825667,2015-11-22,Villarreal,Eibar,929,644,0,0,220,218,218,132,0,0,132,66,66,145,110,45,48,776,348,27.758050225783393,4.218847493575595e-15,success,0.5703415219995804,,
3825668,2015-11-22,Sporting Gijón,Levante UD,940,686,0,0,166,164,164,110,1,0,109,54,55,127,122,30,31,795,310,28.62831481299068,9.769962616701378e-15,success,0.4330658790004236,,
3825669,2015-11-23,Getafe,Rayo Vallecano,853,610,0,0,251,249,249,139,1,0,138,69,69,103,124,38,39,748,304,30.25129306481196,4.884981308350689e-15,success,0.6598364809997292,,
3825670,2015-11-27,Levante UD,Real Betis,927,693,0,0,186,184,184,119,1,0,118,59,59,136,112,36,42,811,326,28.89628683635363,6.217248937900877e-15,success,0.5123654349990829,,
266885,2015-11-28,Barcelona,Real Sociedad,1022,823,0,0,186,184,184,125,0,0,125,63,62,139,120,38,40,948,337,31.60391770090385,6.217248937900877e-15,success,0.5107198610003252,,
3825671,2015-11-28,Celta Vigo,Sporting Gijón,1000,741,0,0,176,174,174,118,2,0,116,58,58,144,117,37,45,857,343,39.04896444454093,8.881784197001252e-15,success,0.4737092359991948,,
3825672,2015-11-28,Málaga,Granada,741,534,0,0,200,198,198,125,1,0,124,62,62,108,135,37,31,658,311,22.05078939768761,1.887379141862766e-15,success,0.5163860090015078,,
3825673,2015-11-28,Las Palmas,RC Deportivo La Coruña,1050,817,0,0,195,193,193,115,2,0,113,57,56,142,106,31,31,930,310,48.597707888827635,3.730349362740526e-14,success,0.5297521639986371,,
3825674,2015-11-28,Atlético Madrid,Espanyol,984,764,0,0,216,214,214,129,2,0,127,64,63,111,133,32,36,891,312,40.422712029683225,2.4868995751603507e-14,success,0.5598761210003431,,
3825675,2015-11-29,Rayo Vallecano,Athletic Club,920,649,0,0,214,212,212,131,1,0,130,65,65,144,92,39,38,779,313,33.158669528195176,1.1546319456101628e-14,success,0.5612376249991939,,
3825676,2015-11-29,Getafe,Villarreal,843,613,0,0,198,196,196,134,2,0,132,66,66,100,125,38,37,745,300,29.442872344026732,7.993605777301127e-15,success,0.5188144439998723,,
3825677,2015-11-29,Sevilla,Valencia,906,701,0,0,195,193,193,115,2,0,113,57,56,137,94,27,42,814,300,33.419116891636776,2.042810365310288e-14,success,0.5255408039993199,,
3825678,2015-11-29,Eibar,Real Madrid,996,738,0,0,225,223,223,146,1,0,145,72,73,103,148,42,40,883,333,38.434518587816065,2.220446049250313e-14,success,0.5820445919998747,,
267274,2015-12-05,Valencia,Barcelona,1083,883,0,0,174,172,172,122,2,0,120,60,60,97,143,37,34,1003,311,52.91396699209214,1.2434497875801753e-14,success,0.46659217399974295,,
3825679,2015-12-05,Real Betis,Celta Vigo,841,606,0,0,184,182,182,122,1,0,121,60,61,130,106,33,41,727,310,28.230980366373693,3.774758283725532e-15,success,0.482201934000841,,
3825680,2015-12-05,RC Deportivo La Coruña,Sevilla,926,664,0,0,233,231,231,126,0,0,126,63,63,121,147,36,32,790,336,25.32472794663535,7.105427357601002e-15,success,0.6064341290002631,,
3825681,2015-12-05,Real Madrid,Getafe,1147,996,0,0,195,193,193,123,2,0,121,61,60,153,126,33,36,1117,348,52.25170541047698,2.1316282072803006e-14,success,0.5144224879986723,,
3825682,2015-12-05,Granada,Atlético Madrid,1091,885,0,0,187,185,185,117,0,0,117,59,58,144,136,40,36,1002,356,41.27436029897151,1.3322676295501878e-14,success,0.4953558779998275,,
3825683,2015-12-06,Real Sociedad,Eibar,912,665,0,0,208,206,206,137,1,0,136,68,68,151,98,43,35,801,327,34.172196723703536,4.6629367034256575e-15,success,0.5365280139994866,,
3825684,2015-12-06,Villarreal,Rayo Vallecano,877,626,0,0,219,217,217,133,2,0,131,66,65,122,125,37,40,757,324,26.608402069263636,7.993605777301127e-15,success,0.5632640050007467,,
3825685,2015-12-06,Sporting Gijón,Las Palmas,911,704,0,0,184,182,182,115,1,0,114,57,57,110,146,34,42,818,332,33.791759397556305,2.2648549702353193e-14,success,0.4801032880004641,,
3825686,2015-12-06,Athletic Club,Málaga,882,657,0,0,188,186,186,121,1,0,120,60,60,117,138,35,37,777,327,31.39571495364583,1.7763568394002505e-14,success,0.4892955260002054,,
3825687,2015-12-07,Espanyol,Levante UD,879,655,0,0,198,196,196,123,1,0,122,61,61,138,109,38,30,777,315,28.992384534291052,7.549516567451064e-15,success,0.5163885809997737,,
3825688,2015-12-11,Getafe,Real Sociedad,978,751,0,0,231,229,229,119,1,0,118,59,59,115,139,34,39,869,327,37.68228867029054,2.042810365310288e-14,success,0.5920235569992656,,
266961,2015-12-12,Barcelona,RC Deportivo La Coruña,1072,891,0,0,182,180,180,120,1,0,119,59,60,153,122,18,30,1010,323,50.8750963914657,2.1316282072803006e-14,success,0.4843242780007131,,
3825689,2015-12-12,Celta Vigo,Espanyol,890,643,0,0,193,191,191,125,0,0,125,63,62,137,127,36,37,768,337,27.13084625585843,5.329070518200751e-15,success,0.5003229609992559,,
3825690,2015-12-12,Las Palmas,Real Betis,1054,778,0,0,218,216,216,141,0,0,141,71,70,141,103,35,41,919,320,42.17504652249367,2.3092638912203256e-14,success,0.5621123019991501,,
3825691,2015-12-12,Levante UD,Granada,928,648,0,0,238,236,236,148,1,0,147,73,74,133,120,39,41,795,333,26.630677352880426,4.6629367034256575e-15,success,0.6070398000010755,,
3825692,2015-12-12,Sevilla,Sporting Gijón,964,727,0,0,194,192,192,126,0,0,126,63,63,154,95,25,37,853,311,34.32015674450014,8.43769498715119e-15,success,0.5077512879997812,,
3825693,2015-12-13,Atlético Madrid,Athletic Club,1075,798,0,0,228,226,226,139,1,0,138,69,69,128,145,45,41,936,359,36.71819064155531,2.1316282072803006e-14,success,0.5984871079999721,,
3825694,2015-12-13,Eibar,Valencia,863,595,0,0,206,204,204,131,1,0,130,65,65,130,116,45,33,725,324,23.520222936536687,4.884981308350689e-15,success,0.6368543040007353,,
3825695,2015-12-13,Villarreal,Real Madrid,1075,838,0,0,194,192,192,134,1,0,133,66,67,110,159,42,29,971,340,51.47010894922903,2.4868995751603507e-14,success,0.5242224049998185,,
3825696,2015-12-13,Rayo Vallecano,Málaga,821,512,0,0,233,231,231,137,0,0,137,69,68,111,119,39,42,649,311,22.322593478348757,5.329070518200751e-15,success,0.6090689909997309,,
3825697,2015-12-19,Valencia,Getafe,934,707,0,0,209,207,207,138,1,0,137,68,69,130,104,35,39,844,308,34.82235295079728,9.769962616701378e-15,success,0.5393131020009605,,
3825698,2015-12-19,RC Deportivo La Coruña,Eibar,955,676,0,0,184,182,182,109,1,0,108,54,54,129,128,29,31,784,317,29.296726439604722,9.325873406851315e-15,success,0.4810762259985495,,
3825699,2015-12-19,Real Betis,Sevilla,744,509,0,0,194,192,192,120,2,0,118,59,59,99,115,40,38,627,292,22.50975266946945,3.552713678800501e-15,success,0.5271302680012013,,
3825891,2015-12-19,Espanyol,Las Palmas,936,694,0,0,197,195,195,118,1,0,117,58,59,121,130,35,36,811,322,32.982403305769765,1.687538997430238e-14,success,0.5103580559989496,,
3825700,2015-12-20,Real Madrid,Rayo Vallecano,995,852,0,0,209,207,207,125,0,0,125,63,62,147,119,28,30,977,324,34.99547190463177,1.865174681370263e-14,success,0.5516584350007179,,
3825701,2015-12-20,Málaga,Atlético Madrid,967,695,0,0,205,203,203,132,1,0,131,65,66,152,96,40,39,826,327,34.00235974386507,7.549516567451064e-15,success,0.5344588539992401,,
3825702,2015-12-20,Real Sociedad,Villarreal,1101,858,0,0,215,213,213,146,0,0,146,73,73,151,114,36,42,1004,343,41.80292654045999,3.2862601528904634e-14,success,0.5583698379996349,,
3825703,2015-12-20,Athletic Club,Levante UD,912,669,0,0,214,212,212,136,0,0,136,68,68,137,135,37,36,805,345,26.08906769805956,4.6629367034256575e-15,success,0.5532865460008907,,
3825704,2015-12-20,Granada,Celta Vigo,911,668,0,0,210,208,208,128,2,0,126,63,63,123,130,33,31,794,317,29.237007940496937,3.774758283725532e-15,success,0.5466455799996766,,
267327,2015-12-30,Barcelona,Real Betis,972,773,0,0,166,164,164,111,1,0,110,55,55,139,114,32,38,883,323,36.54097399648269,1.687538997430238e-14,success,0.44112390400005097,,
3825705,2015-12-30,Eibar,Sporting Gijón,780,487,0,0,216,214,214,146,1,0,145,72,73,114,101,39,44,632,298,24.210293544154815,1.1546319456101628e-14,success,0.5472766770017188,,
3825706,2015-12-30,Celta Vigo,Athletic Club,999,746,0,0,218,216,216,148,1,0,147,73,74,149,111,35,34,893,329,38.2037665234113,3.9968028886505635e-15,success,0.5625092329992185,,
3825707,2015-12-30,Las Palmas,Granada,912,685,0,0,200,198,198,119,2,0,117,59,58,142,110,32,34,802,318,35.62344708235601,9.769962616701378e-15,success,0.5284433510005329,,
3825708,2015-12-30,Levante UD,Málaga,871,591,0,0,224,222,222,123,2,0,121,61,60,116,130,42,41,712,329,26.517738824849122,2.6645352591003757e-15,success,0.5717768529993918,,
3825709,2015-12-30,Sevilla,Espanyol,1045,843,0,0,228,226,226,124,1,0,123,61,62,114,132,32,32,966,310,41.35662753612881,1.865174681370263e-14,success,0.5900961730003473,,
3825710,2015-12-30,Real Madrid,Real Sociedad,1088,903,0,0,205,203,203,130,1,0,129,64,65,141,141,35,32,1032,349,40.062925606589026,4.440892098500626e-14,success,0.5782330820002244,,
3825711,2015-12-30,Rayo Vallecano,Atlético Madrid,853,604,0,0,221,219,219,147,1,0,146,73,73,137,118,44,41,750,340,29.56769514291866,4.440892098500626e-15,success,0.7559322230008547,,
3825712,2015-12-30,Getafe,RC Deportivo La Coruña,868,615,0,0,214,212,212,137,1,0,136,68,68,134,127,35,37,751,333,26.25432834614165,4.218847493575595e-15,success,0.6361680940008227,,
3825713,2015-12-31,Villarreal,Valencia,900,703,0,0,200,198,198,117,0,0,117,59,58,120,134,39,37,820,330,28.57244182996892,8.215650382226158e-15,success,0.5425186259999464,,
266670,2016-01-02,Espanyol,Barcelona,909,697,0,0,177,175,175,98,0,0,98,49,49,85,144,30,30,795,289,42.91291284947145,1.2434497875801753e-14,success,0.4749543910002103,,
3825714,2016-01-02,Atlético Madrid,Levante UD,981,746,0,0,194,192,192,128,2,0,126,63,63,138,121,36,33,872,328,31.9233134298399,1.3322676295501878e-14,success,0.5237486309997621,,
3825715,2016-01-02,Málaga,Celta Vigo,890,657,0,0,198,196,196,136,1,0,135,67,68,112,125,35,34,792,306,29.05234351737904,4.218847493575595e-15,success,0.5275181489996612,,
3825716,2016-01-03,Rayo Vallecano,Real Sociedad,778,498,0,0,213,211,211,134,0,0,134,67,67,99,122,37,41,632,299,30.355058185119415,4.274358644806853e-15,success,0.5556643410000106,,
3825717,2016-01-03,Granada,Sevilla,778,555,0,0,192,190,190,115,2,0,113,57,56,103,122,34,33,668,292,28.420297616074528,7.993605777301127e-15,success,0.5055842220008344,,
3825718,2016-01-03,Valencia,Real Madrid,1037,871,0,0,194,192,192,116,2,0,114,57,57,138,128,31,31,985,328,37.35294144816725,1.509903313490213e-14,success,0.5849135089993069,,
3825719,2016-01-03,Athletic Club,Las Palmas,998,748,0,0,209,207,207,129,2,0,127,64,63,116,139,32,36,875,323,35.467489352375594,1.0658141036401503e-14,success,0.6268615320004756,,
3825720,2016-01-03,Real Betis,Eibar,920,683,0,0,199,197,197,130,0,0,130,65,65,144,111,34,36,813,325,35.275700033021586,2.4868995751603507e-14,success,0.5474220079995575,,
3825721,2016-01-03,RC Deportivo La Coruña,Villarreal,1003,733,0,0,207,205,205,134,1,0,133,66,67,146,112,39,37,866,334,31.086648575808272,4.440892098500626e-15,success,0.5933958240002539,,
3825722,2016-01-04,Sporting Gijón,Getafe,833,592,0,0,196,194,194,130,0,0,130,65,65,116,122,34,34,722,306,28.35095548775202,4.440892098500626e-15,success,0.5539072599985957,,
266620,2016-01-09,Barcelona,Granada,1049,867,0,0,203,201,201,121,1,0,120,60,60,153,112,34,31,987,330,45.476062739709675,3.730349362740526e-14,success,0.6246530929984146,,
3825723,2016-01-09,Levante UD,Rayo Vallecano,897,585,0,0,233,231,231,152,1,0,151,75,76,118,109,46,43,736,316,29.934159133507883,4.440892098500626e-15,success,0.6658817550014646,,
3825724,2016-01-09,Real Madrid,RC Deportivo La Coruña,1136,954,0,0,245,243,243,140,1,0,139,69,70,141,151,36,34,1093,362,38.795168674366195,8.43769498715119e-15,success,0.657887990000745,,
3825725,2016-01-09,Getafe,Real Betis,856,627,0,0,188,186,186,124,1,0,123,61,62,123,116,38,36,750,313,29.19800411984661,1.509903313490213e-14,success,0.5371109360003175,,
3825726,2016-01-09,Sevilla,Athletic Club,974,738,0,0,188,186,186,116,2,0,114,57,57,126,130,34,34,852,324,29.292636582736602,7.993605777301127e-15,success,0.5253719039992575,,
3825727,2016-01-10,Eibar,Espanyol,894,620,0,0,224,222,222,133,1,0,132,66,66,125,113,35,31,752,304,27.08538010529775,7.549516567451064e-15,success,0.6656307240009482,,
3825728,2016-01-10,Celta Vigo,Atlético Madrid,1087,828,0,0,204,202,202,121,1,0,120,60,60,143,114,40,30,948,327,35.84379735396326,1.3322676295501878e-14,success,0.5719680289985263,,
3825729,2016-01-10,Villarreal,Sporting Gijón,1052,791,0,0,186,184,184,121,1,0,120,60,60,130,148,36,38,911,352,39.37745351590761,5.773159728050814e-15,success,0.5108578750005108,,
3825730,2016-01-10,Real Sociedad,Valencia,993,745,0,0,218,216,216,151,1,0,150,75,75,125,129,39,30,895,323,32.78507480548653,1.199040866595169e-14,success,0.5877729299991188,,
3825731,2016-01-10,Las Palmas,Málaga,1005,800,0,0,190,188,188,121,1,0,120,60,60,145,126,32,34,920,337,38.802250859906145,1.2434497875801753e-14,success,0.5203835040010745,,
3825732,2016-01-16,Celta Vigo,Levante UD,989,720,0,0,235,233,233,145,1,0,144,72,72,136,118,42,40,864,336,34.52360521862386,2.220446049250313e-14,success,0.6404825119989255,,
3825733,2016-01-16,Sevilla,Málaga,868,629,0,0,185,183,183,117,2,0,115,58,57,134,122,40,41,744,337,26.398510760974688,3.1086244689504383e-15,success,0.5153498630006652,,
3825734,2016-01-16,Real Sociedad,RC Deportivo La Coruña,1060,814,0,0,207,205,205,133,1,0,132,66,66,144,112,32,41,946,329,54.89579075736108,3.552713678800501e-14,success,0.5669331470016914,,
3825735,2016-01-16,Villarreal,Real Betis,1129,868,0,0,193,191,191,126,0,0,126,63,63,127,123,38,35,994,323,43.01499375393919,1.687538997430238e-14,success,0.5327972670002055,,
266149,2016-01-17,Barcelona,Athletic Club,1019,833,0,0,141,139,139,102,2,0,100,50,50,167,87,22,30,933,306,53.66703488476418,4.884981308350689e-15,success,0.42590554600064934,,
3825736,2016-01-17,Valencia,Rayo Vallecano,922,681,0,0,244,242,242,146,2,0,144,72,72,132,117,43,42,825,334,27.82936360929805,1.6431300764452317e-14,success,0.6512368439998681,,
3825737,2016-01-17,Getafe,Espanyol,954,751,0,0,198,196,196,124,0,0,124,62,62,109,139,32,32,875,312,41.65594839623386,1.2434497875801753e-14,success,0.5685666669996863,,
3825738,2016-01-17,Las Palmas,Atlético Madrid,1202,963,0,0,196,194,194,126,2,0,124,62,62,152,118,35,34,1087,339,45.66585406314756,1.0658141036401503e-14,success,0.5467593089997536,,
3825739,2016-01-17,Real Madrid,Sporting Gijón,1177,1008,0,0,197,195,195,113,1,0,112,56,56,154,102,26,32,1120,314,57.48924420131861,2.3092638912203256e-14,success,0.5683528739991743,,
3825740,2016-01-18,Eibar,Granada,803,543,0,0,188,186,186,128,1,0,127,63,64,121,99,35,43,670,298,24.52527120212504,2.886579864025407e-15,success,0.5336794049999298,,
3825741,2016-01-22,Sporting Gijón,Real Sociedad,864,640,0,0,191,189,189,127,1,0,126,63,63,105,135,34,38,766,312,28.236306728295382,7.549516567451064e-15,success,0.5303061490012624,,
265894,2016-01-23,Málaga,Barcelona,911,721,0,0,207,205,205,121,2,0,119,60,59,107,143,39,32,840,321,41.4649324481743,2.1316282072803006e-14,success,0.585680054000477,,
3825742,2016-01-23,Granada,Getafe,900,660,0,0,219,217,217,131,0,0,131,66,65,118,124,26,38,791,306,31.163794581418113,1.2434497875801753e-14,success,0.649479652998707,,
3825743,2016-01-23,Rayo Vallecano,Celta Vigo,718,467,0,0,215,213,213,127,1,0,126,63,63,116,109,30,33,593,288,20.73332536142822,3.774758283725532e-15,success,0.5429074749990832,,
3825744,2016-01-23,Espanyol,Villarreal,975,768,0,0,182,180,180,110,0,0,110,55,55,138,139,34,35,878,346,37.45413736631002,6.217248937900877e-15,success,0.5449737540002388,,
3825745,2016-01-24,RC Deportivo La Coruña,Valencia,983,713,0,0,202,200,200,130,0,0,130,65,65,131,147,37,35,843,350,30.967025372307614,7.105427357601002e-15,success,0.6191487969990703,,
3825746,2016-01-24,Real Betis,Real Madrid,1062,867,0,0,195,193,193,127,1,0,126,63,63,105,157,39,27,993,328,45.61873657719478,3.730349362740526e-14,success,0.5685975880005572,,
3825747,2016-01-24,Athletic Club,Eibar,899,623,0,0,215,213,213,122,0,0,122,61,61,130,116,31,35,745,312,25.804066718979335,6.217248937900877e-15,success,0.6622638929984532,,
3825748,2016-01-24,Atlético Madrid,Sevilla,877,627,0,0,193,191,191,117,0,0,117,59,58,133,92,33,37,744,295,48.5070459177733,1.6209256159527285e-14,success,0.539520057000118,,
3825749,2016-01-25,Levante UD,Las Palmas,1000,797,0,0,187,185,185,119,1,0,118,59,59,109,147,42,35,915,333,51.975064746340905,4.440892098500626e-15,success,0.5876157239999884,,
267576,2016-01-30,Barcelona,Atlético Madrid,1027,866,0,0,149,147,147,88,1,0,87,43,44,164,82,25,32,953,303,42.77686990161439,7.993605777301127e-15,success,0.4323027919999731,,
3825750,2016-01-30,Real Sociedad,Real Betis,1002,765,0,0,211,209,209,135,2,0,133,67,66,122,129,41,46,898,338,39.53676312145427,2.1316282072803006e-14,success,0.6274059190000116,,
3825751,2016-01-30,Getafe,Athletic Club,898,605,0,0,194,192,192,126,1,0,125,62,63,123,116,40,32,730,311,28.44871507213787,6.661338147750939e-15,success,0.5593259500001295,,
3825752,2016-01-30,Eibar,Málaga,880,552,0,0,224,222,222,154,1,0,153,76,77,130,107,32,46,705,315,26.467177646327098,1.7763568394002505e-15,success,0.654985126999236,,
3825753,2016-01-30,Villarreal,Granada,966,728,0,0,215,213,213,132,1,0,131,65,66,129,120,37,31,859,317,33.004929057587546,7.771561172376096e-15,success,0.6616922400025942,,
3825754,2016-01-31,Las Palmas,Celta Vigo,940,716,0,0,200,198,198,129,1,0,128,64,64,132,116,35,38,844,321,31.34039340806966,4.884981308350689e-15,success,0.6018783750005241,,
3825755,2016-01-31,Valencia,Sporting Gijón,869,632,0,0,218,216,216,143,1,0,142,71,71,132,88,34,40,774,294,32.18650644773943,2.4868995751603507e-14,success,0.6284615019976627,,
3825756,2016-01-31,Sevilla,Levante UD,981,759,0,0,183,181,181,123,2,0,121,61,60,139,153,34,26,880,352,27.445339444431333,4.6629367034256575e-15,success,0.5319881750001514,,
3825757,2016-01-31,Real Madrid,Espanyol,1057,890,0,0,175,173,173,103,0,0,103,52,51,149,111,24,30,993,314,57.1238684806563,2.4868995751603507e-14,success,0.5198010159983824,,
3825758,2016-02-01,RC Deportivo La Coruña,Rayo Vallecano,911,604,0,0,232,230,230,151,1,0,150,75,75,130,111,46,48,754,335,24.103108961442036,2.4424906541753444e-15,success,0.6240716409993183,,
3825759,2016-02-05,Málaga,Getafe,1030,772,0,0,188,186,186,122,0,0,122,61,61,119,126,30,31,894,306,43.492754414841144,5.1514348342607263e-14,success,0.5512892420010758,,
3825760,2016-02-06,Atlético Madrid,Eibar,862,584,0,0,204,202,202,125,0,0,125,63,62,115,115,30,36,709,296,28.3942232594086,3.552713678800501e-15,success,0.5872521530000085,,
3825761,2016-02-06,Athletic Club,Villarreal,971,704,0,0,204,202,202,124,0,0,124,62,62,136,114,37,38,828,325,33.277491735466974,1.687538997430238e-14,success,0.5662137549988984,,
3825762,2016-02-06,Sporting Gijón,RC Deportivo La Coruña,941,645,0,0,202,200,200,130,1,0,129,64,65,120,134,38,44,774,336,26.997675191139173,7.327471962526033e-15,success,0.5579861229998642,,
3825763,2016-02-06,Rayo Vallecano,Las Palmas,948,678,0,0,230,228,228,146,0,0,146,73,73,127,142,42,37,824,348,26.373984338409432,5.551115123125783e-15,success,0.6594849779976357,,
266160,2016-02-07,Levante UD,Barcelona,968,788,0,0,181,179,179,116,2,0,114,57,57,121,149,36,32,902,338,45.477044507130145,6.217248937900877e-15,success,0.5305353219991957,,
3825764,2016-02-07,Granada,Real Madrid,1033,832,0,0,188,186,186,125,0,0,125,63,62,129,151,36,34,957,350,42.30138235535731,1.8207657603852567e-14,success,0.5481597679972765,,
3825765,2016-02-07,Celta Vigo,Sevilla,977,781,0,0,175,173,173,106,0,0,106,53,53,162,91,26,30,887,309,43.78348202003818,9.769962616701378e-15,success,0.5019898289974662,,
3825766,2016-02-07,Real Betis,Valencia,845,564,0,0,198,196,196,117,0,0,117,59,58,102,116,34,41,681,293,30.405602712468436,5.329070518200751e-15,success,0.5497641069996462,,
3825767,2016-02-08,Espanyol,Real Sociedad,968,689,0,0,189,187,187,118,1,0,117,58,59,142,115,37,31,806,325,44.19218510940492,3.552713678800501e-14,success,0.5269277419974969,,
3825768,2016-02-12,Sporting Gijón,Rayo Vallecano,968,735,0,0,217,215,215,130,0,0,130,65,65,112,138,45,36,865,331,37.19418346157473,1.1546319456101628e-14,success,0.5994477719978022,,
3825769,2016-02-13,Villarreal,Málaga,1010,727,0,0,206,204,204,144,2,0,142,71,71,134,145,44,38,869,361,32.38436900962992,8.881784197001252e-15,success,0.5694540179974865,,
3825770,2016-02-13,Real Madrid,Athletic Club,1090,893,0,0,187,185,185,128,1,0,127,63,64,145,134,37,38,1020,354,41.22653245163994,7.105427357601002e-15,success,0.5469681690010475,,
3825771,2016-02-13,RC Deportivo La Coruña,Real Betis,849,584,0,0,198,196,196,119,0,0,119,60,59,133,108,35,39,703,315,25.975406738839855,7.993605777301127e-15,success,0.562880272998882,,
3825772,2016-02-13,Valencia,Espanyol,786,572,0,0,188,186,186,110,1,0,109,54,55,126,100,35,30,681,291,31.98685678438646,1.865174681370263e-14,success,0.5171907980002288,,
266254,2016-02-14,Barcelona,Celta Vigo,914,722,0,0,171,169,169,114,1,0,113,56,57,146,108,27,44,835,325,35.08398497856702,5.662137425588298e-15,success,0.4589441419993818,,
3825773,2016-02-14,Eibar,Levante UD,934,669,0,0,215,213,213,136,1,0,135,67,68,116,136,44,36,804,332,30.157798436645727,1.7763568394002505e-15,success,0.5641714889970899,,
3825774,2016-02-14,Getafe,Atlético Madrid,1118,928,0,0,178,176,176,121,1,0,120,60,60,148,111,35,32,1048,326,45.60002504493041,2.3092638912203256e-14,success,0.4862726040009875,,
3825775,2016-02-14,Real Sociedad,Granada,879,625,0,0,229,227,227,133,1,0,132,66,66,109,130,38,36,757,313,29.13313891613044,1.3322676295501878e-14,success,0.5912452940028743,,
3825776,2016-02-14,Sevilla,Las Palmas,1005,787,0,0,204,202,202,132,1,0,131,65,66,146,135,38,48,918,367,28.112731309169344,3.1086244689504383e-15,success,0.5370600869973714,,
266815,2016-02-17,Sporting Gijón,Barcelona,1044,880,0,0,164,162,162,114,0,0,114,57,57,83,160,34,35,994,312,57.74439070589878,8.971989817752046e-15,success,0.46524527099973056,,
3825777,2016-02-19,Levante UD,Getafe,818,581,0,0,214,212,212,128,0,0,128,64,64,116,116,42,34,709,308,32.72192262597194,3.019806626980426e-14,success,0.5479795409992221,,
267273,2016-02-20,Las Palmas,Barcelona,1138,973,0,0,185,183,183,118,1,0,117,58,59,127,149,40,35,1090,351,44.75421629940579,1.687538997430238e-14,success,0.48926284599656356,,
3825778,2016-02-20,Real Betis,Sporting Gijón,886,646,0,0,203,201,201,125,1,0,124,62,62,132,110,28,44,770,314,28.25877049255008,4.884981308350689e-15,success,0.5245663550012978,,
3825779,2016-02-20,Celta Vigo,Eibar,961,694,0,0,204,202,202,129,1,0,128,64,64,148,103,32,41,822,324,38.51126093589524,6.8833827526759706e-15,success,0.5416555019983207,,
3825780,2016-02-20,Espanyol,RC Deportivo La Coruña,949,701,0,0,207,205,205,132,2,0,130,65,65,110,148,36,34,831,328,35.86815746603289,1.1546319456101628e-14,success,0.5388774769999145,,
3825781,2016-02-21,Rayo Vallecano,Sevilla,816,535,0,0,214,212,212,130,1,0,129,64,65,129,87,41,41,664,298,29.8486503729152,1.0658141036401503e-14,success,0.5406029100013257,,
3825782,2016-02-21,Granada,Valencia,978,769,0,0,210,208,208,131,2,0,129,65,64,143,124,40,33,898,340,32.68587403212858,1.5987211554602254e-14,success,0.5585418359987671,,
3825783,2016-02-21,Athletic Club,Real Sociedad,862,568,0,0,209,207,207,116,1,0,115,57,58,138,92,34,37,683,301,24.638685061836537,5.329070518200751e-15,success,0.5509542559993861,,
3825784,2016-02-21,Atlético Madrid,Villarreal,1045,748,0,0,204,202,202,133,1,0,132,66,66,137,123,36,36,880,332,38.52392472013642,8.881784197001252e-15,success,0.5279497989977244,,
3825785,2016-02-21,Málaga,Real Madrid,904,696,0,0,217,215,215,124,1,0,123,61,62,108,154,43,33,819,338,32.032323490437165,9.769962616701378e-15,success,0.5472088329988765,,
3825786,2016-02-26,Eibar,Las Palmas,970,675,0,0,219,217,217,143,1,0,142,71,71,116,132,35,38,817,321,35.113495933196546,2.6645352591003757e-15,success,0.5602629599998181,,
3825787,2016-02-27,Real Madrid,Atlético Madrid,1079,866,0,0,212,210,210,136,2,0,134,67,67,151,108,38,40,1000,337,47.0905945199399,1.3322676295501878e-14,success,0.5485723240017251,,
3825788,2016-02-27,Getafe,Celta Vigo,852,602,0,0,182,180,180,116,0,0,116,58,58,123,123,32,36,718,314,23.09620949278184,3.3306690738754696e-15,success,0.47273995199793717,,
3825789,2016-02-27,Real Sociedad,Málaga,876,627,0,0,201,199,199,120,1,0,119,59,60,128,109,33,32,746,302,31.715165780877385,7.105427357601002e-15,success,0.514205668001523,,
3825790,2016-02-27,Sporting Gijón,Espanyol,926,684,0,0,195,193,193,133,1,0,132,66,66,120,109,34,42,816,305,33.09437998624809,2.4424906541753444e-14,success,0.5274705380033993,,
3825791,2016-02-27,Real Betis,Rayo Vallecano,833,589,0,0,194,192,192,115,1,0,114,57,57,103,128,37,34,703,302,28.822881884501875,8.881784197001252e-15,success,0.4966548189986497,,
265839,2016-02-28,Barcelona,Sevilla,1059,842,0,0,185,183,183,118,0,0,118,59,59,147,103,27,34,960,311,43.89339721790843,1.4210854715202004e-14,success,0.48168711499965866,,
3825792,2016-02-28,RC Deportivo La Coruña,Granada,1037,781,0,0,200,198,198,116,0,0,116,58,58,163,105,28,40,897,336,38.569696282288064,6.661338147750939e-15,success,0.5134525799985568,,
3825793,2016-02-28,Valencia,Athletic Club,1082,876,0,0,201,199,199,134,2,0,132,66,66,142,137,43,37,1008,359,37.37711709328146,1.3322676295501878e-14,success,0.5219815230011591,,
3825794,2016-02-28,Villarreal,Levante UD,1029,853,0,0,187,185,185,131,1,0,130,65,65,142,127,36,35,983,340,35.63564125282591,1.021405182655144e-14,success,0.4900775310015888,,
3825795,2016-03-01,Atlético Madrid,Real Sociedad,1182,953,0,0,194,192,192,134,1,0,133,66,67,132,138,36,35,1086,341,42.61777622841756,4.884981308350689e-15,success,0.508623401998193,,
3825796,2016-03-01,Las Palmas,Getafe,967,792,0,0,173,171,171,117,2,0,115,58,57,131,113,34,34,907,312,37.06520687804503,1.021405182655144e-14,success,0.47912287399958586,,
3825797,2016-03-02,Athletic Club,RC Deportivo La Coruña,1084,829,0,0,193,191,191,136,1,0,135,67,68,135,129,37,43,964,344,38.44911392965716,5.329070518200751e-15,success,0.5984355129985488,,
3825798,2016-03-02,Levante UD,Real Madrid,1043,854,0,0,204,202,202,124,1,0,123,61,62,139,157,42,31,977,369,35.24193967780267,1.687538997430238e-14,success,0.557896680002159,,
3825799,2016-03-02,Málaga,Valencia,895,625,0,0,217,215,215,132,2,0,130,65,65,109,133,35,40,755,317,30.210131774864685,2.3092638912203256e-14,success,0.5608982220001053,,
3825800,2016-03-02,Celta Vigo,Villarreal,1027,815,0,0,193,191,191,114,1,0,113,56,57,154,108,36,31,928,329,42.629546429272985,1.687538997430238e-14,success,0.5120228779996978,,
3825801,2016-03-02,Sevilla,Eibar,971,722,0,0,206,204,204,137,2,0,135,68,67,127,129,43,35,857,334,32.64010465515449,6.217248937900877e-15,success,0.5362721589990542,,
266653,2016-03-03,Rayo Vallecano,Barcelona,884,706,0,0,183,181,181,121,1,0,120,60,60,110,158,32,25,826,325,31.354077244701365,3.552713678800501e-15,success,0.4827800400016713,,
3825802,2016-03-03,Espanyol,Real Betis,873,641,0,0,201,199,199,134,1,0,133,66,67,127,108,35,44,774,314,30.249451780952143,1.7763568394002505e-14,success,0.5270750050003699,,
3825803,2016-03-03,Granada,Sporting Gijón,926,682,0,0,186,184,184,107,1,0,106,53,53,134,110,28,35,788,307,31.091904617772393,6.217248937900877e-15,success,0.5079024719998415,,
3825804,2016-03-05,RC Deportivo La Coruña,Málaga,957,681,0,0,193,191,191,130,2,0,128,64,64,133,113,37,33,809,316,27.747515292470002,2.55351295663786e-15,success,0.5308609919993614,,
3825805,2016-03-05,Villarreal,Las Palmas,1230,995,0,0,194,192,192,128,1,0,127,63,64,137,142,38,29,1122,346,40.23029400965923,7.993605777301127e-15,success,0.5212619470003119,,
3825806,2016-03-05,Real Madrid,Celta Vigo,1069,886,0,0,187,185,185,123,2,0,121,61,60,142,140,31,37,1007,350,40.0979112119438,5.551115123125783e-15,success,0.5977550010029518,,
3825867,2016-03-05,Getafe,Sevilla,841,574,0,0,216,214,214,117,1,0,116,58,58,107,118,31,33,690,289,23.03837131285298,1.509903313490213e-14,success,0.5614992689988867,,
266056,2016-03-06,Eibar,Barcelona,1147,935,0,0,200,198,198,132,2,0,130,65,65,112,161,38,38,1065,349,53.82914121304999,1.9539925233402755e-14,success,0.533410169002309,,
3825807,2016-03-06,Valencia,Atlético Madrid,1106,850,0,0,196,194,194,125,0,0,125,63,62,125,138,44,35,975,342,37.858245468288615,1.0658141036401503e-14,success,0.5214549080010329,,
3825808,2016-03-06,Sporting Gijón,Athletic Club,1011,760,0,0,204,202,202,126,2,0,124,62,62,123,137,32,33,884,325,34.263478486403066,1.0658141036401503e-14,success,0.5416268469998613,,
3825809,2016-03-06,Real Betis,Granada,831,627,0,0,187,185,185,112,1,0,111,55,56,104,134,33,31,738,302,28.71378181901293,4.884981308350689e-15,success,0.5048117840015038,,
3825810,2016-03-06,Real Sociedad,Levante UD,928,688,0,0,226,224,224,161,2,0,159,80,79,141,123,40,47,847,351,38.16576147057676,1.9539925233402755e-14,success,0.5856233090016758,,
3825811,2016-03-07,Espanyol,Rayo Vallecano,888,660,0,0,188,186,186,120,1,0,119,59,60,101,137,37,38,779,313,40.765780599319804,1.1102230246251565e-14,success,0.4904724339976383,,
3825812,2016-03-11,Málaga,Sporting Gijón,994,704,0,0,203,201,201,137,2,0,135,68,67,125,119,40,39,839,323,33.8222826500623,4.440892098500626e-15,success,0.5315974850018392,,
266498,2016-03-12,Barcelona,Getafe,1034,882,0,0,164,162,162,110,1,0,109,54,55,154,106,26,26,991,312,43.260406234428814,1.199040866595169e-14,success,0.4429900169998291,,
3825813,2016-03-12,Atlético Madrid,RC Deportivo La Coruña,1032,825,0,0,187,185,185,112,1,0,111,55,56,124,125,25,31,936,305,43.495885875700424,2.886579864025407e-15,success,0.5082467259999248,,
3825814,2016-03-12,Celta Vigo,Real Sociedad,946,676,0,0,220,218,218,135,2,0,133,67,66,120,148,46,36,809,350,26.80309833796734,3.552713678800501e-15,success,0.5833641630015336,,
3825858,2016-03-12,Rayo Vallecano,Eibar,836,518,0,0,215,213,213,131,0,0,131,66,65,134,108,39,35,649,316,22.296129186484844,3.9968028886505635e-15,success,0.5826908589988307,,
3825815,2016-03-13,Levante UD,Valencia,905,632,0,0,210,208,208,142,2,0,140,70,70,131,124,37,37,772,329,29.440453020410885,9.769962616701378e-15,success,0.5646240659989417,,
3825816,2016-03-13,Sevilla,Villarreal,900,722,0,0,176,174,174,123,1,0,122,61,61,141,123,28,33,844,325,29.397133130087482,5.10702591327572e-15,success,0.4721786219997739,,
3825844,2016-03-13,Athletic Club,Real Betis,1147,842,0,0,216,214,214,130,0,0,130,65,65,124,134,37,41,972,336,41.046780781604085,2.4868995751603507e-14,success,0.5805396430005203,,
3825879,2016-03-13,Las Palmas,Real Madrid,1106,917,0,0,174,172,172,115,0,0,115,58,57,132,128,40,40,1032,340,47.715240835913626,1.0658141036401503e-14,success,0.5110305249982048,,
3825881,2016-03-14,Granada,Espanyol,822,588,0,0,184,182,182,108,1,0,107,53,54,102,130,34,34,695,300,33.762818586949486,4.618527782440651e-14,success,0.5028667769984168,,
3825817,2016-03-18,Getafe,Eibar,830,565,0,0,215,213,213,136,0,0,136,68,68,92,123,42,33,701,290,29.9056861771873,8.881784197001252e-15,success,0.6049273929966148,,
3825818,2016-03-19,Real Sociedad,Las Palmas,967,741,0,0,211,209,209,129,0,0,129,65,64,146,130,33,44,870,353,36.85984997390849,3.3306690738754696e-15,success,0.597700481001084,,
3825880,2016-03-19,RC Deportivo La Coruña,Levante UD,929,684,0,0,182,180,180,121,1,0,120,60,60,134,124,29,34,804,321,31.061359857874,3.1086244689504383e-15,success,0.5378926189987396,,
3825887,2016-03-19,Granada,Rayo Vallecano,835,656,0,0,177,175,175,117,2,0,115,58,57,93,149,35,35,771,312,38.05851293310856,1.4210854715202004e-14,success,0.48126810300163925,,
3825903,2016-03-19,Real Betis,Málaga,971,697,0,0,207,205,205,127,1,0,126,63,63,138,111,34,38,823,321,39.57926610934689,2.4868995751603507e-14,success,0.5480154190008761,,
3825907,2016-03-19,Sporting Gijón,Atlético Madrid,1017,772,0,0,187,185,185,116,2,0,114,57,57,148,104,37,38,886,327,38.487386398204904,7.105427357601002e-15,success,0.5079149740013236,,
266106,2016-03-20,Villarreal,Barcelona,1065,900,0,0,168,166,166,112,1,0,111,55,56,110,157,29,33,1011,329,50.1329680413442,2.042810365310288e-14,success,0.45234364699717844,,
3825819,2016-03-20,Valencia,Celta Vigo,973,732,0,0,204,202,202,143,1,0,142,71,71,136,138,39,37,874,350,30.382202971580384,6.217248937900877e-15,success,0.5362358060010592,,
3825820,2016-03-20,Real Madrid,Sevilla,1027,847,0,0,204,202,202,110,1,0,109,54,55,155,115,25,35,956,330,40.98231577768106,1.7763568394002505e-14,success,0.5417112700015423,,
3825821,2016-03-20,Espanyol,Athletic Club,960,707,0,0,196,194,194,131,1,0,130,65,65,122,143,38,45,837,348,34.192666029395,5.773159728050814e-15,success,0.5219891740016465,,
3825885,2016-04-01,Rayo Vallecano,Getafe,775,537,0,0,210,208,208,123,1,0,122,61,61,115,117,40,31,659,303,24.101444444992325,7.549516567451064e-15,success,0.5557820589965559,,
267533,2016-04-02,Barcelona,Real Madrid,1062,924,0,0,174,172,172,118,0,0,118,59,59,144,112,30,35,1042,321,56.41639710781857,8.881784197001252e-15,success,0.4722316899969883,,
3825822,2016-04-02,Las Palmas,Valencia,981,749,0,0,198,196,196,130,1,0,129,64,65,148,113,32,39,878,332,37.024363663151014,1.865174681370263e-14,success,0.5192549010025687,,
3825872,2016-04-02,Atlético Madrid,Real Betis,985,770,0,0,195,193,193,114,1,0,113,56,57,128,128,33,36,883,325,35.117675096440315,2.1316282072803006e-14,success,0.5135867890021473,,
3825898,2016-04-02,Celta Vigo,RC Deportivo La Coruña,944,689,0,0,192,190,190,112,0,0,112,56,56,143,111,30,37,801,321,32.68010001849521,1.3322676295501878e-14,success,0.4997959959982836,,
3825823,2016-04-03,Sevilla,Real Sociedad,898,654,0,0,215,213,213,124,1,0,123,61,62,140,98,34,36,777,308,30.701385756593112,1.1546319456101628e-14,success,0.5555813920000219,,
3825824,2016-04-03,Eibar,Villarreal,1022,704,0,0,230,228,228,142,0,0,142,71,71,118,128,44,44,846,334,31.003772491493557,5.329070518200751e-15,success,0.5945821060013259,,
3825877,2016-04-03,Athletic Club,Granada,909,692,0,0,186,184,184,113,1,0,112,56,56,125,118,33,38,804,314,31.079256684932638,5.329070518200751e-15,success,0.4889672099998279,,
3825905,2016-04-03,Málaga,Espanyol,926,654,0,0,196,194,194,132,1,0,131,65,66,133,107,33,39,785,312,35.860717937439844,2.6645352591003757e-15,success,0.5306660030000785,,
3825825,2016-04-04,Levante UD,Sporting Gijón,877,600,0,0,208,206,206,137,1,0,136,68,68,135,107,39,45,736,326,25.62884379459623,3.9968028886505635e-15,success,0.5582133440002508,,
3825826,2016-04-08,Granada,Málaga,891,663,0,0,196,194,194,126,1,0,125,62,63,129,113,40,36,788,318,28.09331007775519,2.6645352591003757e-15,success,0.5373301569998148,,
266664,2016-04-09,Real Sociedad,Barcelona,998,787,0,0,182,180,180,117,1,0,116,58,58,83,169,37,35,903,324,53.57387314907133,7.105427357601002e-15,success,0.532259060000797,,
3825827,2016-04-09,Real Betis,Levante UD,970,731,0,0,185,183,183,120,1,0,119,59,60,123,149,36,35,850,343,43.71972050154415,2.6645352591003757e-14,success,0.5234658819972537,,
3825828,2016-04-09,Espanyol,Atlético Madrid,968,707,0,0,203,200,201,134,3,0,131,65,66,145,123,40,37,838,345,36.12616006896672,1.7763568394002505e-14,success,0.559639643997798,,
3825856,2016-04-09,Real Madrid,Eibar,956,743,0,0,191,189,189,131,2,0,129,65,64,156,104,35,36,872,331,36.434699330616525,1.687538997430238e-14,success,0.5232237419986632,,
3825829,2016-04-10,Athletic Club,Rayo Vallecano,1031,779,0,0,221,219,219,144,1,0,143,71,72,137,135,40,37,922,349,32.45299196507014,4.884981308350689e-15,success,0.5808269230001315,,
3825830,2016-04-10,Villarreal,Getafe,926,674,0,0,192,190,190,127,2,0,125,63,62,124,140,38,42,799,344,28.29660923264331,8.43769498715119e-15,success,0.5061834799998906,,
3825831,2016-04-10,Valencia,Sevilla,847,646,0,0,206,203,204,121,2,0,119,59,60,126,125,33,42,765,326,30.798533551540338,1.5987211554602254e-14,success,0.5384145900025032,,
3825832,2016-04-10,Sporting Gijón,Celta Vigo,902,656,0,0,213,211,211,133,1,0,132,66,66,109,138,32,38,788,317,33.041185693231334,8.881784197001252e-15,success,0.5608570000003965,,
3825863,2016-04-11,RC Deportivo La Coruña,Las Palmas,1065,864,0,0,181,179,179,126,1,0,125,62,63,123,158,35,36,989,352,47.691078042429126,3.907985046680551e-14,success,0.4954473309990135,,
3825857,2016-04-15,Levante UD,Espanyol,844,599,0,0,188,186,186,123,0,0,123,62,61,134,125,45,43,722,347,25.874443469991405,2.6645352591003757e-15,success,0.5021871690005355,,
3825833,2016-04-16,Getafe,Real Madrid,928,777,0,0,186,184,184,109,2,0,107,54,53,121,160,34,31,884,346,35.33859122481738,1.3877787807814457e-14,success,0.5100935489972471,,
3825852,2016-04-16,Las Palmas,Sporting Gijón,986,776,0,0,210,208,208,141,2,0,139,70,69,137,116,45,35,915,333,44.85647318837992,1.9984014443252818e-14,success,0.5749329099999159,,
3825889,2016-04-16,Celta Vigo,Real Betis,958,743,0,0,199,197,197,119,1,0,118,59,59,153,100,30,34,861,317,40.43461434208517,1.3322676295501878e-14,success,0.5329362100019353,,
3825897,2016-04-16,Eibar,Real Sociedad,901,635,0,0,205,203,203,133,1,0,132,66,66,109,137,46,40,767,332,27.156333667237398,2.6645352591003757e-15,success,0.5359679909997794,,
266557,2016-04-17,Barcelona,Valencia,986,784,0,0,182,180,180,125,1,0,124,62,62,154,107,32,43,908,336,38.7550528786128,6.217248937900877e-15,success,0.48540309899908607,,
3825834,2016-04-17,Atlético Madrid,Granada,995,766,0,0,190,188,188,128,0,0,128,64,64,138,119,43,32,894,332,33.73534528077869,1.2656542480726785e-14,success,0.5056712279983913,,
3825835,2016-04-17,Málaga,Athletic Club,892,611,0,0,200,198,198,130,0,0,130,65,65,119,119,44,36,741,318,28.096133561873934,7.771561172376096e-15,success,0.5217049189996033,,
3825836,2016-04-17,Rayo Vallecano,Villarreal,1004,777,0,0,237,235,235,144,1,0,143,71,72,148,125,37,32,920,342,40.737406442443536,6.661338147750939e-15,success,0.6301189729965699,,
3825906,2016-04-17,Sevilla,RC Deportivo La Coruña,1011,799,0,0,206,204,204,124,0,0,124,62,62,133,124,30,39,923,326,35.66506378690416,1.0658141036401503e-14,success,0.5649102960014716,,
3825837,2016-04-19,Real Betis,Las Palmas,1009,822,0,0,172,170,170,112,0,0,112,56,56,134,140,34,40,934,348,35.30949741335393,1.9095836023552692e-14,success,0.46441570300157764,,
3825862,2016-04-19,Espanyol,Celta Vigo,1113,838,0,0,229,227,227,158,0,0,158,79,79,111,146,40,48,996,345,42.060095147439405,7.105427357601002e-15,success,0.6040377880017331,,
266310,2016-04-20,RC Deportivo La Coruña,Barcelona,1151,1011,0,0,158,156,156,109,1,0,108,54,54,126,172,36,22,1119,356,52.55842585722492,8.881784197001252e-15,success,0.4329601960016589,,
3825838,2016-04-20,Athletic Club,Atlético Madrid,1139,892,0,0,207,205,205,139,2,0,137,69,68,155,112,31,46,1029,344,49.34046787926536,7.105427357601002e-15,success,0.5564123779986403,,
3825839,2016-04-20,Sporting Gijón,Sevilla,980,745,0,0,212,210,210,137,0,0,137,69,68,132,145,44,40,882,361,30.93688081649274,5.773159728050814e-15,success,0.5591787400007888,,
3825840,2016-04-20,Valencia,Eibar,1065,846,0,0,178,176,176,119,1,0,118,59,59,142,139,35,34,964,350,33.76553761612338,3.552713678800501e-15,success,0.4775224059994798,,
3825843,2016-04-20,Málaga,Rayo Vallecano,824,601,0,0,200,198,198,116,0,0,116,58,58,126,124,36,36,717,322,23.42974209265567,7.549516567451064e-15,success,0.5433975510022719,,
3825893,2016-04-20,Real Madrid,Villarreal,1235,1030,0,0,194,192,192,122,0,0,122,61,61,151,134,33,39,1152,357,46.882709442969,1.7041923427996153e-14,success,0.5301273059994855,,
3825841,2016-04-21,Real Sociedad,Getafe,947,734,0,0,219,217,217,130,2,0,128,64,64,135,121,35,34,862,325,32.4701108659433,6.217248937900877e-15,success,0.5710163410003588,,
3825896,2016-04-21,Granada,Levante UD,820,625,0,0,189,187,187,117,1,0,116,58,58,121,130,43,37,741,331,25.669987726016192,1.0658141036401503e-14,success,0.4990714779996779,,
3825871,2016-04-22,Las Palmas,Espanyol,1028,846,0,0,196,194,194,113,0,0,113,57,56,137,119,31,36,959,323,40.10322995511677,1.1546319456101628e-14,success,0.5199199479975505,,
265944,2016-04-23,Barcelona,Sporting Gijón,1035,844,0,0,157,155,155,102,1,0,101,50,51,158,95,25,33,945,311,50.209475514642754,7.993605777301127e-15,success,0.42847707200053264,,
3825847,2016-04-23,Eibar,RC Deportivo La Coruña,938,635,0,0,200,198,198,124,0,0,124,62,62,113,120,33,32,759,298,30.362233443615338,1.2434497875801753e-14,success,0.5221465430004173,,
3825886,2016-04-23,Rayo Vallecano,Real Madrid,976,745,0,0,227,225,225,147,0,0,147,74,73,105,148,41,32,892,326,36.70948188651362,8.881784197001252e-15,success,0.5935208999981114,,
3825890,2016-04-23,Atlético Madrid,Málaga,915,644,0,0,202,200,200,120,2,0,118,59,59,115,124,28,35,762,302,37.80168408883961,1.8263168755083825e-14,success,0.5571728320028342,,
3825842,2016-04-24,Levante UD,Athletic Club,928,667,0,0,206,204,204,134,1,0,133,66,67,113,136,44,33,800,326,43.437025690696316,1.1657341758564144e-14,success,0.5373663750033302,,
3825875,2016-04-24,Villarreal,Real Sociedad,1037,788,0,0,197,195,195,114,1,0,113,56,57,127,136,37,33,901,333,55.788943940725986,2.4868995751603507e-14,success,0.5168175450016861,,
3825884,2016-04-24,Sevilla,Real Betis,752,531,0,0,182,180,180,105,1,0,104,52,52,117,100,31,34,635,282,26.480019115322992,2.6645352591003757e-15,success,0.47307277800064185,,
3825899,2016-04-24,Getafe,Valencia,906,734,0,0,186,184,184,127,0,0,127,64,63,122,136,32,41,861,331,35.43257960972595,1.582067810090848e-14,success,0.48786022100102855,,
3825868,2016-04-25,Celta Vigo,Granada,961,732,0,0,193,191,191,118,1,0,117,58,59,153,119,36,38,849,346,34.57287362381914,7.993605777301127e-15,success,0.5213088910022634,,
3825854,2016-04-29,Sporting Gijón,Eibar,905,671,0,0,195,193,193,123,0,0,123,62,61,102,118,37,33,794,290,31.112730710960847,7.993605777301127e-15,success,0.512811086999136,,
266986,2016-04-30,Real Betis,Barcelona,1055,886,0,0,147,145,145,106,1,0,105,52,53,82,155,42,26,991,305,58.77562839826888,2.1316282072803006e-14,success,0.41192580300048576,,
3825859,2016-04-30,Granada,Las Palmas,1031,806,0,0,187,185,185,125,2,0,123,62,61,112,147,37,45,929,341,43.77647993138763,8.881784197001252e-15,success,0.5212276769998425,,
3825864,2016-04-30,Real Sociedad,Real Madrid,995,761,0,0,226,224,224,128,2,0,126,63,63,125,139,35,36,887,335,31.77619025072474,3.552713678800501e-15,success,0.5978100859974802,,
3825878,2016-04-30,Atlético Madrid,Rayo Vallecano,902,632,0,0,232,230,230,131,1,0,130,65,65,99,140,36,39,762,314,33.2207893158412,7.105427357601002e-15,success,0.6061961679988599,,
3825845,2016-05-01,Espanyol,Sevilla,854,622,0,0,201,199,199,128,2,0,126,63,63,116,140,37,36,748,329,31.597950485078346,8.881784197001252e-15,success,0.5420192639976449,,
3825870,2016-05-01,Athletic Club,Celta Vigo,895,607,0,0,185,183,183,110,1,0,109,54,55,135,116,31,35,716,317,26.379205078397266,6.217248937900877e-15,success,0.5004908969967801,,
3825873,2016-05-01,Valencia,Villarreal,1120,924,0,0,186,184,184,124,1,0,123,61,62,148,144,33,31,1047,356,44.179783247294566,1.6708856520608606e-14,success,0.5036961429977964,,
3825894,2016-05-01,RC Deportivo La Coruña,Getafe,853,635,0,0,200,198,198,112,1,0,111,55,56,138,128,31,34,746,331,28.59354153353781,4.315992008230296e-15,success,0.5341308880015276,,
3825855,2016-05-02,Málaga,Levante UD,894,639,0,0,216,214,214,130,1,0,129,64,65,131,124,34,41,768,330,30.858358139606583,7.993605777301127e-15,success,0.5845930530012993,,
265958,2016-05-08,Barcelona,Espanyol,933,758,0,0,182,180,180,115,1,0,114,57,57,154,88,34,40,872,316,41.83531953425839,7.105427357601002e-15,success,0.512013649000437,,
3825850,2016-05-08,Celta Vigo,Málaga,1044,788,0,0,195,193,193,135,1,0,134,67,67,150,134,34,32,922,350,35.96668062058972,1.509903313490213e-14,success,0.5479332789982436,,
3825851,2016-05-08,Villarreal,RC Deportivo La Coruña,1012,816,0,0,165,163,163,100,0,0,100,50,50,158,93,29,30,916,310,44.02831942004872,1.0658141036401503e-14,success,0.4983885440015001,,
3825853,2016-05-08,Sevilla,Granada,863,655,0,0,202,200,200,122,1,0,121,60,61,134,114,40,37,776,325,33.24171069451691,3.1086244689504383e-15,success,0.5470323310000822,,
3825860,2016-05-08,Levante UD,Atlético Madrid,1134,908,0,0,211,209,209,143,0,0,143,72,71,157,133,44,33,1051,367,37.04291975760231,1.7763568394002505e-14,success,0.5585856249999779,,
3825861,2016-05-08,Real Sociedad,Rayo Vallecano,947,677,0,0,231,229,229,143,2,0,141,71,70,115,139,50,40,818,344,31.1252682418029,1.2434497875801753e-14,success,0.5897170649986947,,
3825865,2016-05-08,Getafe,Sporting Gijón,801,566,0,0,207,205,205,135,1,0,134,67,67,131,104,34,46,700,315,24.017641102370767,2.4424906541753444e-15,success,0.5338630469996133,,
3825866,2016-05-08,Las Palmas,Athletic Club,1145,908,0,0,224,222,222,135,1,0,134,67,67,137,133,40,42,1042,352,51.61440006425606,1.509903313490213e-14,success,0.6235850230004871,,
3825901,2016-05-08,Real Madrid,Valencia,1208,1047,0,0,212,210,210,113,1,0,112,56,56,131,143,34,33,1159,341,44.932467644535585,5.995204332975845e-15,success,0.5800324690026173,,
3825904,2016-05-08,Eibar,Real Betis,1048,773,0,0,208,206,206,131,1,0,130,65,65,140,117,35,38,903,330,38.48360231698386,1.687538997430238e-14,success,0.5396489220001968,,
3825849,2016-05-13,Valencia,Real Sociedad,964,719,0,0,215,213,213,141,1,0,140,70,70,122,138,39,36,859,335,30.00602659058004,4.6629367034256575e-15,success,0.5558785640023416,,
267506,2016-05-14,Granada,Barcelona,911,746,0,0,162,160,160,105,1,0,104,52,52,87,150,31,27,850,295,37.07860558113905,1.4210854715202004e-14,success,0.43530238299717894,,
3825846,2016-05-14,RC Deportivo La Coruña,Real Madrid,1187,1016,0,0,174,172,172,126,0,0,126,63,63,134,159,37,31,1142,361,48.64737645547756,9.325873406851315e-15,success,0.5209123929998896,,
3825869,2016-05-14,Athletic Club,Sevilla,1006,788,0,0,199,197,197,117,1,0,116,58,58,143,125,33,35,904,336,34.43804454419548,1.021405182655144e-14,success,0.5153153560022474,,
3825882,2016-05-14,Atlético Madrid,Celta Vigo,1085,861,0,0,207,205,205,130,1,0,129,64,65,125,152,39,42,990,358,33.89796432889257,4.551914400963142e-15,success,0.5433439589978661,,
3825876,2016-05-15,Real Betis,Getafe,928,735,0,0,194,192,192,121,1,0,120,60,60,136,121,34,32,855,323,37.980048907142184,3.375077994860476e-14,success,0.5295573510011309,,
3825883,2016-05-15,Málaga,Las Palmas,970,783,0,0,190,188,188,128,1,0,127,63,64,110,145,42,35,910,332,39.55853875309545,7.105427357601002e-15,success,0.5066040989986504,,
3825900,2016-05-15,Sporting Gijón,Villarreal,1094,917,0,0,185,183,183,122,1,0,121,60,61,139,133,29,35,1038,336,41.85722925199198,9.769962616701378e-15,success,0.5512670909993176,,
3825902,2016-05-15,Rayo Vallecano,Levante UD,1038,814,0,0,213,211,211,140,1,0,139,69,70,140,140,30,45,953,355,34.63206184655741,3.552713678800501e-15,success,0.6285774530006165,,
3825908,2016-05-15,Espanyol,Eibar,959,673,0,0,202,200,200,130,0,0,130,65,65,124,134,32,37,803,327,28.07630570008501,5.773159728050814e-15,success,0.5300083990005078,,
