column,role,feature_family,used_as_predictor
match_id,identifier,metadata,False
clean_date,identifier,metadata,False
home_team,identifier,metadata,False
away_team,identifier,metadata,False
target_outcome,target,target,False
target_margin,target,target,False
feat_home_rolling_gf,predictor,conventional,True
feat_home_rolling_ga,predictor,conventional,True
feat_away_rolling_gf,predictor,conventional,True
feat_away_rolling_ga,predictor,conventional,True
feat_home_history_count,predictor,conventional,True
feat_away_history_count,predictor,conventional,True
home_completed_passes_roll3_mean,predictor,network,True
home_possession_losses_roll3_mean,predictor,network,True
home_possession_recoveries_roll3_mean,predictor,network,True
home_accumulated_eigenvector_centrality_roll3_mean,predictor,network,True
home_maximum_zone_centrality_roll3_mean,predictor,network,True
home_mean_zone_centrality_roll3_mean,predictor,network,True
home_mean_zone_leakage_roll3_mean,predictor,network,True
home_median_zone_leakage_roll3_mean,predictor,network,True
home_maximum_zone_leakage_roll3_mean,predictor,network,True
home_mean_zone_recovery_roll3_mean,predictor,network,True
home_median_zone_recovery_roll3_mean,predictor,network,True
home_maximum_zone_recovery_roll3_mean,predictor,network,True
home_switching_factor_roll3_mean,predictor,network,True
home_finite_switching_zones_roll3_mean,predictor,network,True
home_undefined_switching_zones_roll3_mean,predictor,network,True
home_completed_passes_roll5_mean,predictor,network,True
home_possession_losses_roll5_mean,predictor,network,True
home_possession_recoveries_roll5_mean,predictor,network,True
home_accumulated_eigenvector_centrality_roll5_mean,predictor,network,True
home_maximum_zone_centrality_roll5_mean,predictor,network,True
home_mean_zone_centrality_roll5_mean,predictor,network,True
home_mean_zone_leakage_roll5_mean,predictor,network,True
home_median_zone_leakage_roll5_mean,predictor,network,True
home_maximum_zone_leakage_roll5_mean,predictor,network,True
home_mean_zone_recovery_roll5_mean,predictor,network,True
home_median_zone_recovery_roll5_mean,predictor,network,True
home_maximum_zone_recovery_roll5_mean,predictor,network,True
home_switching_factor_roll5_mean,predictor,network,True
home_finite_switching_zones_roll5_mean,predictor,network,True
home_undefined_switching_zones_roll5_mean,predictor,network,True
home_completed_passes_roll10_mean,predictor,network,True
home_possession_losses_roll10_mean,predictor,network,True
home_possession_recoveries_roll10_mean,predictor,network,True
home_accumulated_eigenvector_centrality_roll10_mean,predictor,network,True
home_maximum_zone_centrality_roll10_mean,predictor,network,True
home_mean_zone_centrality_roll10_mean,predictor,network,True
home_mean_zone_leakage_roll10_mean,predictor,network,True
home_median_zone_leakage_roll10_mean,predictor,network,True
home_maximum_zone_leakage_roll10_mean,predictor,network,True
home_mean_zone_recovery_roll10_mean,predictor,network,True
home_median_zone_recovery_roll10_mean,predictor,network,True
home_maximum_zone_recovery_roll10_mean,predictor,network,True
home_switching_factor_roll10_mean,predictor,network,True
home_finite_switching_zones_roll10_mean,predictor,network,True
home_undefined_switching_zones_roll10_mean,predictor,network,True
home_completed_passes_expanding_mean,predictor,network,True
home_possession_losses_expanding_mean,predictor,network,True
home_possession_recoveries_expanding_mean,predictor,network,True
home_accumulated_eigenvector_centrality_expanding_mean,predictor,network,True
home_maximum_zone_centrality_expanding_mean,predictor,network,True
home_mean_zone_centrality_expanding_mean,predictor,network,True
home_mean_zone_leakage_expanding_mean,predictor,network,True
home_median_zone_leakage_expanding_mean,predictor,network,True
home_maximum_zone_leakage_expanding_mean,predictor,network,True
home_mean_zone_recovery_expanding_mean,predictor,network,True
home_median_zone_recovery_expanding_mean,predictor,network,True
home_maximum_zone_recovery_expanding_mean,predictor,network,True
home_switching_factor_expanding_mean,predictor,network,True
home_finite_switching_zones_expanding_mean,predictor,network,True
home_undefined_switching_zones_expanding_mean,predictor,network,True
away_completed_passes_roll3_mean,predictor,network,True
away_possession_losses_roll3_mean,predictor,network,True
away_possession_recoveries_roll3_mean,predictor,network,True
away_accumulated_eigenvector_centrality_roll3_mean,predictor,network,True
away_maximum_zone_centrality_roll3_mean,predictor,network,True
away_mean_zone_centrality_roll3_mean,predictor,network,True
away_mean_zone_leakage_roll3_mean,predictor,network,True
away_median_zone_leakage_roll3_mean,predictor,network,True
away_maximum_zone_leakage_roll3_mean,predictor,network,True
away_mean_zone_recovery_roll3_mean,predictor,network,True
away_median_zone_recovery_roll3_mean,predictor,network,True
away_maximum_zone_recovery_roll3_mean,predictor,network,True
away_switching_factor_roll3_mean,predictor,network,True
away_finite_switching_zones_roll3_mean,predictor,network,True
away_undefined_switching_zones_roll3_mean,predictor,network,True
away_completed_passes_roll5_mean,predictor,network,True
away_possession_losses_roll5_mean,predictor,network,True
away_possession_recoveries_roll5_mean,predictor,network,True
away_accumulated_eigenvector_centrality_roll5_mean,predictor,network,True
away_maximum_zone_centrality_roll5_mean,predictor,network,True
away_mean_zone_centrality_roll5_mean,predictor,network,True
away_mean_zone_leakage_roll5_mean,predictor,network,True
away_median_zone_leakage_roll5_mean,predictor,network,True
away_maximum_zone_leakage_roll5_mean,predictor,network,True
away_mean_zone_recovery_roll5_mean,predictor,network,True
away_median_zone_recovery_roll5_mean,predictor,network,True
away_maximum_zone_recovery_roll5_mean,predictor,network,True
away_switching_factor_roll5_mean,predictor,network,True
away_finite_switching_zones_roll5_mean,predictor,network,True
away_undefined_switching_zones_roll5_mean,predictor,network,True
away_completed_passes_roll10_mean,predictor,network,True
away_possession_losses_roll10_mean,predictor,network,True
away_possession_recoveries_roll10_mean,predictor,network,True
away_accumulated_eigenvector_centrality_roll10_mean,predictor,network,True
away_maximum_zone_centrality_roll10_mean,predictor,network,True
away_mean_zone_centrality_roll10_mean,predictor,network,True
away_mean_zone_leakage_roll10_mean,predictor,network,True
away_median_zone_leakage_roll10_mean,predictor,network,True
away_maximum_zone_leakage_roll10_mean,predictor,network,True
away_mean_zone_recovery_roll10_mean,predictor,network,True
away_median_zone_recovery_roll10_mean,predictor,network,True
away_maximum_zone_recovery_roll10_mean,predictor,network,True
away_switching_factor_roll10_mean,predictor,network,True
away_finite_switching_zones_roll10_mean,predictor,network,True
away_undefined_switching_zones_roll10_mean,predictor,network,True
away_completed_passes_expanding_mean,predictor,network,True
away_possession_losses_expanding_mean,predictor,network,True
away_possession_recoveries_expanding_mean,predictor,network,True
away_accumulated_eigenvector_centrality_expanding_mean,predictor,network,True
away_maximum_zone_centrality_expanding_mean,predictor,network,True
away_mean_zone_centrality_expanding_mean,predictor,network,True
away_mean_zone_leakage_expanding_mean,predictor,network,True
away_median_zone_leakage_expanding_mean,predictor,network,True
away_maximum_zone_leakage_expanding_mean,predictor,network,True
away_mean_zone_recovery_expanding_mean,predictor,network,True
away_median_zone_recovery_expanding_mean,predictor,network,True
away_maximum_zone_recovery_expanding_mean,predictor,network,True
away_switching_factor_expanding_mean,predictor,network,True
away_finite_switching_zones_expanding_mean,predictor,network,True
away_undefined_switching_zones_expanding_mean,predictor,network,True
diff_completed_passes_roll3_mean,predictor,network,True
diff_possession_losses_roll3_mean,predictor,network,True
diff_possession_recoveries_roll3_mean,predictor,network,True
diff_accumulated_eigenvector_centrality_roll3_mean,predictor,network,True
diff_maximum_zone_centrality_roll3_mean,predictor,network,True
diff_mean_zone_centrality_roll3_mean,predictor,network,True
diff_mean_zone_leakage_roll3_mean,predictor,network,True
diff_median_zone_leakage_roll3_mean,predictor,network,True
diff_maximum_zone_leakage_roll3_mean,predictor,network,True
diff_mean_zone_recovery_roll3_mean,predictor,network,True
diff_median_zone_recovery_roll3_mean,predictor,network,True
diff_maximum_zone_recovery_roll3_mean,predictor,network,True
diff_switching_factor_roll3_mean,predictor,network,True
diff_finite_switching_zones_roll3_mean,predictor,network,True
diff_undefined_switching_zones_roll3_mean,predictor,network,True
diff_completed_passes_roll5_mean,predictor,network,True
diff_possession_losses_roll5_mean,predictor,network,True
diff_possession_recoveries_roll5_mean,predictor,network,True
diff_accumulated_eigenvector_centrality_roll5_mean,predictor,network,True
diff_maximum_zone_centrality_roll5_mean,predictor,network,True
diff_mean_zone_centrality_roll5_mean,predictor,network,True
diff_mean_zone_leakage_roll5_mean,predictor,network,True
diff_median_zone_leakage_roll5_mean,predictor,network,True
diff_maximum_zone_leakage_roll5_mean,predictor,network,True
diff_mean_zone_recovery_roll5_mean,predictor,network,True
diff_median_zone_recovery_roll5_mean,predictor,network,True
diff_maximum_zone_recovery_roll5_mean,predictor,network,True
diff_switching_factor_roll5_mean,predictor,network,True
diff_finite_switching_zones_roll5_mean,predictor,network,True
diff_undefined_switching_zones_roll5_mean,predictor,network,True
diff_completed_passes_roll10_mean,predictor,network,True
diff_possession_losses_roll10_mean,predictor,network,True
diff_possession_recoveries_roll10_mean,predictor,network,True
diff_accumulated_eigenvector_centrality_roll10_mean,predictor,network,True
diff_maximum_zone_centrality_roll10_mean,predictor,network,True
diff_mean_zone_centrality_roll10_mean,predictor,network,True
diff_mean_zone_leakage_roll10_mean,predictor,network,True
diff_median_zone_leakage_roll10_mean,predictor,network,True
diff_maximum_zone_leakage_roll10_mean,predictor,network,True
diff_mean_zone_recovery_roll10_mean,predictor,network,True
diff_median_zone_recovery_roll10_mean,predictor,network,True
diff_maximum_zone_recovery_roll10_mean,predictor,network,True
diff_switching_factor_roll10_mean,predictor,network,True
diff_finite_switching_zones_roll10_mean,predictor,network,True
diff_undefined_switching_zones_roll10_mean,predictor,network,True
diff_completed_passes_expanding_mean,predictor,network,True
diff_possession_losses_expanding_mean,predictor,network,True
diff_possession_recoveries_expanding_mean,predictor,network,True
diff_accumulated_eigenvector_centrality_expanding_mean,predictor,network,True
diff_maximum_zone_centrality_expanding_mean,predictor,network,True
diff_mean_zone_centrality_expanding_mean,predictor,network,True
diff_mean_zone_leakage_expanding_mean,predictor,network,True
diff_median_zone_leakage_expanding_mean,predictor,network,True
diff_maximum_zone_leakage_expanding_mean,predictor,network,True
diff_mean_zone_recovery_expanding_mean,predictor,network,True
diff_median_zone_recovery_expanding_mean,predictor,network,True
diff_maximum_zone_recovery_expanding_mean,predictor,network,True
diff_switching_factor_expanding_mean,predictor,network,True
diff_finite_switching_zones_expanding_mean,predictor,network,True
diff_undefined_switching_zones_expanding_mean,predictor,network,True
market_prob_H,benchmark,market,False
market_prob_D,benchmark,market,False
market_prob_A,benchmark,market,False
home_team_match_number,history_context,metadata,False
away_team_match_number,history_context,metadata,False
home_prior_matches_available,history_context,metadata,False
away_prior_matches_available,history_context,metadata,False
diff_prior_matches_available,history_context,metadata,False
