match_id,snapshot_minute,home_team,away_team,home_score,away_score,score_diff,outcome,p_A,p_D,p_H,individual_rps,shap_prematch_market_prob_A,shap_prematch_market_prob_H,shap_score_diff,shap_prematch_diff_p1_mean_zone_leakage_expanding,shap_away_score,shap_prematch_diff_p1_completed_passes_expanding,shap_prematch_home_p1_switching_factor_roll10,shap_prematch_diff_p1_mean_zone_leakage_roll10,shap_prematch_diff_p1_completed_passes_roll10,shap_prematch_home_p1_switching_factor_expanding,top_feature,top_feature_value,top_feature_shap
266557,0,Barcelona,Valencia,0.0,0.0,0.0,A,0.027360677918561907,0.09435320573211554,0.8782861163493225,0.8587068765155076,-0.022406026883378928,-0.026542949012587944,-0.0016301418576145528,-0.01450128043759021,-0.007689120798504511,-0.007849897347363542,-0.011316778825015306,-0.008488547851745592,-0.005283877176136872,-0.006431790377238118,prematch_market_prob_H,0.8377135348226018,-0.026542949012587944
266557,5,Barcelona,Valencia,0.0,0.0,0.0,A,0.027360677918561907,0.09435320573211554,0.8782861163493225,0.8587068765155076,-0.022442408676833354,-0.02662469806326172,-0.001607165138735739,-0.014266028334904918,-0.007725026297123449,-0.007848049408359765,-0.011684022153127261,-0.008509572888634695,-0.005283964738258821,-0.006438662221501841,prematch_market_prob_H,0.8377135348226018,-0.02662469806326172
266557,10,Barcelona,Valencia,0.0,0.0,0.0,A,0.027360677918561907,0.09435320573211554,0.8782861163493225,0.8587068765155076,-0.022294701077516736,-0.02662035492296667,-0.0016343083202927575,-0.014266904848872166,-0.00760264063215575,-0.007861502043662797,-0.011694327825206944,-0.00851115143095309,-0.00528440280338879,-0.0064525157734313335,prematch_market_prob_H,0.8377135348226018,-0.02662035492296667
266557,15,Barcelona,Valencia,0.0,0.0,0.0,A,0.027360677918561907,0.09435320573211554,0.8782861163493225,0.8587068765155076,-0.02228837539524442,-0.02656007446783996,-0.0016365169878322517,-0.014274121218678543,-0.007575155006143568,-0.007798099094642735,-0.011694327825206944,-0.008502391321529197,-0.00528440280338879,-0.006470265140632224,prematch_market_prob_H,0.8377135348226018,-0.02656007446783996
266557,20,Barcelona,Valencia,0.0,0.0,0.0,A,0.027360677918561907,0.09435320573211554,0.8782861163493225,0.8587068765155076,-0.022425141515697355,-0.026463764061205285,-0.001642075676577746,-0.01429810144462212,-0.007776003932414706,-0.007853081288270008,-0.011700259982292184,-0.008506367762154793,-0.0052866371924778,-0.006467189579813911,prematch_market_prob_H,0.8377135348226018,-0.026463764061205285
266557,25,Barcelona,Valencia,0.0,0.0,0.0,A,0.027360677918561907,0.09435320573211554,0.8782861163493225,0.8587068765155076,-0.02229185811512281,-0.026479472634599408,-0.0016144845306100462,-0.014293468074054237,-0.007539852667909453,-0.008188364139391403,-0.011699834231723294,-0.008505038841472037,-0.0052866371924778,-0.006469539710822966,prematch_market_prob_H,0.8377135348226018,-0.026479472634599408
266557,30,Barcelona,Valencia,0.0,1.0,-1.0,A,0.02537477325145476,0.09157517480131536,0.88305005194723,0.8648358634293293,-0.030150603148681124,-0.02642046377136438,0.022883109006047047,-0.015057445676519645,0.01116079504785831,-0.013856520245052177,-0.010669244789544619,-0.00871214137433477,-0.006808700370193111,-0.0061036344185964805,prematch_market_prob_A,0.05617608409986859,-0.030150603148681124
266557,35,Barcelona,Valencia,0.0,1.0,-1.0,A,0.02537477325145476,0.09157517480131536,0.88305005194723,0.8648358634293293,-0.03129866830968765,-0.026416458873615784,0.022897252302063038,-0.015056212627905331,0.011405234706508274,-0.013856520245052177,-0.010681831771680932,-0.008706996635842014,-0.0068060279159741326,-0.006100478026414957,prematch_market_prob_A,0.05617608409986859,-0.03129866830968765
266557,40,Barcelona,Valencia,0.0,1.0,-1.0,A,0.02537477325145476,0.09157517480131536,0.88305005194723,0.8648358634293293,-0.030143874577515634,-0.026226687720976173,0.022944523898364145,-0.015054674600509722,0.010958373874191959,-0.013385823705721897,-0.010680528902779013,-0.00871430537786291,-0.006808262305063142,-0.006099965136892207,prematch_market_prob_A,0.05617608409986859,-0.030143874577515634
266557,45,Barcelona,Valencia,0.0,1.0,-1.0,A,0.03204143991812141,0.09157517480131534,0.8763833852805631,0.8524958060158021,-0.03012944499128139,-0.026231832459468925,0.02435712993394714,-0.015056212627905331,0.012250732338625371,-0.013904075090706524,-0.010683615977363232,-0.00871698290259854,-0.0068060279159741326,-0.006101140121147367,prematch_market_prob_A,0.05617608409986859,-0.03012944499128139
266557,50,Barcelona,Valencia,0.0,2.0,-2.0,A,0.05861767656038484,0.09158813641203335,0.8497941870275819,0.8041754195952184,-0.031219526820199107,-0.02625010844588195,0.03553806570648131,-0.015056212627905331,0.017545444481534903,-0.013904182915268605,-0.007698933794718121,-0.00870591755802917,-0.0068060279159741326,-0.006100919905075951,score_diff,-2.0,0.03553806570648131
266557,55,Barcelona,Valencia,0.0,2.0,-2.0,A,0.05861767656038484,0.09158813641203335,0.8497941870275819,0.8041754195952184,-0.031220668640546668,-0.02622546894753257,0.035539573082712134,-0.015056212627905331,0.01737469828372182,-0.012907694510196417,-0.007698933794718121,-0.008715722348079517,-0.006808262305063142,-0.006100919905075951,score_diff,-2.0,0.035539573082712134
266557,60,Barcelona,Valencia,0.0,2.0,-2.0,A,0.05861767656038484,0.09158813641203335,0.8497941870275819,0.8041754195952184,-0.031220668640546668,-0.026226687720976173,0.03554211105308755,-0.015051447109983563,0.0173753884491681,-0.012907694510196417,-0.0076976309258162,-0.008713255134322393,-0.006805589850844163,-0.006101247945709447,score_diff,-2.0,0.03554211105308755
266557,65,Barcelona,Valencia,1.0,2.0,-1.0,A,0.0425176303943119,0.09472138721582046,0.8627609823898678,0.8305645004200266,-0.028396955868911944,-0.026032691959958953,0.02463226303894302,-0.013765763758792847,0.01613208076576207,-0.013212642395852172,-0.008128664104314605,-0.008529914064479093,-0.0068229082760650475,-0.006057456131846241,prematch_market_prob_A,0.05617608409986859,-0.028396955868911944
266557,70,Barcelona,Valencia,1.0,2.0,-1.0,A,0.0425176303943119,0.09872138721582045,0.8587609823898676,0.827121456490467,-0.028371268860860745,-0.026038418783744452,0.024638758878488033,-0.01376699680740716,0.01615638720356987,-0.01321327132380619,-0.008127361235412684,-0.00853334690076432,-0.006826018795413996,-0.0060810635921913474,prematch_market_prob_A,0.05617608409986859,-0.028371268860860745
266557,75,Barcelona,Valencia,1.0,2.0,-1.0,A,0.0425176303943119,0.09872138721582045,0.8587609823898676,0.827121456490467,-0.02837213394849892,-0.026035632659439457,0.024654179883576956,-0.013762992682782924,0.01614939120169666,-0.01321327132380619,-0.008127361235412684,-0.00852906724990974,-0.006825895450107129,-0.006069599869931352,prematch_market_prob_A,0.05617608409986859,-0.02837213394849892
266557,80,Barcelona,Valencia,1.0,2.0,-1.0,A,0.0425176303943119,0.09872138721582045,0.8587609823898676,0.827121456490467,-0.028387933040582496,-0.026035632659439457,0.024760271336743224,-0.013760995120346318,0.01614854347209941,-0.01321327132380619,-0.008127361235412684,-0.008534748260779863,-0.0068229082760650475,-0.006061682298005844,prematch_market_prob_A,0.05617608409986859,-0.028387933040582496
266557,85,Barcelona,Valencia,1.0,2.0,-1.0,A,0.0425176303943119,0.1020547205491538,0.8554276490565342,0.8242644754380564,-0.027693998068906114,-0.02604077739793221,0.02456564160700448,-0.01376376619635624,0.0161500551722703,-0.01321327132380619,-0.008127361235412684,-0.00853271009349702,-0.006823346341195017,-0.006061682298005844,prematch_market_prob_A,0.05617608409986859,-0.027693998068906114
266557,90,Barcelona,Valencia,1.0,2.0,-1.0,A,0.0425176303943119,0.1020547205491538,0.8554276490565342,0.8242644754380564,-0.029771058203393846,-0.026034413885995856,0.024805418226672836,-0.013760995120346318,0.01614777563750032,-0.013209428736380143,-0.008128664104314605,-0.00853302812278289,-0.006825580730284026,-0.006056714398501657,prematch_market_prob_A,0.05617608409986859,-0.029771058203393846
