match_id,model_rf,method_rf,actual,p_A_rf,p_D_rf,p_H_rf,model_market,method_market,p_A_market,p_D_market,p_H_market,goal_margin,rps_rf,predicted_rf,rps_market,predicted_market,slice_draw,slice_large_margin,slice_market_upset,slice_model_market_disagree
266557,random_forest,raw,A,0.0171877703710541,0.1025909687126859,0.88022126091626,market,raw,0.0561760840998685,0.1061103810775295,0.8377135348226018,-1,0.8703546734386152,H,0.7962837753250187,H,False,False,True,False
3825853,random_forest,raw,A,0.1664521033611515,0.1642000709098853,0.6693478257289632,market,raw,0.4146032477254405,0.2542899919382701,0.3311067603362892,-3,0.5714143038995695,H,0.22616052215699753,A,False,True,False,True
3825823,random_forest,raw,A,0.176165264019237,0.2589705161512621,0.5648642198295009,market,raw,0.1733083712222519,0.2382990104305964,0.5883926183471516,-1,0.49888762952604204,H,0.5148124612083116,H,False,False,True,False
267533,random_forest,raw,A,0.2371549373643618,0.1752014836267822,0.5876435790088561,market,raw,0.1746600741656366,0.2134734239802224,0.6118665018541408,-1,0.46362878276895414,H,0.5277833046337481,H,False,False,True,False
3825841,random_forest,raw,A,0.2015981573769464,0.2971748459589451,0.5012269966641084,market,raw,0.1574768416409351,0.2249669166299073,0.6175562417291575,-1,0.44433700224440476,H,0.5456104920349878,H,False,False,True,False
3825894,random_forest,raw,A,0.2074018088033817,0.2922208567990915,0.500377334397527,market,raw,0.2975303802430419,0.2885143081144649,0.4139553116424931,-2,0.4392946847334628,H,0.3324112833592595,H,False,False,True,False
266664,random_forest,raw,H,0.5032594953176299,0.270260247503083,0.2264802571792872,market,raw,0.6264014466546112,0.2169981916817359,0.1566003616636528,1,0.4258014560803887,A,0.5518508611584354,A,False,False,True,False
3825824,random_forest,raw,A,0.2221501050129038,0.3088785873184172,0.468971307668679,market,raw,0.3741701870850936,0.3180446590223295,0.3077851538925769,-1,0.4124922732739537,H,0.243197327844892,A,False,False,False,True
3825863,random_forest,raw,A,0.2451431078033984,0.3477018072419158,0.4071550849546858,market,raw,0.2599423631123919,0.2835734870317002,0.4564841498559078,-2,0.36779209545058456,H,0.3780315424926709,H,False,False,True,False
3825849,random_forest,raw,A,0.2909702903068755,0.2682339130892817,0.4407957966038427,market,raw,0.2549019607843137,0.2549019607843137,0.4901960784313726,-1,0.3485120317655664,H,0.3977316416762784,H,False,False,True,False
3825873,random_forest,raw,A,0.2669633996028124,0.3781312280625086,0.354905372334679,market,raw,0.2796610169491525,0.288135593220339,0.4322033898305084,-2,0.3316502404169416,D,0.35284401034185586,H,False,False,True,True
3825832,random_forest,raw,A,0.2998810800526651,0.2955696337922632,0.4045492861550716,market,raw,0.40822528363047,0.2888978930307941,0.3028768233387358,-1,0.32691331349840036,H,0.22096584252500073,A,False,False,False,True
3825835,random_forest,raw,A,0.3100358149004943,0.2867056768263565,0.4032585082731491,market,raw,0.2929936305732484,0.2929936305732484,0.4140127388535031,-1,0.3193340006073553,H,0.33563227717148775,H,False,False,True,False
3825851,random_forest,raw,A,0.294373240175811,0.3505362906881508,0.3550904691360382,market,raw,0.30625,0.30625,0.3875,-2,0.31199918272561766,H,0.31572265624999996,H,False,False,True,False
3825838,random_forest,raw,A,0.3089023568085451,0.310303169218951,0.3807944739725038,market,raw,0.4748201438848921,0.2877697841726619,0.237410071942446,-1,0.3113101919163897,H,0.16608871176440146,A,False,False,False,True
