match_id,model,actual_margin,predicted_margin,p_A,p_D,p_H,absolute_error
3825856,scratch_figs,4,-3.611870422922714,0.761145253936862,0.1653153739301501,0.0735393721329877,7.611870422922713
266310,p1_ridge,-5,0.7043230443840688,0.393093491773022,0.2801742180440104,0.3267322901829675,5.7043230443840685
266310,nystroem_ridge,-5,0.5488686151016003,0.3500997821531423,0.2419650386258059,0.4079351792210517,5.5488686151016005
266310,dummy,-5,0.5397489539748954,0.3548883821847843,0.241876724652484,0.4032348931627317,5.539748953974895
3825853,p1_ridge,-3,2.41388298038304,0.087356265292128,0.1072237474330512,0.8054199872748208,5.41388298038304
266310,svr_rbf,-5,-0.0046346631985179,0.4788285022504266,0.2767431514066348,0.2444283463429386,4.995365336801482
266310,kernel_ridge_exact,-5,-0.0959396619278929,0.4274886212580019,0.2871649295076559,0.2853464492343422,4.9040603380721075
3825853,lightgbm,-3,1.7405792211597058,0.1921838192367201,0.204404739724629,0.6034114410386509,4.740579221159706
3825871,scratch_figs,4,-0.6399098462987739,0.4779531066595991,0.2452513579516205,0.2767955353887802,4.639909846298774
266557,scratch_figs,-1,3.585739056661323,0.0987072878133973,0.1719737420578326,0.72931897012877,4.585739056661323
3825833,dummy,-4,0.5397489539748954,0.3548883821847843,0.241876724652484,0.4032348931627317,4.539748953974895
3825833,nystroem_ridge,-4,0.5080176649742357,0.3590825987814856,0.2432235064097663,0.397693894808748,4.508017664974235
267533,scratch_figs,-1,3.49975930262834,0.1029323324508603,0.1749293664199611,0.7221383011291785,4.499759302628339
3825894,p1_ridge,-2,2.463600793112813,0.0824045289580114,0.1027574430777615,0.8148380279642271,4.463600793112813
265958,dummy,5,0.5397489539748954,0.3548883821847843,0.241876724652484,0.4032348931627317,4.460251046025105
265944,dummy,5,0.5397489539748954,0.3548883821847843,0.241876724652484,0.4032348931627317,4.460251046025105
266557,xgboost,-1,3.3604378700256348,0.0322663411498069,0.0725718513131141,0.8951618075370789,4.360437870025635
266310,scratch_figs,-5,-0.6399098462987739,0.4779531066595991,0.2452513579516205,0.2767955353887802,4.360090153701226
3825853,svr_rbf,-3,1.3368372803797706,0.1665359142732711,0.1745398762405447,0.658924209486184,4.33683728037977
3825853,scratch_figs,-3,1.2807337083896453,0.2676108643541314,0.239347414044494,0.4930417216013745,4.280733708389645
265958,nystroem_ridge,5,0.760964956677118,0.3045174787985243,0.2336686828066751,0.4618138383948004,4.239035043322882
3825853,gradient_boosting,-3,1.2225241730302587,0.1789049727316956,0.1999534916070837,0.6211415356612205,4.2225241730302585
266310,gradient_boosting,-5,-0.7911428225479933,0.6023509803713264,0.248589733030218,0.1490592865984555,4.208857177452007
3825896,xgboost,4,-0.1676619052886963,0.4410677850246429,0.2721675932407379,0.2867646217346191,4.167661905288696
265944,nystroem_ridge,5,0.8705046708475986,0.2818805823351958,0.2283047926515519,0.489814625013252,4.129495329152402
3825833,lightgbm,-4,0.1170110217206089,0.3848618040042491,0.2573870556164213,0.3577511403793295,4.117011021720609
3825833,scratch_figs,-4,0.0968336400644844,0.394046318970579,0.2502267410560647,0.3557269399733562,4.096833640064484
3825896,gradient_boosting,4,-0.0577224608305572,0.446267662867188,0.2647388645189547,0.2889934726138572,4.057722460830557
266310,random_forest,-5,-0.9686391600582944,0.5864241806762085,0.2842849746665222,0.1292908446572691,4.031360839941706
266557,lightgbm,-1,3.020308497139852,0.0932096080704611,0.1429075224433715,0.7638828694861672,4.020308497139852
3825833,kernel_ridge_exact,-4,0.0032929245353895,0.4133581620758867,0.2788364885031064,0.3078053494210068,4.00329292453539
266557,gradient_boosting,-1,3.000481762729845,0.025348311004839,0.0682782157709538,0.9063734732242072,4.000481762729844
3825853,random_forest,-3,0.9808994722583644,0.2396895175803259,0.2097532852402321,0.5505571971794421,3.9808994722583644
265958,kernel_ridge_exact,5,1.0555637608886843,0.2450894142749801,0.1728252832878458,0.582085302437174,3.9444362391113157
3825833,svr_rbf,-4,-0.0899363172740272,0.4988429419428978,0.2776027985859891,0.223554259471113,3.9100636827259727
3825896,scratch_figs,4,0.0968336400644844,0.394046318970579,0.2502267410560647,0.3557269399733562,3.9031663599355158
3825853,kernel_ridge_exact,-3,0.894556909663228,0.2710632166682644,0.1898481697404667,0.5390886135912688,3.894556909663228
3825833,random_forest,-4,-0.1158788613195411,0.4459820271019194,0.2799396768274304,0.2740782960706502,3.884121138680459
266310,xgboost,-5,-1.1370463371276855,0.6008458137512207,0.2598748505115509,0.1392792910337448,3.8629536628723145
3825896,random_forest,4,0.1518992647324383,0.3954659564930619,0.2692093205198441,0.335324722987094,3.8481007352675616
266557,random_forest,-1,2.829556063060892,0.0421414726240151,0.064567386426149,0.8932911409498357,3.829556063060892
3825896,kernel_ridge_exact,4,0.1784157103834803,0.3871840132415927,0.263115094710565,0.3497008920478423,3.8215842896165197
3825833,xgboost,-4,-0.1832133382558822,0.4438430070877075,0.2723231911659241,0.2838338613510132,3.8167866617441177
3825853,xgboost,-3,0.7459128499031067,0.2792549133300781,0.2408666312694549,0.4798784852027893,3.7459128499031067
3825896,lightgbm,4,0.298695260634048,0.3610607860731842,0.2543373021662737,0.3846019117605419,3.701304739365952
3825833,p1_ridge,-4,-0.3168293340570587,0.58390707433045,0.3007947218604633,0.1152982038090866,3.6831706659429413
3825853,nystroem_ridge,-3,0.6508271854783045,0.3279390528265025,0.238337152110224,0.4337237950632735,3.6508271854783043
3825871,random_forest,4,0.3579669580160158,0.3557622174180436,0.2577833861506351,0.3864543964313212,3.6420330419839844
3825851,p1_ridge,-2,1.627092896478254,0.1999170022028981,0.1910745009527255,0.6090084968443763,3.627092896478254
3825833,gradient_boosting,-4,-0.4132665785358185,0.5252764813348406,0.261345552037583,0.2133779666275763,3.5867334214641815
3825871,lightgbm,4,0.4492459355920986,0.3415466156717431,0.2511676786610332,0.4072857056672238,3.5507540644079016
3825853,dummy,-3,0.5397489539748954,0.3548883821847843,0.241876724652484,0.4032348931627317,3.5397489539748954
267506,dummy,-3,0.5397489539748954,0.3548883821847843,0.241876724652484,0.4032348931627317,3.5397489539748954
267506,nystroem_ridge,-3,0.5309993415436977,0.3540226555277776,0.242529478822145,0.4034478656500773,3.5309993415436978
3825840,nystroem_ridge,4,0.4718973128894367,0.3670658971406403,0.244241154906168,0.3886929479531916,3.528102687110563
3825823,p1_ridge,-1,2.516856243008541,0.0773619292506381,0.0981167782053214,0.8245212925440404,3.516856243008541
3825871,xgboost,4,0.4878123700618744,0.3235755860805511,0.2538989782333374,0.4225254356861114,3.5121876299381256
3825896,nystroem_ridge,4,0.4892213106580505,0.3632325376656942,0.2437642786220196,0.3930031837122861,3.5107786893419495
3825840,kernel_ridge_exact,4,0.5018278824186397,0.335694533613407,0.2312554654388474,0.4330500009477455,3.49817211758136
3825871,nystroem_ridge,4,0.5233428963541513,0.3557066091847007,0.2427646958915874,0.4015286949237119,3.4766571036458487
3825840,gradient_boosting,4,0.5367043088854972,0.3116942712210153,0.2481272812029574,0.4401784475760272,3.463295691114503
3825872,dummy,4,0.5397489539748954,0.3548883821847843,0.241876724652484,0.4032348931627317,3.4602510460251046
3825871,dummy,4,0.5397489539748954,0.3548883821847843,0.241876724652484,0.4032348931627317,3.4602510460251046
3825896,dummy,4,0.5397489539748954,0.3548883821847843,0.241876724652484,0.4032348931627317,3.4602510460251046
3825840,dummy,4,0.5397489539748954,0.3548883821847843,0.241876724652484,0.4032348931627317,3.4602510460251046
3825871,gradient_boosting,4,0.5408542064892005,0.3107891086803233,0.2479152079368084,0.4412956833828682,3.4591457935107996
3825840,xgboost,4,0.5559629797935486,0.3116709887981415,0.250744491815567,0.4375845193862915,3.4440370202064514
3825896,svr_rbf,4,0.5687331318900917,0.3366692352705985,0.2509477248359378,0.4123830398934637,3.4312668681099083
3825840,random_forest,4,0.5887497601931329,0.3114627499213692,0.2420289450626956,0.4465083050159351,3.411250239806867
266557,svr_rbf,-1,2.3209366995158414,0.0490324031548229,0.0795238244888604,0.8714437723563166,3.3209366995158414
3825856,nystroem_ridge,4,0.679695254886458,0.3217430102131955,0.2371869488247077,0.4410700409620966,3.320304745113542
265944,kernel_ridge_exact,5,1.6857891998586794,0.1542908838312721,0.1117269544296463,0.7339821617390816,3.3142108001413204
266310,lightgbm,-5,-1.6889634983500297,0.6100556022995309,0.2435126902106024,0.1464317074898667,3.31103650164997
3825840,svr_rbf,4,0.7054323137314205,0.3029279203266862,0.2399163612580841,0.4571557184152295,3.2945676862685795
3825894,scratch_figs,-2,1.2807337083896453,0.2676108643541314,0.239347414044494,0.4930417216013745,3.2807337083896453
3825863,scratch_figs,-2,1.2807337083896453,0.2676108643541314,0.239347414044494,0.4930417216013745,3.2807337083896453
3825846,p1_ridge,-2,1.2777778304676644,0.2689312225949515,0.2300165332072238,0.5010522441978246,3.2777778304676644
3825871,kernel_ridge_exact,4,0.741142737054519,0.2962734869976985,0.2061677291841532,0.4975587838181482,3.258857262945481
3825872,lightgbm,4,0.7449666855817106,0.3040737551699449,0.2433285133714734,0.4525977314585817,3.2550333144182892
267506,p1_ridge,-3,0.2522046131131397,0.4861034957620901,0.3000753209355308,0.2138211833023789,3.2522046131131397
267533,lightgbm,-1,2.231846027187052,0.14789113531793,0.1810025720993007,0.6711062925827691,3.231846027187052
3825872,svr_rbf,4,0.7702637041906983,0.2872553354177395,0.2341429611735869,0.4786017034086735,3.2297362958093014
3825863,p1_ridge,-2,1.2230632248699174,0.2804598079735799,0.23573995296079,0.4838002390656301,3.223063224869917
3825873,p1_ridge,-2,1.1889468651943698,0.287717932350887,0.239231593356786,0.473050474292327,3.18894686519437
3825872,kernel_ridge_exact,4,0.8791385640928518,0.2735822135904064,0.1914879656169848,0.5349298207926088,3.1208614359071483
267533,xgboost,-1,2.1036641597747803,0.1030448824167251,0.1462047845125198,0.7507503628730774,3.1036641597747803
265958,svr_rbf,5,1.930538063796944,0.0822549934403673,0.1121889182071741,0.8055560883524585,3.069461936203056
3825894,lightgbm,-2,0.9949479946924902,0.2736175969220303,0.2351699979271188,0.4912124051508508,2.99494799469249
267533,gradient_boosting,-1,1.9751967910759147,0.0837532733531847,0.1358419116294817,0.7804048150173335,2.9751967910759145
3825894,svr_rbf,-2,0.9512814159097652,0.2451166262186843,0.2165041858130609,0.5383791879682548,2.951281415909765
3825871,svr_rbf,4,1.0732372247492603,0.2184240118784712,0.2036543639017336,0.5779216242197952,2.9267627752507397
3825840,lightgbm,4,1.121112622845426,0.2587734846363102,0.2305766225491966,0.5106498928144931,2.878887377154574
3825872,random_forest,4,1.1968565781691805,0.2035791235731851,0.1901990391884052,0.6062218372384097,2.8031434218308195
3825856,kernel_ridge_exact,4,1.266195760479011,0.2124459376812007,0.1511424078454525,0.6364116544733466,2.733804239520989
3825872,gradient_boosting,4,1.268417919914339,0.1715077439291316,0.1960881825479007,0.6324040735229677,2.731582080085661
3825894,xgboost,-2,0.6690044403076172,0.292229026556015,0.2450502216815948,0.4627206921577453,2.669004440307617
3825894,gradient_boosting,-2,0.6323961011809465,0.2910596634383525,0.2429343032402731,0.4660060333213743,2.6323961011809462
3825872,xgboost,4,1.4049060344696045,0.179775133728981,0.1974330246448516,0.6227918267250061,2.5950939655303955
3825883,random_forest,3,0.5150111526330059,0.3255333022582663,0.2473740789840447,0.4270926187576889,2.484988847366994
3825894,random_forest,-2,0.4491012236968763,0.3381897065035613,0.2519108137155116,0.4098994797809271,2.4491012236968763
