feature,feature_value,shap_value,model,task,local_rank
market_prob_H,0.8377135348226018,0.025139503044318612,random_forest,prematch_classification,0
diff_p1_mean_zone_leakage_expanding,-0.0954901206636172,0.01626848588977785,random_forest,prematch_classification,0
diff_p1_mean_zone_leakage_roll5,-0.10905783599273666,0.016041381343479804,random_forest,prematch_classification,0
market_prob_A,0.05617608409986859,0.015322423718311004,random_forest,prematch_classification,0
diff_event_carries_roll10,233.99999999999994,0.01098438559726308,random_forest,prematch_classification,0
diff_event_carries_expanding,205.9375,0.010301979446424398,random_forest,prematch_classification,0
diff_event_completed_passes_roll10,248.60000000000002,0.010152351785064946,random_forest,prematch_classification,0
diff_p1_completed_passes_roll3,310.0,0.009698983878296949,random_forest,prematch_classification,0
diff_p1_completed_passes_roll10,248.60000000000002,0.009268135002555735,random_forest,prematch_classification,0
diff_p1_mean_zone_leakage_roll10,-0.10329679578679687,0.008981269078761312,random_forest,prematch_classification,0
diff_event_final_third_entries_expanding,19.0625,0.008207213187122255,random_forest,prematch_classification,0
diff_p1_median_zone_leakage_roll10,-0.0739002932232581,0.007692096165401229,random_forest,prematch_classification,0
home_event_xg_expanding,2.279247160703125,0.007590865553171497,random_forest,prematch_classification,0
diff_event_xg_roll5,0.76759271286,0.006682195339332179,random_forest,prematch_classification,0
diff_event_goals_for_roll10,2.1,0.006620373852189895,random_forest,prematch_classification,0
diff_event_fouls_expanding,-6.125,0.006424078639436849,random_forest,prematch_classification,0
diff_p1_maximum_zone_leakage_expanding,-0.35207133901652377,0.006141798735686998,random_forest,prematch_classification,0
home_event_interceptions_expanding,9.46875,0.005865348440576539,random_forest,prematch_classification,0
home_p1_switching_factor_expanding,3.1789428283099843,0.0058615374189698545,random_forest,prematch_classification,0
home_p1_switching_factor_roll10,3.230144509355376,0.005725834303718266,random_forest,prematch_classification,0
diff_event_shots_expanding,4.59375,0.005553388065327011,random_forest,prematch_classification,0
diff_event_shots_on_target_expanding,3.09375,0.005419877997143273,random_forest,prematch_classification,0
home_p1_median_zone_leakage_expanding,0.07409116722249016,0.005338616200808363,random_forest,prematch_classification,0
diff_event_goals_for_expanding,1.59375,0.005300001243501905,random_forest,prematch_classification,0
diff_event_yellow_cards_roll10,-1.1,0.005171090731347168,random_forest,prematch_classification,0
home_p1_mean_zone_leakage_expanding,0.13547472159912083,0.005085397117598681,random_forest,prematch_classification,0
home_p1_mean_zone_leakage_roll5,0.13334900623800988,0.004912938970181196,random_forest,prematch_classification,0
market_prob_D,0.10611038107752954,0.004430278122856955,random_forest,prematch_classification,0
diff_p1_maximum_zone_recovery_expanding,-0.24126047509860443,0.004420942297357845,random_forest,prematch_classification,0
home_event_shots_on_target_roll5,6.2,0.004416271334079656,random_forest,prematch_classification,0
diff_p1_mean_zone_leakage_expanding,-0.06215655122778019,0.020739528885613076,random_forest,prematch_classification,1
diff_p1_mean_zone_leakage_roll5,-0.026621623425711505,0.01712327079598647,random_forest,prematch_classification,1
market_prob_H,0.3311067603362892,-0.014733371912919525,random_forest,prematch_classification,1
market_prob_A,0.4146032477254405,-0.013574503014396866,random_forest,prematch_classification,1
diff_event_final_third_entries_expanding,0.5555555555555571,0.011443243879398787,random_forest,prematch_classification,1
home_p1_switching_factor_roll10,4.258820568789556,0.0081027528696163,random_forest,prematch_classification,1
diff_p1_completed_passes_roll10,76.60000000000002,0.007783657768925582,random_forest,prematch_classification,1
home_event_interceptions_expanding,13.25,0.00710765366674007,random_forest,prematch_classification,1
diff_event_possessions_roll10,12.699999999999989,-0.006060066927722646,random_forest,prematch_classification,1
home_p1_mean_zone_leakage_expanding,0.20280220483519418,0.0059752854286667595,random_forest,prematch_classification,1
home_event_xg_expanding,1.6208404502333333,0.005782047205364949,random_forest,prematch_classification,1
home_p1_maximum_zone_recovery_roll10,0.547666741558324,0.00534394290583079,random_forest,prematch_classification,1
away_event_duels_won_roll10,10.4,0.0050291353279538235,random_forest,prematch_classification,1
diff_event_fouls_roll10,1.0999999999999979,-0.0048316933707314835,random_forest,prematch_classification,1
home_event_interceptions_roll10,14.7,0.004810622276584134,random_forest,prematch_classification,1
diff_event_xg_roll5,-0.18349818013999997,-0.0047184156228281034,random_forest,prematch_classification,1
home_event_duels_won_expanding,11.027777777777779,0.0046366450348292905,random_forest,prematch_classification,1
diff_event_completed_passes_roll10,76.60000000000002,0.004556074910681001,random_forest,prematch_classification,1
diff_event_yellow_cards_roll10,-2.2,0.004433044124194655,random_forest,prematch_classification,1
diff_p1_maximum_zone_leakage_expanding,-0.28391612245778897,0.004104319664064893,random_forest,prematch_classification,1
diff_p1_median_zone_leakage_roll10,-0.04008749090770014,0.0040800434565866584,random_forest,prematch_classification,1
diff_event_shots_on_target_expanding,1.3888888888888884,0.004053412441271348,random_forest,prematch_classification,1
diff_event_interceptions_expanding,-2.3611111111111107,0.003976244331184256,random_forest,prematch_classification,1
home_p1_switching_factor_expanding,4.966330867100293,0.00396393946828774,random_forest,prematch_classification,1
diff_p1_mean_zone_leakage_roll10,-0.054932895914405255,0.0039297755893780845,random_forest,prematch_classification,1
home_event_xg_roll10,1.53778091805,0.0037897994143626856,random_forest,prematch_classification,1
away_event_possessions_roll10,169.8,-0.0035911573103251672,random_forest,prematch_classification,1
diff_event_final_third_entries_roll10,5.800000000000004,0.0035634539803768668,random_forest,prematch_classification,1
home_p1_completed_passes_roll10,371.1,0.0035089698083594625,random_forest,prematch_classification,1
diff_p1_accumulated_eigenvector_centrality_roll10,0.19237119213346365,-0.0034265054326602096,random_forest,prematch_classification,1
market_prob_A,0.17330837122225196,0.01672542894998762,random_forest,prematch_classification,2
market_prob_H,0.5883926183471516,0.012265982730929692,random_forest,prematch_classification,2
diff_event_final_third_entries_expanding,-11.933333333333323,-0.012029432452169891,random_forest,prematch_classification,2
home_event_interceptions_expanding,13.166666666666666,0.011674533960039934,random_forest,prematch_classification,2
home_event_duels_won_expanding,10.966666666666667,0.00810925074305787,random_forest,prematch_classification,2
diff_event_fouls_expanding,1.666666666666666,-0.007847647223452676,random_forest,prematch_classification,2
home_event_xg_expanding,1.6757582173533334,0.00736143860789574,random_forest,prematch_classification,2
market_prob_D,0.23829901043059643,0.0063801025929488865,random_forest,prematch_classification,2
home_event_interceptions_roll10,13.6,0.006325406728755323,random_forest,prematch_classification,2
home_event_duels_won_roll10,9.3,0.0057111044418061635,random_forest,prematch_classification,2
home_p1_median_zone_leakage_expanding,0.13423859508696492,0.005667307862801592,random_forest,prematch_classification,2
diff_p1_mean_zone_leakage_expanding,0.003809516462713325,-0.004819448647570092,random_forest,prematch_classification,2
home_event_xg_roll10,1.7583707668700002,0.004660374592959728,random_forest,prematch_classification,2
home_p1_mean_zone_leakage_expanding,0.20448347792080712,0.004638578786832267,random_forest,prematch_classification,2
home_event_carries_roll10,281.8,-0.004169629540566977,random_forest,prematch_classification,2
home_event_interceptions_roll5,14.2,0.004027484720789844,random_forest,prematch_classification,2
diff_p1_mean_zone_leakage_roll5,-0.026958446116029433,0.003917737158030819,random_forest,prematch_classification,2
diff_p1_mean_zone_leakage_roll10,-0.005732998758057883,-0.0037879535787408943,random_forest,prematch_classification,2
home_event_duels_won_roll5,9.0,0.0036418241913413474,random_forest,prematch_classification,2
home_p1_median_zone_leakage_roll10,0.16419999926605713,-0.0034910940699631543,random_forest,prematch_classification,2
home_p1_switching_factor_expanding,5.15172032841939,0.0034850596192585372,random_forest,prematch_classification,2
diff_event_shots_on_target_expanding,0.6333333333333337,0.0034782904179076527,random_forest,prematch_classification,2
diff_event_recoveries_roll3,-18.0,-0.0034609758054992374,random_forest,prematch_classification,2
diff_event_final_third_entries_roll3,-35.00000000000001,-0.0034223311580128604,random_forest,prematch_classification,2
home_p1_mean_zone_leakage_roll5,0.19255144493325216,0.0033906568702801276,random_forest,prematch_classification,2
home_p1_maximum_zone_centrality_expanding,0.06521699855694921,0.0032371098611765157,random_forest,prematch_classification,2
home_event_rest_days,14.0,-0.0032180939069909537,random_forest,prematch_classification,2
diff_p1_possession_recoveries_roll3,-12.333333333333336,0.003162051003367609,random_forest,prematch_classification,2
home_p1_median_zone_leakage_roll3,0.12620404287070952,-0.003134868276555687,random_forest,prematch_classification,2
diff_p1_maximum_zone_leakage_roll10,-0.288663281163281,0.0031130833975975968,random_forest,prematch_classification,2
market_prob_A,0.05617608409986859,-1.0883733034133911,xgboost,prematch_classification,0
diff_event_yellow_cards_roll10,-1.1,-0.20943045616149902,xgboost,prematch_classification,0
market_prob_H,0.8377135348226018,-0.16275914013385773,xgboost,prematch_classification,0
diff_p1_accumulated_eigenvector_centrality_roll3,0.49122370422331846,0.06162336468696594,xgboost,prematch_classification,0
diff_event_interceptions_expanding,-7.5,-0.041702352464199066,xgboost,prematch_classification,0
away_p1_median_zone_leakage_roll3,0.16098147837278273,0.03777487203478813,xgboost,prematch_classification,0
home_event_interceptions_roll10,8.1,-0.03539447486400604,xgboost,prematch_classification,0
home_p1_mean_zone_leakage_expanding,0.13547472159912083,-0.03363753482699394,xgboost,prematch_classification,0
home_p1_maximum_zone_recovery_roll3,0.5313390313390314,-0.03353911265730858,xgboost,prematch_classification,0
diff_p1_completed_passes_roll10,248.60000000000002,-0.03101218305528164,xgboost,prematch_classification,0
diff_p1_median_zone_leakage_roll5,-0.08789512051529016,0.030857933685183525,xgboost,prematch_classification,0
home_event_yellow_cards_roll10,2.1,-0.02995755895972252,xgboost,prematch_classification,0
home_event_fouls_roll5,13.2,0.029757380485534668,xgboost,prematch_classification,0
home_event_shots_on_target_roll5,6.2,-0.029194217175245285,xgboost,prematch_classification,0
home_p1_switching_factor_roll3,3.4995568171246023,-0.02902716025710106,xgboost,prematch_classification,0
home_p1_possession_recoveries_expanding,58.9375,0.02833479456603527,xgboost,prematch_classification,0
home_event_goals_for_expanding,2.71875,-0.028234347701072693,xgboost,prematch_classification,0
away_event_points_expanding,1.15625,-0.027703791856765747,xgboost,prematch_classification,0
diff_event_yellow_cards_roll5,-0.3999999999999999,-0.02683277614414692,xgboost,prematch_classification,0
home_event_interceptions_expanding,9.46875,-0.025935623794794083,xgboost,prematch_classification,0
home_event_final_third_entries_expanding,87.21875,0.025700459256768227,xgboost,prematch_classification,0
diff_event_points_roll5,0.7999999999999999,0.02446410059928894,xgboost,prematch_classification,0
away_p1_mean_zone_recovery_roll10,0.16467464649069602,-0.024071477353572845,xgboost,prematch_classification,0
away_event_final_third_entries_roll10,72.8,-0.023218484595417976,xgboost,prematch_classification,0
home_p1_accumulated_eigenvector_centrality_roll5,0.9081081421930473,0.02293713390827179,xgboost,prematch_classification,0
diff_event_shots_on_target_roll5,2.4000000000000004,-0.02236415073275566,xgboost,prematch_classification,0
diff_p1_maximum_zone_leakage_expanding,-0.35207133901652377,-0.02183622680604458,xgboost,prematch_classification,0
diff_event_completed_passes_roll10,248.60000000000002,-0.021686747670173645,xgboost,prematch_classification,0
away_event_goals_against_roll10,1.6,-0.020922835916280746,xgboost,prematch_classification,0
diff_event_final_third_entries_expanding,19.0625,-0.020276999101042747,xgboost,prematch_classification,0
market_prob_A,0.17330837122225196,-0.9704243540763855,xgboost,prematch_classification,1
market_prob_H,0.5883926183471516,-0.15454071760177612,xgboost,prematch_classification,1
away_event_possessions_roll10,191.6,-0.1072973981499672,xgboost,prematch_classification,1
away_p1_median_zone_leakage_roll3,0.1126646650840199,-0.10147817432880402,xgboost,prematch_classification,1
away_event_final_third_entries_roll3,96.66666666666667,0.09307390451431274,xgboost,prematch_classification,1
home_event_interceptions_roll10,13.6,-0.05901800096035004,xgboost,prematch_classification,1
home_event_interceptions_expanding,13.166666666666666,-0.045034997165203094,xgboost,prematch_classification,1
diff_event_interceptions_expanding,-4.433333333333335,-0.041702352464199066,xgboost,prematch_classification,1
home_p1_mean_zone_leakage_expanding,0.20448347792080712,-0.04093221202492714,xgboost,prematch_classification,1
diff_p1_median_zone_leakage_roll5,0.02341267542406064,-0.039452411234378815,xgboost,prematch_classification,1
diff_event_yellow_cards_roll5,-1.0,-0.03669626638293266,xgboost,prematch_classification,1
diff_event_final_third_entries_roll3,-35.00000000000001,0.03582538664340973,xgboost,prematch_classification,1
home_p1_possession_recoveries_expanding,59.86666666666667,0.0351414754986763,xgboost,prematch_classification,1
home_event_fouls_roll5,14.4,0.033298611640930176,xgboost,prematch_classification,1
diff_event_yellow_cards_roll10,-0.30000000000000027,0.03258953616023064,xgboost,prematch_classification,1
away_event_interceptions_roll5,22.8,0.0323520191013813,xgboost,prematch_classification,1
diff_p1_maximum_zone_centrality_roll10,-0.0882616768321699,0.03178077191114426,xgboost,prematch_classification,1
away_event_possessions_roll3,194.66666666666666,-0.027899403125047684,xgboost,prematch_classification,1
away_p1_maximum_zone_centrality_expanding,0.1433742425973014,0.026417572051286697,xgboost,prematch_classification,1
away_event_points_expanding,1.1666666666666667,-0.02455882728099823,xgboost,prematch_classification,1
diff_event_points_roll5,0.9999999999999999,0.02446410059928894,xgboost,prematch_classification,1
diff_event_red_cards_expanding,0.1,0.02382003888487816,xgboost,prematch_classification,1
home_event_yellow_cards_roll10,2.4,-0.02306022122502327,xgboost,prematch_classification,1
home_event_goals_against_roll5,1.8,-0.023032525554299355,xgboost,prematch_classification,1
diff_p1_accumulated_eigenvector_centrality_roll3,-0.4314814969715621,-0.0222204327583313,xgboost,prematch_classification,1
home_p1_accumulated_eigenvector_centrality_roll3,0.3321280985995729,-0.022070609033107758,xgboost,prematch_classification,1
away_event_final_third_entries_roll5,89.4,0.021146506071090698,xgboost,prematch_classification,1
home_event_goals_for_expanding,1.4333333333333333,-0.02080853097140789,xgboost,prematch_classification,1
away_p1_maximum_zone_leakage_expanding,0.8501893031012813,0.020648686215281487,xgboost,prematch_classification,1
away_p1_mean_zone_recovery_roll10,0.16286873046993827,-0.01822679676115513,xgboost,prematch_classification,1
market_prob_A,0.1746600741656366,-1.0711308717727661,xgboost,prematch_classification,2
market_prob_H,0.6118665018541408,-0.16663818061351776,xgboost,prematch_classification,2
away_p1_median_zone_leakage_roll3,0.09250401066438803,-0.09236878901720047,xgboost,prematch_classification,2
diff_event_yellow_cards_expanding,-0.19999999999999996,-0.07971523702144623,xgboost,prematch_classification,2
away_event_points_expanding,2.2,0.07967328280210495,xgboost,prematch_classification,2
away_event_xg_roll3,2.4144072356,0.0701405256986618,xgboost,prematch_classification,2
diff_p1_accumulated_eigenvector_centrality_roll3,0.22506674444842412,0.06162336468696594,xgboost,prematch_classification,2
home_event_fouls_roll5,10.4,0.044076088815927505,xgboost,prematch_classification,2
home_event_interceptions_roll10,7.8,-0.04381541162729263,xgboost,prematch_classification,2
diff_event_yellow_cards_roll10,-0.4999999999999998,0.041868891566991806,xgboost,prematch_classification,2
diff_event_interceptions_expanding,-7.699999999999999,-0.041702352464199066,xgboost,prematch_classification,2
diff_p1_median_zone_leakage_roll5,-0.019764471484865626,0.03901860490441322,xgboost,prematch_classification,2
home_event_yellow_cards_roll10,1.8,-0.03389481455087662,xgboost,prematch_classification,2
home_p1_maximum_zone_recovery_roll3,0.41098984920495224,-0.03353911265730858,xgboost,prematch_classification,2
home_p1_mean_zone_leakage_expanding,0.13483697891232313,-0.033283233642578125,xgboost,prematch_classification,2
home_event_final_third_entries_expanding,86.0,0.032913267612457275,xgboost,prematch_classification,2
home_event_interceptions_expanding,9.7,-0.031772956252098083,xgboost,prematch_classification,2
bookie_margin,1.0409830791996397,0.031467653810977936,xgboost,prematch_classification,2
home_p1_accumulated_eigenvector_centrality_roll5,0.8808947796137134,0.030904695391654968,xgboost,prematch_classification,2
diff_event_yellow_cards_roll5,-0.3999999999999999,-0.03041965700685978,xgboost,prematch_classification,2
home_event_shots_on_target_roll5,7.6,-0.029194217175245285,xgboost,prematch_classification,2
home_p1_switching_factor_roll3,2.5578886327852857,-0.02902716025710106,xgboost,prematch_classification,2
home_p1_possession_recoveries_expanding,58.96666666666667,0.02833479456603527,xgboost,prematch_classification,2
home_event_goals_for_expanding,2.8666666666666667,-0.028234347701072693,xgboost,prematch_classification,2
diff_event_points_roll5,0.20000000000000018,0.02446410059928894,xgboost,prematch_classification,2
away_event_possessions_roll10,172.9,0.02419082261621952,xgboost,prematch_classification,2
away_event_possessions_roll3,168.0,0.020568158477544785,xgboost,prematch_classification,2
diff_p1_possession_losses_roll10,-3.6999999999999957,-0.019428517669439316,xgboost,prematch_classification,2
away_p1_mean_zone_centrality_roll10,0.03904099254102134,0.01844058744609356,xgboost,prematch_classification,2
home_p1_maximum_zone_leakage_roll5,0.580034965034965,-0.018290603533387184,xgboost,prematch_classification,2
market_prob_A,0.05617608409986859,0.5047856889682482,lightgbm,prematch_classification,0
home_event_interceptions_roll10,8.1,0.465326136364714,lightgbm,prematch_classification,0
market_prob_H,0.8377135348226018,0.27713972130845155,lightgbm,prematch_classification,0
home_event_final_third_entries_roll5,86.4,0.2581685425165325,lightgbm,prematch_classification,0
away_event_shots_roll3,15.0,0.21242141848665005,lightgbm,prematch_classification,0
home_event_interceptions_expanding,9.46875,0.18431288490092496,lightgbm,prematch_classification,0
diff_p1_maximum_zone_leakage_roll5,-0.4326923076923077,0.1501316650406181,lightgbm,prematch_classification,0
diff_p1_mean_zone_leakage_expanding,-0.0954901206636172,0.12590463199575128,lightgbm,prematch_classification,0
away_p1_median_zone_recovery_roll10,0.10008913464529037,-0.10059593719300965,lightgbm,prematch_classification,0
diff_event_completed_passes_roll3,310.0,0.09851522252711599,lightgbm,prematch_classification,0
home_p1_maximum_zone_leakage_roll3,0.6205128205128205,0.09549865537762943,lightgbm,prematch_classification,0
diff_event_interceptions_roll10,-8.700000000000001,0.08708790783783603,lightgbm,prematch_classification,0
diff_event_red_cards_roll10,-0.2,0.07770843851641429,lightgbm,prematch_classification,0
home_event_final_third_entries_roll3,96.33333333333333,0.06738712325827377,lightgbm,prematch_classification,0
home_event_fouls_expanding,11.125,-0.06476818230138394,lightgbm,prematch_classification,0
away_event_goals_for_roll10,1.0,0.06202161682268888,lightgbm,prematch_classification,0
diff_p1_accumulated_eigenvector_centrality_roll10,0.3425684336770972,0.059564166900862296,lightgbm,prematch_classification,0
diff_event_final_third_entries_roll3,16.0,0.05862821670957801,lightgbm,prematch_classification,0
diff_event_carries_roll3,272.3333333333333,0.05597538589195113,lightgbm,prematch_classification,0
home_p1_median_zone_leakage_roll3,0.07899405217502233,0.055590684063500644,lightgbm,prematch_classification,0
home_event_goals_against_roll5,1.0,0.054270582046357554,lightgbm,prematch_classification,0
diff_event_xg_roll3,-0.06617647056666698,0.053632335125864496,lightgbm,prematch_classification,0
home_event_final_third_entries_roll10,89.6,0.04823437925023271,lightgbm,prematch_classification,0
diff_event_recoveries_expanding,-0.5625,0.047329103400640525,lightgbm,prematch_classification,0
home_event_fouls_roll10,12.8,-0.04729105218620256,lightgbm,prematch_classification,0
home_event_pressures_expanding,120.6875,0.04005459037660182,lightgbm,prematch_classification,0
diff_event_yellow_cards_roll3,1.0,-0.03965703233066284,lightgbm,prematch_classification,0
away_event_duels_won_roll3,14.0,-0.0368455393555812,lightgbm,prematch_classification,0
away_event_fouls_roll10,16.3,0.03479765105513814,lightgbm,prematch_classification,0
diff_p1_maximum_zone_leakage_roll3,-0.24615384615384617,0.03455352426851314,lightgbm,prematch_classification,0
home_event_interceptions_roll10,13.6,0.5387434595550186,lightgbm,prematch_classification,1
home_event_interceptions_expanding,13.166666666666666,0.47117959403230736,lightgbm,prematch_classification,1
home_event_final_third_entries_roll10,62.6,-0.2808028595678146,lightgbm,prematch_classification,1
diff_p1_maximum_zone_recovery_roll5,0.2163710483065321,-0.19099144563188547,lightgbm,prematch_classification,1
diff_p1_maximum_zone_leakage_roll5,-0.6066122766122767,0.13953952992815455,lightgbm,prematch_classification,1
away_event_fouls_roll10,14.8,-0.13240022653880132,lightgbm,prematch_classification,1
away_event_shots_roll3,15.0,0.10768717518274047,lightgbm,prematch_classification,1
diff_p1_mean_zone_leakage_expanding,0.003809516462713325,-0.10659514769644371,lightgbm,prematch_classification,1
home_p1_maximum_zone_leakage_roll3,0.7111111111111111,0.09323323930456653,lightgbm,prematch_classification,1
diff_event_goals_for_expanding,0.19999999999999996,0.08708430547487664,lightgbm,prematch_classification,1
market_prob_A,0.17330837122225196,-0.07495981649545942,lightgbm,prematch_classification,1
diff_p1_accumulated_eigenvector_centrality_roll10,-0.29194246290732495,-0.06881866952234697,lightgbm,prematch_classification,1
away_event_possessions_roll10,191.6,0.06660725837215724,lightgbm,prematch_classification,1
home_event_final_third_entries_roll3,61.666666666666664,-0.06351677580764332,lightgbm,prematch_classification,1
diff_event_recoveries_roll5,-8.600000000000001,-0.0630144065434732,lightgbm,prematch_classification,1
diff_event_recoveries_expanding,-3.633333333333333,0.06288039393310657,lightgbm,prematch_classification,1
home_event_final_third_entries_expanding,68.13333333333334,-0.061660615310151046,lightgbm,prematch_classification,1
diff_event_xg_roll3,0.7939748326666665,0.0595947219930634,lightgbm,prematch_classification,1
diff_event_final_third_entries_roll3,-35.00000000000001,-0.05795088797256667,lightgbm,prematch_classification,1
away_event_duels_won_roll3,12.333333333333334,-0.05316934404448316,lightgbm,prematch_classification,1
market_prob_H,0.5883926183471516,0.05181928190745583,lightgbm,prematch_classification,1
away_event_goals_for_roll10,1.4,0.050784026208977234,lightgbm,prematch_classification,1
home_event_rest_days,14.0,-0.04452227850139931,lightgbm,prematch_classification,1
diff_p1_mean_zone_recovery_expanding,-0.013290517024912435,-0.04178936287820475,lightgbm,prematch_classification,1
home_event_pressures_expanding,139.66666666666666,0.04005459037660182,lightgbm,prematch_classification,1
away_event_fouls_expanding,14.533333333333333,-0.03860475216571091,lightgbm,prematch_classification,1
diff_event_interceptions_roll10,-8.500000000000002,0.03816821942557924,lightgbm,prematch_classification,1
away_event_recoveries_roll3,53.666666666666664,-0.03664161714035931,lightgbm,prematch_classification,1
home_event_goals_against_roll5,1.8,0.03572071530965885,lightgbm,prematch_classification,1
home_event_red_cards_roll5,0.2,-0.03358664609459312,lightgbm,prematch_classification,1
away_event_goals_for_roll10,3.0,-0.7916358180637559,lightgbm,prematch_classification,2
home_event_interceptions_expanding,9.7,0.5499464613404106,lightgbm,prematch_classification,2
home_event_interceptions_roll10,7.8,0.42759723890377355,lightgbm,prematch_classification,2
market_prob_H,0.6118665018541408,0.18245475735925762,lightgbm,prematch_classification,2
home_event_shots_on_target_roll3,7.333333333333333,0.17360556974709787,lightgbm,prematch_classification,2
away_event_shots_roll3,19.333333333333332,0.1349540920340131,lightgbm,prematch_classification,2
home_event_fouls_expanding,10.633333333333333,-0.11926756931504447,lightgbm,prematch_classification,2
diff_event_recoveries_expanding,1.7000000000000028,-0.10496722273901729,lightgbm,prematch_classification,2
home_p1_median_zone_leakage_roll3,0.0718425216672061,0.10179063111481564,lightgbm,prematch_classification,2
away_event_fouls_expanding,12.866666666666667,-0.09269341696068903,lightgbm,prematch_classification,2
diff_p1_mean_zone_leakage_expanding,-0.016103306272335305,-0.07696410592995062,lightgbm,prematch_classification,2
away_event_possessions_roll10,172.9,-0.07080528463886697,lightgbm,prematch_classification,2
diff_event_recoveries_roll5,-1.0,-0.06668140373276542,lightgbm,prematch_classification,2
market_prob_A,0.1746600741656366,-0.06538440906552219,lightgbm,prematch_classification,2
home_p1_maximum_zone_leakage_roll3,0.5121794871794871,0.06417379639571083,lightgbm,prematch_classification,2
diff_event_fouls_expanding,-2.2333333333333343,0.05891376842396504,lightgbm,prematch_classification,2
diff_event_red_cards_roll10,-0.2,0.05654511320032476,lightgbm,prematch_classification,2
home_event_final_third_entries_roll5,79.4,-0.056281053784290665,lightgbm,prematch_classification,2
diff_event_carries_roll3,106.66666666666669,0.05597538589195113,lightgbm,prematch_classification,2
diff_event_final_third_entries_roll3,-4.0,-0.055667314401777405,lightgbm,prematch_classification,2
diff_event_xg_roll3,-0.0671840986000003,0.054688504660557725,lightgbm,prematch_classification,2
away_event_xg_roll3,2.4144072356,0.05456125495167922,lightgbm,prematch_classification,2
home_event_final_third_entries_roll10,85.4,0.05265187690662145,lightgbm,prematch_classification,2
away_event_fouls_roll10,13.7,-0.0500039401156379,lightgbm,prematch_classification,2
away_event_shots_roll5,18.8,0.049553851356593875,lightgbm,prematch_classification,2
diff_p1_maximum_zone_leakage_roll5,-0.24996503496503508,-0.046134795849800736,lightgbm,prematch_classification,2
diff_event_interceptions_roll10,-9.099999999999998,0.04554719964451665,lightgbm,prematch_classification,2
away_event_final_third_entries_expanding,81.8,0.04100964599097501,lightgbm,prematch_classification,2
home_event_fouls_roll10,10.9,-0.0391480563998255,lightgbm,prematch_classification,2
home_p1_accumulated_eigenvector_centrality_roll5,0.8808947796137134,-0.03906718032767286,lightgbm,prematch_classification,2
market_prob_A,0.7913043478260869,-0.23898137499427488,random_forest,prematch_regression,0
market_prob_H,0.07304347826086957,-0.19193108434503825,random_forest,prematch_regression,0
diff_p1_mean_zone_leakage_expanding,0.09754351584143348,-0.13479739548378938,random_forest,prematch_regression,0
away_event_final_third_entries_roll3,104.66666666666667,-0.06790395745899422,random_forest,prematch_regression,0
away_p1_mean_zone_leakage_roll10,0.13017065460153976,-0.06758127344301644,random_forest,prematch_regression,0
away_p1_median_zone_leakage_roll3,0.07418635986733002,-0.0669928363822337,random_forest,prematch_regression,0
diff_event_yellow_cards_roll10,-0.19999999999999973,-0.06426139754778662,random_forest,prematch_regression,0
diff_event_final_third_entries_expanding,-10.212121212121218,-0.063881037742027,random_forest,prematch_regression,0
diff_p1_mean_zone_leakage_roll10,0.10736500295254237,-0.045359835567873756,random_forest,prematch_regression,0
diff_p1_maximum_zone_recovery_roll5,0.2407030613609561,-0.03951625085359056,random_forest,prematch_regression,0
away_event_fouls_roll10,12.8,-0.03944454079876367,random_forest,prematch_regression,0
away_p1_maximum_zone_centrality_roll10,0.15075967988518046,-0.03794012549384999,random_forest,prematch_regression,0
away_event_points_expanding,2.303030303030303,-0.03312527621618056,random_forest,prematch_regression,0
away_p1_maximum_zone_leakage_expanding,0.663968187763766,-0.032616985937077916,random_forest,prematch_regression,0
away_event_goals_against_expanding,0.8787878787878788,-0.026290024301605822,random_forest,prematch_regression,0
diff_p1_maximum_zone_leakage_roll3,1.2000000000000002,-0.026255673958781058,random_forest,prematch_regression,0
diff_p1_maximum_zone_leakage_roll5,1.1526923076923077,-0.025932205776549942,random_forest,prematch_regression,0
away_event_recoveries_roll3,50.666666666666664,-0.025395552964363913,random_forest,prematch_regression,0
away_event_final_third_entries_roll10,91.8,-0.024912853862083452,random_forest,prematch_regression,0
diff_event_final_third_entries_roll3,-34.66666666666667,-0.0242261858149687,random_forest,prematch_regression,0
diff_p1_median_zone_recovery_roll10,0.03921739921408335,0.024136129432794827,random_forest,prematch_regression,0
diff_p1_maximum_zone_leakage_roll10,1.0076491841491841,-0.016483268264949207,random_forest,prematch_regression,0
diff_p1_mean_zone_leakage_roll5,0.13951742714688256,-0.015289702863897452,random_forest,prematch_regression,0
away_p1_mean_zone_leakage_expanding,0.13489809692540397,-0.015100792480283442,random_forest,prematch_regression,0
away_p1_accumulated_eigenvector_centrality_roll10,0.8957416613368665,-0.014864457650525747,random_forest,prematch_regression,0
home_event_shots_on_target_expanding,4.181818181818182,-0.01453275759378197,random_forest,prematch_regression,0
away_event_passes_roll3,708.0,-0.014163678002472086,random_forest,prematch_regression,0
home_event_final_third_entries_roll3,70.0,0.01413702289678012,random_forest,prematch_regression,0
diff_p1_mean_zone_leakage_roll3,0.1499761307212814,-0.013721544461091915,random_forest,prematch_regression,0
home_event_duels_won_roll3,17.0,0.013264051293717851,random_forest,prematch_regression,0
diff_event_yellow_cards_roll10,-2.2,0.1997583454440656,random_forest,prematch_regression,1
market_prob_A,0.4146032477254405,-0.1788116500151794,random_forest,prematch_regression,1
diff_p1_mean_zone_leakage_expanding,-0.06215655122778019,0.16906749096397727,random_forest,prematch_regression,1
market_prob_H,0.3311067603362892,-0.10980237501748726,random_forest,prematch_regression,1
away_event_duels_won_roll5,8.4,-0.0953779779496619,random_forest,prematch_regression,1
diff_p1_maximum_zone_leakage_expanding,-0.28391612245778897,0.05369275060341132,random_forest,prematch_regression,1
diff_p1_mean_zone_leakage_roll10,-0.054932895914405255,0.0365076851578657,random_forest,prematch_regression,1
home_event_interceptions_expanding,13.25,0.03477700099483358,random_forest,prematch_regression,1
diff_p1_maximum_zone_leakage_roll10,-0.3095833333333333,0.03316804274860422,random_forest,prematch_regression,1
diff_event_final_third_entries_expanding,0.5555555555555571,0.032278337622382886,random_forest,prematch_regression,1
home_p1_possession_recoveries_expanding,60.083333333333336,-0.029361087749926722,random_forest,prematch_regression,1
home_p1_median_zone_leakage_roll3,0.12245464918241432,-0.026744332558724465,random_forest,prematch_regression,1
away_event_recoveries_roll3,44.333333333333336,0.021876805090711163,random_forest,prematch_regression,1
away_event_shots_roll3,13.0,0.021674723962229397,random_forest,prematch_regression,1
away_p1_maximum_zone_centrality_roll10,0.052763746917384446,0.019558745413428932,random_forest,prematch_regression,1
bookie_margin,1.0486714975845413,-0.018441806160633185,random_forest,prematch_regression,1
home_p1_median_zone_leakage_roll5,0.11518662598743601,-0.01797371437118516,random_forest,prematch_regression,1
home_p1_maximum_zone_leakage_roll3,0.8277777777777778,0.016898123787732262,random_forest,prematch_regression,1
home_event_possessions_expanding,178.69444444444446,-0.01683385170987848,random_forest,prematch_regression,1
home_p1_median_zone_leakage_roll10,0.11675673715714216,-0.016664675168061638,random_forest,prematch_regression,1
away_p1_median_zone_leakage_roll3,0.1466204705788039,0.01652037611921764,random_forest,prematch_regression,1
away_event_xg_roll3,1.80191747,0.01635900010600437,random_forest,prematch_regression,1
away_event_goals_against_expanding,1.8055555555555556,0.01455117284942348,random_forest,prematch_regression,1
diff_event_shots_on_target_expanding,1.3888888888888884,0.014540492385087618,random_forest,prematch_regression,1
away_event_points_expanding,1.0,0.014244828181067391,random_forest,prematch_regression,1
home_event_fouls_roll5,19.6,0.013470661198499892,random_forest,prematch_regression,1
home_p1_maximum_zone_recovery_roll3,0.45205119214586253,0.012789074080463559,random_forest,prematch_regression,1
home_event_xg_expanding,1.6208404502333333,-0.012737383325182502,random_forest,prematch_regression,1
diff_event_interceptions_expanding,-2.3611111111111107,0.012011540399326656,random_forest,prematch_regression,1
home_p1_mean_zone_leakage_roll3,0.2064543767499535,0.01158653706432046,random_forest,prematch_regression,1
market_prob_A,0.7403078121955972,-0.21362343858227217,random_forest,prematch_regression,2
market_prob_H,0.10052600818234952,-0.16562599944224687,random_forest,prematch_regression,2
diff_p1_mean_zone_leakage_expanding,0.07967437389768695,-0.10121973844678822,random_forest,prematch_regression,2
diff_event_final_third_entries_expanding,-11.15625,-0.05659708753114494,random_forest,prematch_regression,2
diff_event_yellow_cards_roll10,0.6000000000000001,-0.05420071469534916,random_forest,prematch_regression,2
away_event_fouls_roll10,13.8,-0.04856721898037332,random_forest,prematch_regression,2
diff_p1_mean_zone_leakage_roll10,0.08051514333751841,-0.03632653424835574,random_forest,prematch_regression,2
away_p1_maximum_zone_leakage_expanding,0.7098640436365694,-0.035640861951482125,random_forest,prematch_regression,2
away_event_points_expanding,2.25,-0.03274959485310265,random_forest,prematch_regression,2
diff_p1_median_zone_recovery_roll10,0.030461084918092005,0.02863355972615267,random_forest,prematch_regression,2
home_event_points_roll5,0.4,0.026057240513204235,random_forest,prematch_regression,2
home_event_points_roll10,0.2,0.025928049001561346,random_forest,prematch_regression,2
away_event_goals_against_expanding,0.90625,-0.022123898553946357,random_forest,prematch_regression,2
away_event_final_third_entries_roll10,72.3,0.020685552490044112,random_forest,prematch_regression,2
diff_event_goals_against_expanding,0.84375,-0.020329167141035276,random_forest,prematch_regression,2
away_event_xg_roll3,2.7041253701666665,0.01820090530918032,random_forest,prematch_regression,2
home_event_points_roll3,0.3333333333333333,0.016323371199336686,random_forest,prematch_regression,2
away_p1_median_zone_leakage_roll3,0.1014349847683181,0.016074291946108994,random_forest,prematch_regression,2
bookie_margin,1.0471236230110157,-0.015333276365273353,random_forest,prematch_regression,2
home_p1_maximum_zone_centrality_roll10,0.12310765803853445,-0.015072791533614726,random_forest,prematch_regression,2
away_event_shots_on_target_roll3,7.666666666666667,0.014886906283586101,random_forest,prematch_regression,2
diff_p1_mean_zone_leakage_roll5,0.09990163156124163,-0.014685810952166863,random_forest,prematch_regression,2
home_p1_median_zone_leakage_roll3,0.16994949494949493,-0.014578094787508112,random_forest,prematch_regression,2
away_p1_median_zone_leakage_expanding,0.0838150399922599,-0.01446839294338164,random_forest,prematch_regression,2
diff_p1_maximum_zone_leakage_roll10,0.48453349282296654,-0.012969875576062523,random_forest,prematch_regression,2
away_p1_mean_zone_leakage_expanding,0.1525841007813039,-0.012683473084725207,random_forest,prematch_regression,2
home_event_shots_on_target_expanding,3.4375,-0.012352157227412282,random_forest,prematch_regression,2
away_event_final_third_entries_roll3,66.66666666666667,0.0123366605997616,random_forest,prematch_regression,2
away_event_shots_roll10,17.1,-0.011788823559076773,random_forest,prematch_regression,2
diff_event_carries_roll3,-160.33333333333337,0.011162002943375562,random_forest,prematch_regression,2
diff_event_yellow_cards_roll10,-2.2,0.29485699685330696,gradient_boosting,prematch_regression,0
diff_p1_mean_zone_leakage_expanding,-0.06215655122778019,0.1559172123277618,gradient_boosting,prematch_regression,0
diff_event_final_third_entries_expanding,0.5555555555555571,0.12230764354079471,gradient_boosting,prematch_regression,0
home_event_interceptions_expanding,13.25,0.11967055707082165,gradient_boosting,prematch_regression,0
diff_p1_maximum_zone_leakage_roll10,-0.3095833333333333,0.07988439890699507,gradient_boosting,prematch_regression,0
market_prob_A,0.4146032477254405,-0.07147907633653124,gradient_boosting,prematch_regression,0
market_prob_H,0.3311067603362892,-0.06556978228870658,gradient_boosting,prematch_regression,0
home_p1_median_zone_leakage_roll3,0.12245464918241432,-0.047045422360248015,gradient_boosting,prematch_regression,0
diff_event_goals_against_expanding,-0.6111111111111112,0.037644724169467646,gradient_boosting,prematch_regression,0
home_event_shots_on_target_roll5,3.8,-0.03232121639989085,gradient_boosting,prematch_regression,0
away_event_points_expanding,1.0,0.02854691913550877,gradient_boosting,prematch_regression,0
diff_p1_maximum_zone_leakage_roll3,-0.005555555555555647,0.020228693115406753,gradient_boosting,prematch_regression,0
home_event_final_third_entries_expanding,68.69444444444444,0.015496705091182703,gradient_boosting,prematch_regression,0
home_p1_mean_zone_leakage_roll5,0.20432612088054922,-0.015489663341492665,gradient_boosting,prematch_regression,0
away_event_fouls_roll10,16.6,0.012165789023371005,gradient_boosting,prematch_regression,0
home_event_red_cards_expanding,0.16666666666666666,0.011953781708307168,gradient_boosting,prematch_regression,0
diff_p1_mean_zone_leakage_roll10,-0.054932895914405255,-0.010503584288631875,gradient_boosting,prematch_regression,0
diff_p1_maximum_zone_leakage_roll5,-0.14666666666666672,-0.00877698256994141,gradient_boosting,prematch_regression,0
home_event_goals_against_roll5,1.2,0.008242946307694836,gradient_boosting,prematch_regression,0
away_event_pressures_roll5,136.2,-0.006439023602480131,gradient_boosting,prematch_regression,0
home_p1_maximum_zone_leakage_roll3,0.8277777777777778,0.0064203489568108365,gradient_boosting,prematch_regression,0
diff_p1_switching_factor_expanding,-2.14767209035558,0.0034322227487036546,gradient_boosting,prematch_regression,0
away_p1_possession_recoveries_roll5,60.8,0.0031864815725839873,gradient_boosting,prematch_regression,0
away_p1_median_zone_leakage_roll3,0.1466204705788039,0.003164614967393573,gradient_boosting,prematch_regression,0
diff_p1_maximum_zone_leakage_expanding,-0.28391612245778897,0.0022241786449035527,gradient_boosting,prematch_regression,0
away_p1_maximum_zone_centrality_roll10,0.052763746917384446,-0.0015129651559095997,gradient_boosting,prematch_regression,0
diff_event_shots_roll5,-0.1999999999999993,-0.0013585198608955336,gradient_boosting,prematch_regression,0
home_event_carries_roll5,369.8,-0.0010682156010485733,gradient_boosting,prematch_regression,0
home_event_shots_roll10,11.6,0.0,gradient_boosting,prematch_regression,0
home_event_shots_roll5,11.4,0.0,gradient_boosting,prematch_regression,0
market_prob_H,0.07304347826086957,-0.34784371935115177,gradient_boosting,prematch_regression,1
diff_p1_mean_zone_leakage_expanding,0.09754351584143348,-0.21140297222081297,gradient_boosting,prematch_regression,1
away_event_points_expanding,2.303030303030303,-0.11359294906004533,gradient_boosting,prematch_regression,1
diff_event_yellow_cards_roll10,-0.19999999999999973,-0.1113308192512968,gradient_boosting,prematch_regression,1
diff_event_final_third_entries_expanding,-10.212121212121218,-0.0991433171126139,gradient_boosting,prematch_regression,1
diff_p1_maximum_zone_leakage_roll3,1.2000000000000002,-0.08487256024507618,gradient_boosting,prematch_regression,1
market_prob_A,0.7913043478260869,-0.07147907633653124,gradient_boosting,prematch_regression,1
home_p1_median_zone_leakage_roll3,0.15828715709870209,-0.047045422360248015,gradient_boosting,prematch_regression,1
away_event_fouls_roll10,12.8,-0.0459866825083424,gradient_boosting,prematch_regression,1
diff_p1_maximum_zone_leakage_roll10,1.0076491841491841,-0.04172306184951335,gradient_boosting,prematch_regression,1
away_p1_median_zone_leakage_roll3,0.07418635986733002,-0.04132614839772783,gradient_boosting,prematch_regression,1
home_event_shots_on_target_roll5,4.2,-0.03232121639989085,gradient_boosting,prematch_regression,1
away_p1_possession_recoveries_roll5,57.8,-0.0314302955113966,gradient_boosting,prematch_regression,1
home_event_interceptions_expanding,18.303030303030305,-0.02625425486757822,gradient_boosting,prematch_regression,1
diff_event_goals_against_expanding,0.5757575757575758,-0.02483506108402379,gradient_boosting,prematch_regression,1
home_p1_maximum_zone_leakage_roll3,1.851851851851852,-0.015500556767157591,gradient_boosting,prematch_regression,1
home_event_final_third_entries_expanding,77.48484848484848,0.015496705091182703,gradient_boosting,prematch_regression,1
home_p1_mean_zone_leakage_roll5,0.2652052892275997,-0.015489663341492665,gradient_boosting,prematch_regression,1
home_event_red_cards_expanding,0.09090909090909091,0.011953781708307168,gradient_boosting,prematch_regression,1
diff_p1_mean_zone_leakage_roll10,0.10736500295254237,-0.010503584288631875,gradient_boosting,prematch_regression,1
diff_p1_maximum_zone_leakage_roll5,1.1526923076923077,-0.00877698256994141,gradient_boosting,prematch_regression,1
home_event_goals_against_roll5,1.8,0.008242946307694836,gradient_boosting,prematch_regression,1
away_event_pressures_roll5,116.0,-0.006439023602480131,gradient_boosting,prematch_regression,1
diff_p1_switching_factor_expanding,2.7311367277921,0.0034322227487036546,gradient_boosting,prematch_regression,1
diff_p1_maximum_zone_leakage_expanding,0.6547644682187339,0.0022241786449035527,gradient_boosting,prematch_regression,1
away_p1_maximum_zone_centrality_roll10,0.15075967988518046,-0.0015129651559095997,gradient_boosting,prematch_regression,1
diff_event_shots_roll5,-5.600000000000001,-0.0013585198608955336,gradient_boosting,prematch_regression,1
home_event_carries_roll5,336.8,-0.0010682156010485733,gradient_boosting,prematch_regression,1
home_event_shots_roll5,10.2,0.0,gradient_boosting,prematch_regression,1
home_event_shots_roll3,10.333333333333334,0.0,gradient_boosting,prematch_regression,1
diff_event_yellow_cards_roll10,1.0,-0.1113308192512968,gradient_boosting,prematch_regression,2
diff_event_final_third_entries_expanding,-1.7272727272727195,-0.0991433171126139,gradient_boosting,prematch_regression,2
diff_p1_maximum_zone_leakage_roll3,0.5090608465608467,-0.08487256024507618,gradient_boosting,prematch_regression,2
market_prob_A,0.24786635191574358,-0.07147907633653124,gradient_boosting,prematch_regression,2
market_prob_H,0.4830216088614491,-0.06556978228870658,gradient_boosting,prematch_regression,2
home_p1_median_zone_leakage_roll3,0.1369725081681603,-0.047045422360248015,gradient_boosting,prematch_regression,2
diff_p1_maximum_zone_leakage_roll10,0.22679834054834047,-0.04172306184951335,gradient_boosting,prematch_regression,2
diff_p1_mean_zone_leakage_expanding,0.035556396025049175,-0.039656427742191615,gradient_boosting,prematch_regression,2
home_event_shots_on_target_roll5,1.4,-0.03232121639989085,gradient_boosting,prematch_regression,2
away_event_points_expanding,0.8484848484848485,0.02854691913550877,gradient_boosting,prematch_regression,2
home_event_interceptions_expanding,15.727272727272727,-0.02625425486757822,gradient_boosting,prematch_regression,2
diff_event_goals_against_expanding,0.1212121212121211,-0.02483506108402379,gradient_boosting,prematch_regression,2
home_p1_maximum_zone_leakage_roll3,1.1625,-0.015500556767157591,gradient_boosting,prematch_regression,2
home_event_final_third_entries_expanding,68.18181818181819,0.015496705091182703,gradient_boosting,prematch_regression,2
home_p1_mean_zone_leakage_roll5,0.27185589341223865,-0.015489663341492665,gradient_boosting,prematch_regression,2
away_event_fouls_roll10,16.1,0.012165789023371005,gradient_boosting,prematch_regression,2
home_event_red_cards_expanding,0.21212121212121213,0.011953781708307168,gradient_boosting,prematch_regression,2
diff_p1_mean_zone_leakage_roll10,0.02667062452394542,-0.010503584288631875,gradient_boosting,prematch_regression,2
diff_p1_maximum_zone_leakage_roll5,0.5654365079365079,-0.00877698256994141,gradient_boosting,prematch_regression,2
home_event_goals_against_roll5,1.4,0.008242946307694836,gradient_boosting,prematch_regression,2
away_event_pressures_roll5,155.8,-0.006439023602480131,gradient_boosting,prematch_regression,2
diff_p1_switching_factor_expanding,1.1922655933086537,0.0034322227487036546,gradient_boosting,prematch_regression,2
away_p1_possession_recoveries_roll5,63.6,0.0031864815725839873,gradient_boosting,prematch_regression,2
away_p1_median_zone_leakage_roll3,0.14854576764954122,0.003164614967393573,gradient_boosting,prematch_regression,2
diff_p1_maximum_zone_leakage_expanding,0.17225110747838035,0.0022241786449035527,gradient_boosting,prematch_regression,2
away_p1_maximum_zone_centrality_roll10,0.06847296581071917,-0.0015129651559095997,gradient_boosting,prematch_regression,2
diff_event_shots_roll5,-3.0,-0.0013585198608955336,gradient_boosting,prematch_regression,2
home_event_carries_roll5,286.2,-0.0010682156010485733,gradient_boosting,prematch_regression,2
home_event_shots_roll5,9.4,0.0,gradient_boosting,prematch_regression,2
home_event_shots_roll3,9.333333333333334,0.0,gradient_boosting,prematch_regression,2
market_prob_H,0.8377135348226018,0.41043999791145325,xgboost,prematch_regression,0
market_prob_A,0.05617608409986859,0.36601296067237854,xgboost,prematch_regression,0
diff_event_yellow_cards_roll10,-1.1,0.299040824174881,xgboost,prematch_regression,0
home_event_interceptions_expanding,9.46875,0.221590057015419,xgboost,prematch_regression,0
home_p1_median_zone_leakage_roll3,0.07899405217502233,0.19316266477108002,xgboost,prematch_regression,0
home_event_shots_on_target_roll5,6.2,0.11548600345849991,xgboost,prematch_regression,0
diff_p1_maximum_zone_leakage_roll10,-0.5184944222444224,0.11030033975839615,xgboost,prematch_regression,0
diff_p1_maximum_zone_leakage_expanding,-0.35207133901652377,0.10143668949604034,xgboost,prematch_regression,0
diff_p1_mean_zone_leakage_expanding,-0.0954901206636172,0.08901559561491013,xgboost,prematch_regression,0
diff_event_yellow_cards_expanding,-1.375,0.07739675045013428,xgboost,prematch_regression,0
diff_event_possessions_roll10,-24.600000000000023,0.07305274903774261,xgboost,prematch_regression,0
diff_event_final_third_entries_expanding,19.0625,0.07034815847873688,xgboost,prematch_regression,0
away_event_shots_roll3,15.0,0.06992032378911972,xgboost,prematch_regression,0
home_p1_accumulated_eigenvector_centrality_roll10,0.8924168402994322,-0.06445752829313278,xgboost,prematch_regression,0
home_p1_mean_zone_leakage_roll5,0.13334900623800988,0.06280498206615448,xgboost,prematch_regression,0
diff_p1_maximum_zone_leakage_roll5,-0.4326923076923077,0.05453754961490631,xgboost,prematch_regression,0
diff_p1_mean_zone_centrality_roll5,0.02211931551453217,-0.053569208830595016,xgboost,prematch_regression,0
diff_p1_median_zone_recovery_roll5,-0.0594757474694929,0.05290784686803818,xgboost,prematch_regression,0
home_event_final_third_entries_roll5,86.4,0.0527072474360466,xgboost,prematch_regression,0
home_event_interceptions_roll10,8.1,0.04614219442009926,xgboost,prematch_regression,0
home_event_pressures_expanding,120.6875,0.044434793293476105,xgboost,prematch_regression,0
away_p1_median_zone_leakage_roll3,0.16098147837278273,0.04302449896931648,xgboost,prematch_regression,0
bookie_margin,1.0471276229790163,-0.041661202907562256,xgboost,prematch_regression,0
home_p1_median_zone_leakage_expanding,0.07409116722249016,0.039194557815790176,xgboost,prematch_regression,0
diff_event_goals_against_expanding,-0.375,0.0345640555024147,xgboost,prematch_regression,0
diff_p1_mean_zone_leakage_roll10,-0.10329679578679687,0.03297819197177887,xgboost,prematch_regression,0
diff_p1_maximum_zone_leakage_roll3,-0.24615384615384617,0.031579822301864624,xgboost,prematch_regression,0
away_event_shots_on_target_roll3,5.0,0.03129351884126663,xgboost,prematch_regression,0
away_event_recoveries_roll3,52.0,-0.029852602630853653,xgboost,prematch_regression,0
away_event_recoveries_roll5,55.8,-0.02909962274134159,xgboost,prematch_regression,0
diff_p1_maximum_zone_leakage_roll3,0.5090608465608467,-0.1304510533809662,xgboost,prematch_regression,1
diff_event_yellow_cards_roll10,1.0,-0.12593339383602142,xgboost,prematch_regression,1
market_prob_A,0.24786635191574358,-0.12069318443536758,xgboost,prematch_regression,1
away_event_shots_roll10,11.2,0.10678690671920776,xgboost,prematch_regression,1
diff_event_final_third_entries_expanding,-1.7272727272727195,-0.08068278431892395,xgboost,prematch_regression,1
market_prob_H,0.4830216088614491,-0.0804542824625969,xgboost,prematch_regression,1
away_event_recoveries_roll3,55.333333333333336,-0.06288827210664749,xgboost,prematch_regression,1
home_event_interceptions_expanding,15.727272727272727,-0.05412508174777031,xgboost,prematch_regression,1
diff_p1_maximum_zone_leakage_expanding,0.17225110747838035,-0.05200736224651337,xgboost,prematch_regression,1
home_p1_mean_zone_leakage_expanding,0.26967024589002936,-0.04585253447294235,xgboost,prematch_regression,1
bookie_margin,1.0616926932716406,0.043177638202905655,xgboost,prematch_regression,1
home_event_completed_passes_expanding,292.6060606060606,-0.03789419308304787,xgboost,prematch_regression,1
diff_p1_maximum_zone_leakage_roll10,0.22679834054834047,-0.03729846328496933,xgboost,prematch_regression,1
away_event_shots_on_target_roll3,3.6666666666666665,-0.03500694781541824,xgboost,prematch_regression,1
home_p1_accumulated_eigenvector_centrality_roll3,0.36969383759486324,0.03497711941599846,xgboost,prematch_regression,1
home_event_final_third_entries_roll3,58.333333333333336,-0.03466961532831192,xgboost,prematch_regression,1
home_event_final_third_entries_roll10,64.7,-0.03433853015303612,xgboost,prematch_regression,1
away_event_points_expanding,0.8484848484848485,0.03345555067062378,xgboost,prematch_regression,1
home_event_final_third_entries_expanding,68.18181818181819,0.03278377652168274,xgboost,prematch_regression,1
diff_p1_maximum_zone_leakage_roll5,0.5654365079365079,-0.031969986855983734,xgboost,prematch_regression,1
diff_p1_switching_factor_roll10,0.5088926683283539,-0.03084663674235344,xgboost,prematch_regression,1
diff_p1_accumulated_eigenvector_centrality_roll10,-0.008981125537551926,0.030275074765086174,xgboost,prematch_regression,1
diff_event_goals_against_expanding,0.1212121212121211,-0.030065476894378662,xgboost,prematch_regression,1
home_event_interceptions_roll10,12.3,0.0300121009349823,xgboost,prematch_regression,1
diff_p1_mean_zone_leakage_expanding,0.035556396025049175,-0.028182070702314377,xgboost,prematch_regression,1
home_event_fouls_roll5,13.8,-0.023943930864334106,xgboost,prematch_regression,1
home_p1_maximum_zone_leakage_expanding,1.2216674318947047,-0.022694014012813568,xgboost,prematch_regression,1
home_event_shots_on_target_roll5,1.4,-0.022474199533462524,xgboost,prematch_regression,1
home_p1_possession_losses_expanding,61.878787878787875,0.022244879975914955,xgboost,prematch_regression,1
home_p1_maximum_zone_leakage_roll3,1.1625,-0.02214120142161846,xgboost,prematch_regression,1
market_prob_H,0.07304347826086957,-0.20491814613342285,xgboost,prematch_regression,2
diff_p1_maximum_zone_leakage_roll3,1.2000000000000002,-0.19025766849517822,xgboost,prematch_regression,2
diff_p1_maximum_zone_recovery_roll5,0.2407030613609561,-0.14977043867111206,xgboost,prematch_regression,2
market_prob_A,0.7913043478260869,-0.1438380777835846,xgboost,prematch_regression,2
away_p1_mean_zone_leakage_roll10,0.13017065460153976,-0.1427820920944214,xgboost,prematch_regression,2
diff_p1_mean_zone_leakage_expanding,0.09754351584143348,-0.12712153792381287,xgboost,prematch_regression,2
diff_event_yellow_cards_roll10,-0.19999999999999973,-0.11583202332258224,xgboost,prematch_regression,2
away_p1_maximum_zone_centrality_roll10,0.15075967988518046,-0.10717552155256271,xgboost,prematch_regression,2
away_event_points_expanding,2.303030303030303,-0.09909114241600037,xgboost,prematch_regression,2
diff_event_final_third_entries_expanding,-10.212121212121218,-0.07641290128231049,xgboost,prematch_regression,2
diff_p1_switching_factor_roll10,2.820515813183265,0.06888631731271744,xgboost,prematch_regression,2
diff_p1_maximum_zone_leakage_roll5,1.1526923076923077,-0.06735367327928543,xgboost,prematch_regression,2
diff_p1_maximum_zone_leakage_expanding,0.6547644682187339,-0.06719093769788742,xgboost,prematch_regression,2
away_event_fouls_roll10,12.8,-0.06566550582647324,xgboost,prematch_regression,2
away_event_shots_roll10,15.4,-0.06431929767131805,xgboost,prematch_regression,2
home_p1_maximum_zone_leakage_roll3,1.851851851851852,-0.06088310480117798,xgboost,prematch_regression,2
away_event_final_third_entries_roll3,104.66666666666667,-0.06002207100391388,xgboost,prematch_regression,2
away_p1_maximum_zone_leakage_roll10,0.5872397047397048,-0.056187935173511505,xgboost,prematch_regression,2
away_event_recoveries_roll3,50.666666666666664,-0.052679091691970825,xgboost,prematch_regression,2
home_event_fouls_roll3,8.666666666666666,0.05214110016822815,xgboost,prematch_regression,2
home_event_interceptions_expanding,18.303030303030305,-0.050996001809835434,xgboost,prematch_regression,2
away_event_shots_roll3,16.333333333333332,0.04844722896814346,xgboost,prematch_regression,2
away_event_shots_on_target_roll3,5.333333333333333,0.04592015594244003,xgboost,prematch_regression,2
home_event_final_third_entries_expanding,77.48484848484848,0.04361800476908684,xgboost,prematch_regression,2
home_p1_accumulated_eigenvector_centrality_roll3,0.18988960472435865,0.039826832711696625,xgboost,prematch_regression,2
diff_p1_median_zone_recovery_roll5,0.03801660120935485,0.038867950439453125,xgboost,prematch_regression,2
diff_event_possessions_roll10,15.800000000000011,-0.03769397363066673,xgboost,prematch_regression,2
diff_p1_maximum_zone_leakage_roll10,1.0076491841491841,-0.03729846328496933,xgboost,prematch_regression,2
away_event_possessions_roll5,156.4,-0.03335504233837128,xgboost,prematch_regression,2
home_p1_rest_days,3.0,0.03235388919711113,xgboost,prematch_regression,2
diff_event_yellow_cards_roll10,-2.2,0.3763845174981888,lightgbm,prematch_regression,0
home_event_interceptions_expanding,13.25,0.34460838217019124,lightgbm,prematch_regression,0
market_prob_A,0.4146032477254405,-0.138361938255013,lightgbm,prematch_regression,0
away_event_recoveries_roll3,44.333333333333336,0.12424324460570027,lightgbm,prematch_regression,0
away_event_duels_won_roll5,8.4,-0.10282384456338038,lightgbm,prematch_regression,0
market_prob_H,0.3311067603362892,-0.07592387636015793,lightgbm,prematch_regression,0
diff_p1_accumulated_eigenvector_centrality_roll5,0.2754001756448786,-0.0713991541860281,lightgbm,prematch_regression,0
diff_p1_maximum_zone_leakage_expanding,-0.28391612245778897,0.06977760943050401,lightgbm,prematch_regression,0
diff_p1_mean_zone_leakage_expanding,-0.06215655122778019,0.0689284219559751,lightgbm,prematch_regression,0
away_event_goals_against_roll3,1.6666666666666667,0.06432526206767802,lightgbm,prematch_regression,0
bookie_margin,1.0486714975845413,-0.0599712545633956,lightgbm,prematch_regression,0
diff_p1_maximum_zone_leakage_roll3,-0.005555555555555647,0.05951902231086237,lightgbm,prematch_regression,0
away_p1_median_zone_recovery_roll5,0.12736839476450554,0.058283664536718155,lightgbm,prematch_regression,0
home_event_shots_on_target_roll5,3.8,-0.055446099235809475,lightgbm,prematch_regression,0
away_p1_mean_zone_leakage_roll3,0.2131323679653697,0.053381553025246116,lightgbm,prematch_regression,0
diff_p1_maximum_zone_recovery_roll5,-0.11936665627759602,0.05239577769820952,lightgbm,prematch_regression,0
diff_event_points_roll5,-0.5999999999999999,0.05018343413921158,lightgbm,prematch_regression,0
away_p1_median_zone_leakage_roll3,0.1466204705788039,0.050008245003814886,lightgbm,prematch_regression,0
home_event_final_third_entries_expanding,68.69444444444444,0.04533450310026027,lightgbm,prematch_regression,0
away_event_shots_roll3,13.0,0.042168264162160705,lightgbm,prematch_regression,0
away_event_fouls_roll10,16.6,0.04094829192999427,lightgbm,prematch_regression,0
diff_event_shots_on_target_roll5,0.5999999999999996,-0.038392628833940415,lightgbm,prematch_regression,0
diff_p1_maximum_zone_leakage_roll10,-0.3095833333333333,0.0351244653133493,lightgbm,prematch_regression,0
home_p1_maximum_zone_recovery_roll3,0.45205119214586253,0.032892544598297234,lightgbm,prematch_regression,0
diff_event_yellow_cards_roll5,-1.0,0.03280421778258051,lightgbm,prematch_regression,0
home_event_xg_roll3,1.0790632189333333,0.03217588358168769,lightgbm,prematch_regression,0
home_p1_median_zone_leakage_roll3,0.12245464918241432,-0.031941872162423925,lightgbm,prematch_regression,0
away_p1_median_zone_leakage_roll10,0.1568442280648423,0.03182696364540267,lightgbm,prematch_regression,0
diff_event_final_third_entries_expanding,0.5555555555555571,-0.03177182012997669,lightgbm,prematch_regression,0
diff_event_shots_on_target_expanding,1.3888888888888884,0.03092263338542924,lightgbm,prematch_regression,0
diff_p1_median_zone_leakage_expanding,0.08267031991977136,-0.27178104635682654,lightgbm,prematch_regression,1
market_prob_H,0.10052600818234952,-0.20210645832609864,lightgbm,prematch_regression,1
away_event_shots_roll3,18.666666666666668,0.18913584959568705,lightgbm,prematch_regression,1
market_prob_A,0.7403078121955972,-0.15424681271198126,lightgbm,prematch_regression,1
away_event_recoveries_roll3,43.0,0.10629158004786529,lightgbm,prematch_regression,1
away_event_points_expanding,2.25,-0.09457030794238176,lightgbm,prematch_regression,1
away_event_fouls_roll10,13.8,-0.08636719264303103,lightgbm,prematch_regression,1
away_event_shots_on_target_roll3,7.666666666666667,0.08569356084212935,lightgbm,prematch_regression,1
diff_event_yellow_cards_roll10,0.6000000000000001,-0.08464773304868105,lightgbm,prematch_regression,1
home_event_interceptions_expanding,18.1875,-0.07898546229850423,lightgbm,prematch_regression,1
diff_event_points_roll5,-2.6,0.06456274043699772,lightgbm,prematch_regression,1
home_event_points_roll10,0.2,0.06380394355848747,lightgbm,prematch_regression,1
diff_event_goals_against_roll5,1.7999999999999998,0.0621728433604026,lightgbm,prematch_regression,1
home_event_xg_roll3,0.9653257206666667,0.06213779937996531,lightgbm,prematch_regression,1
home_event_final_third_entries_expanding,69.0625,0.06059444446555806,lightgbm,prematch_regression,1
away_event_final_third_entries_roll3,66.66666666666667,0.059587275078008144,lightgbm,prematch_regression,1
diff_p1_maximum_zone_recovery_roll5,-0.03262546045273096,0.050249292442023794,lightgbm,prematch_regression,1
diff_p1_accumulated_eigenvector_centrality_roll5,-0.18991051842039108,0.04589355967811153,lightgbm,prematch_regression,1
diff_p1_mean_zone_leakage_roll10,0.08051514333751841,-0.044414386485708245,lightgbm,prematch_regression,1
diff_p1_possession_recoveries_roll10,-0.7000000000000028,0.044021902678046766,lightgbm,prematch_regression,1
diff_p1_maximum_zone_leakage_roll5,0.5320972886762358,-0.04394514288274323,lightgbm,prematch_regression,1
diff_p1_maximum_zone_leakage_expanding,0.2828589451801694,-0.04354787522216527,lightgbm,prematch_regression,1
diff_event_shots_on_target_expanding,-4.28125,-0.03982152498742455,lightgbm,prematch_regression,1
diff_p1_maximum_zone_leakage_roll3,0.17849548112706004,0.03928350719096499,lightgbm,prematch_regression,1
away_p1_median_zone_leakage_roll3,0.1014349847683181,0.03798459363516239,lightgbm,prematch_regression,1
home_p1_maximum_zone_leakage_roll3,0.8232323232323232,0.0376062676623327,lightgbm,prematch_regression,1
diff_event_final_third_entries_expanding,-11.15625,-0.036443690001327904,lightgbm,prematch_regression,1
away_event_goals_against_roll3,0.3333333333333333,-0.03457090376266515,lightgbm,prematch_regression,1
diff_event_goals_against_expanding,0.84375,-0.033133566899176306,lightgbm,prematch_regression,1
away_event_goals_against_expanding,0.90625,-0.03139480791989724,lightgbm,prematch_regression,1
market_prob_A,0.05617608409986859,0.5257499709189798,lightgbm,prematch_regression,2
home_p1_median_zone_leakage_roll3,0.07899405217502233,0.33254509250446423,lightgbm,prematch_regression,2
market_prob_H,0.8377135348226018,0.2943349677908826,lightgbm,prematch_regression,2
home_event_interceptions_expanding,9.46875,0.244000125492535,lightgbm,prematch_regression,2
diff_event_yellow_cards_roll10,-1.1,0.2034281920063416,lightgbm,prematch_regression,2
diff_p1_mean_zone_leakage_roll10,-0.10329679578679687,0.14599947281408263,lightgbm,prematch_regression,2
diff_p1_accumulated_eigenvector_centrality_roll5,0.4423863102906434,-0.11539067890836066,lightgbm,prematch_regression,2
home_event_shots_on_target_roll5,6.2,0.10262714136916683,lightgbm,prematch_regression,2
away_event_shots_roll3,15.0,0.10222680556459858,lightgbm,prematch_regression,2
away_event_goals_against_roll3,1.6666666666666667,0.10201941168372505,lightgbm,prematch_regression,2
diff_event_yellow_cards_roll5,-0.3999999999999999,-0.09538480031176587,lightgbm,prematch_regression,2
bookie_margin,1.0471276229790163,-0.08963998915263117,lightgbm,prematch_regression,2
home_event_completed_passes_roll3,629.0,0.0814543260919181,lightgbm,prematch_regression,2
diff_p1_maximum_zone_leakage_roll5,-0.4326923076923077,0.0789726507635858,lightgbm,prematch_regression,2
diff_p1_maximum_zone_leakage_expanding,-0.35207133901652377,0.0715432069009968,lightgbm,prematch_regression,2
away_p1_median_zone_leakage_roll3,0.16098147837278273,0.06890457884901886,lightgbm,prematch_regression,2
home_event_final_third_entries_expanding,87.21875,0.06311953582004053,lightgbm,prematch_regression,2
away_p1_median_zone_leakage_roll10,0.14505748080455869,-0.05946159497279148,lightgbm,prematch_regression,2
home_p1_maximum_zone_leakage_roll3,0.6205128205128205,0.05931757342975158,lightgbm,prematch_regression,2
diff_p1_possession_losses_expanding,-4.46875,-0.05850497908842341,lightgbm,prematch_regression,2
diff_event_shots_on_target_roll5,2.4000000000000004,0.05744489070159356,lightgbm,prematch_regression,2
away_p1_mean_zone_leakage_roll3,0.23986197511791116,0.0564430988502075,lightgbm,prematch_regression,2
home_p1_possession_losses_expanding,58.75,-0.05485821848742694,lightgbm,prematch_regression,2
diff_event_goals_against_expanding,-0.375,0.047347536730299775,lightgbm,prematch_regression,2
away_event_shots_on_target_roll3,5.0,0.04367914475830211,lightgbm,prematch_regression,2
home_event_pressures_expanding,120.6875,0.04213661463497954,lightgbm,prematch_regression,2
diff_p1_mean_zone_leakage_expanding,-0.0954901206636172,0.03979909203724052,lightgbm,prematch_regression,2
diff_p1_maximum_zone_leakage_roll10,-0.5184944222444224,0.039413226427103196,lightgbm,prematch_regression,2
diff_p1_maximum_zone_leakage_roll3,-0.24615384615384617,0.036948093460068485,lightgbm,prematch_regression,2
away_event_final_third_entries_roll5,79.4,0.03616818505973024,lightgbm,prematch_regression,2
