team,mean_supra_centrality,mean_leakage,mean_recovery,mean_switching,mean_completed_passes,points,centrality_rank,points_rank
Barcelona,0.8698778141978574,0.13238597905579327,0.11026270647382763,3.1876894344722113,582.421052631579,91,1,1
Real Madrid,0.6816070123238527,0.15119984550780743,0.12845031026638745,4.192342288742824,518.3684210526316,90,2,2
Atlético Madrid,0.4640855075166839,0.19569318661454305,0.16676921066264222,5.500594756698137,386.13157894736844,88,10,3
Villarreal,0.3825879380904538,0.23379977787614625,0.164993952887206,6.396751650704621,345.92105263157896,64,17,4
Athletic Club,0.47256517346895466,0.2038151052320895,0.16806509260833247,5.539458304908696,354.07894736842104,62,9,5
Celta Vigo,0.6581265868381071,0.18666323891771844,0.1448368310174614,4.780248091087587,426.57894736842104,60,3,6
Sevilla,0.42933329298135653,0.2031615066565325,0.14309917931119798,4.922685459925643,342.1578947368421,52,14,7
Málaga,0.4570781978645416,0.22005573414148646,0.17823462752218178,6.787012017817903,317.4736842105263,48,11,8
Real Sociedad,0.56776527120763,0.20635216262487516,0.16092821069692922,5.325230916074003,369.2368421052632,48,6,8
Real Betis,0.4752556646743388,0.23667523765701295,0.17123845710630278,6.468002652484211,319.0,45,8,10
Valencia,0.5081869037488297,0.22622714247981934,0.15396251212970116,5.722322547820264,364.10526315789474,44,7,11
Las Palmas,0.6369972533384548,0.18191441815540474,0.12960823467305452,4.39377994146323,445.3421052631579,44,5,11
Espanyol,0.40750649350502394,0.23502937076175565,0.18229448490133535,7.494238190567749,310.3421052631579,43,15,13
Eibar,0.3877151983943265,0.2504472548429603,0.2068283810624151,8.030487278420663,286.1578947368421,43,16,13
RC Deportivo La Coruña,0.43209431844119656,0.23011583287749057,0.17264950086559896,5.924517438805716,338.4736842105263,42,13,15
Granada,0.3666396540792478,0.27089578730196207,0.18030842983364564,7.210445628641992,288.3421052631579,39,19,16
Sporting Gijón,0.3400574756470555,0.26111810501733873,0.19057036410728498,7.610707336361631,291.57894736842104,39,20,16
Rayo Vallecano,0.6473069913685364,0.227961444788215,0.14961855999436388,5.251037088413473,373.0263157894737,38,4,18
Getafe,0.4372688251155116,0.23116743292478667,0.17774174519865923,6.823553665324261,312.10526315789474,36,12,19
Levante UD,0.3779444271980406,0.23452886733475786,0.17135181494269272,5.937176174582664,312.39473684210526,32,18,20
