model,method,snapshot_minute,n_matches,rps,log_loss,brier,ece,accuracy
frozen_market,raw,0,79,0.18945163801596418,0.9229683740814468,0.538104367677319,0.06663439534257089,0.5822784810126582
frozen_market,raw,5,79,0.18945163801596418,0.9229683740814468,0.538104367677319,0.06663439534257089,0.5822784810126582
frozen_market,raw,10,79,0.18945163801596418,0.9229683740814468,0.538104367677319,0.06663439534257089,0.5822784810126582
frozen_market,raw,15,79,0.18945163801596418,0.9229683740814468,0.538104367677319,0.06663439534257089,0.5822784810126582
frozen_market,raw,20,79,0.18945163801596418,0.9229683740814468,0.538104367677319,0.06663439534257089,0.5822784810126582
frozen_market,raw,25,79,0.18945163801596418,0.9229683740814468,0.538104367677319,0.06663439534257089,0.5822784810126582
frozen_market,raw,30,79,0.18945163801596418,0.9229683740814468,0.538104367677319,0.06663439534257089,0.5822784810126582
frozen_market,raw,35,79,0.18945163801596418,0.9229683740814468,0.538104367677319,0.06663439534257089,0.5822784810126582
frozen_market,raw,40,79,0.18945163801596418,0.9229683740814468,0.538104367677319,0.06663439534257089,0.5822784810126582
frozen_market,raw,45,79,0.18945163801596418,0.9229683740814468,0.538104367677319,0.06663439534257089,0.5822784810126582
frozen_market,raw,50,79,0.18945163801596418,0.9229683740814468,0.538104367677319,0.06663439534257089,0.5822784810126582
frozen_market,raw,55,79,0.18945163801596418,0.9229683740814468,0.538104367677319,0.06663439534257089,0.5822784810126582
frozen_market,raw,60,79,0.18945163801596418,0.9229683740814468,0.538104367677319,0.06663439534257089,0.5822784810126582
frozen_market,raw,65,79,0.18945163801596418,0.9229683740814468,0.538104367677319,0.06663439534257089,0.5822784810126582
frozen_market,raw,70,79,0.18945163801596418,0.9229683740814468,0.538104367677319,0.06663439534257089,0.5822784810126582
frozen_market,raw,75,79,0.18945163801596418,0.9229683740814468,0.538104367677319,0.06663439534257089,0.5822784810126582
frozen_market,raw,80,79,0.18945163801596418,0.9229683740814468,0.538104367677319,0.06663439534257089,0.5822784810126582
frozen_market,raw,85,79,0.18945163801596418,0.9229683740814468,0.538104367677319,0.06663439534257089,0.5822784810126582
frozen_market,raw,90,79,0.18945163801596418,0.9229683740814468,0.538104367677319,0.06663439534257089,0.5822784810126582
dummy,raw,0,79,0.22579438850550196,1.0350652285363817,0.6217576324209834,0.012605264551665607,0.5063291139240507
dummy,raw,5,79,0.22579438850550196,1.0350652285363817,0.6217576324209834,0.012605264551665607,0.5063291139240507
dummy,raw,10,79,0.22579438850550196,1.0350652285363817,0.6217576324209834,0.012605264551665607,0.5063291139240507
dummy,raw,15,79,0.22579438850550196,1.0350652285363817,0.6217576324209834,0.012605264551665607,0.5063291139240507
dummy,raw,20,79,0.22579438850550196,1.0350652285363817,0.6217576324209834,0.012605264551665607,0.5063291139240507
dummy,raw,25,79,0.22579438850550196,1.0350652285363817,0.6217576324209834,0.012605264551665607,0.5063291139240507
dummy,raw,30,79,0.22579438850550196,1.0350652285363817,0.6217576324209834,0.012605264551665607,0.5063291139240507
dummy,raw,35,79,0.22579438850550196,1.0350652285363817,0.6217576324209834,0.012605264551665607,0.5063291139240507
dummy,raw,40,79,0.22579438850550196,1.0350652285363817,0.6217576324209834,0.012605264551665607,0.5063291139240507
dummy,raw,45,79,0.22579438850550196,1.0350652285363817,0.6217576324209834,0.012605264551665607,0.5063291139240507
dummy,raw,50,79,0.22579438850550196,1.0350652285363817,0.6217576324209834,0.012605264551665607,0.5063291139240507
dummy,raw,55,79,0.22579438850550196,1.0350652285363817,0.6217576324209834,0.012605264551665607,0.5063291139240507
dummy,raw,60,79,0.22579438850550196,1.0350652285363817,0.6217576324209834,0.012605264551665607,0.5063291139240507
dummy,raw,65,79,0.22579438850550196,1.0350652285363817,0.6217576324209834,0.012605264551665607,0.5063291139240507
dummy,raw,70,79,0.22579438850550196,1.0350652285363817,0.6217576324209834,0.012605264551665607,0.5063291139240507
dummy,raw,75,79,0.22579438850550196,1.0350652285363817,0.6217576324209834,0.012605264551665607,0.5063291139240507
dummy,raw,80,79,0.22579438850550196,1.0350652285363817,0.6217576324209834,0.012605264551665607,0.5063291139240507
dummy,raw,85,79,0.22579438850550196,1.0350652285363817,0.6217576324209834,0.012605264551665607,0.5063291139240507
dummy,raw,90,79,0.22579438850550196,1.0350652285363817,0.6217576324209834,0.012605264551665607,0.5063291139240507
dummy,platt,0,79,0.2336802788530211,1.0538054590909514,0.6369643700332374,0.1031745331054959,0.5063291139240507
dummy,platt,5,79,0.2336802788530211,1.0538054590909514,0.6369643700332374,0.1031745331054959,0.5063291139240507
dummy,platt,10,79,0.2336802788530211,1.0538054590909514,0.6369643700332374,0.1031745331054959,0.5063291139240507
dummy,platt,15,79,0.2336802788530211,1.0538054590909514,0.6369643700332374,0.1031745331054959,0.5063291139240507
dummy,platt,20,79,0.2336802788530211,1.0538054590909514,0.6369643700332374,0.1031745331054959,0.5063291139240507
dummy,platt,25,79,0.2336802788530211,1.0538054590909514,0.6369643700332374,0.1031745331054959,0.5063291139240507
dummy,platt,30,79,0.2336802788530211,1.0538054590909514,0.6369643700332374,0.1031745331054959,0.5063291139240507
dummy,platt,35,79,0.23367532895821247,1.0537847613516367,0.6369501623399484,0.10311277554887427,0.5063291139240507
dummy,platt,40,79,0.23367532895821247,1.0537847613516367,0.6369501623399484,0.10311277554887427,0.5063291139240507
dummy,platt,45,79,0.23367532895821247,1.0537847613516367,0.6369501623399484,0.10311277554887427,0.5063291139240507
dummy,platt,50,79,0.23367532895821247,1.0537847613516367,0.6369501623399484,0.10311277554887427,0.5063291139240507
dummy,platt,55,79,0.23367532895821247,1.0537847613516367,0.6369501623399484,0.10311277554887427,0.5063291139240507
dummy,platt,60,79,0.23367532895821247,1.0537847613516367,0.6369501623399484,0.10311277554887427,0.5063291139240507
dummy,platt,65,79,0.23367532895821247,1.0537847613516367,0.6369501623399484,0.10311277554887427,0.5063291139240507
dummy,platt,70,79,0.23367532895821247,1.0537847613516367,0.6369501623399484,0.10311277554887427,0.5063291139240507
dummy,platt,75,79,0.23367532895821247,1.0537847613516367,0.6369501623399484,0.10311277554887427,0.5063291139240507
dummy,platt,80,79,0.23367532895821247,1.0537847613516367,0.6369501623399484,0.10311277554887427,0.5063291139240507
dummy,platt,85,79,0.23367532895821247,1.0537847613516367,0.6369501623399484,0.10311277554887427,0.5063291139240507
dummy,platt,90,79,0.23367532895821247,1.0537847613516367,0.6369501623399484,0.10311277554887427,0.5063291139240507
dummy,isotonic,0,79,0.23367503523492147,1.053782228243211,0.636948589944546,0.10310330747243779,0.5063291139240507
dummy,isotonic,5,79,0.23367503523492147,1.053782228243211,0.636948589944546,0.10310330747243779,0.5063291139240507
dummy,isotonic,10,79,0.23367503523492147,1.053782228243211,0.636948589944546,0.10310330747243779,0.5063291139240507
dummy,isotonic,15,79,0.23367503523492147,1.053782228243211,0.636948589944546,0.10310330747243779,0.5063291139240507
dummy,isotonic,20,79,0.23367503523492147,1.053782228243211,0.636948589944546,0.10310330747243779,0.5063291139240507
dummy,isotonic,25,79,0.23367503523492147,1.053782228243211,0.636948589944546,0.10310330747243779,0.5063291139240507
dummy,isotonic,30,79,0.23367503523492147,1.053782228243211,0.636948589944546,0.10310330747243779,0.5063291139240507
dummy,isotonic,35,79,0.23367503523492147,1.053782228243211,0.636948589944546,0.10310330747243779,0.5063291139240507
dummy,isotonic,40,79,0.23367503523492147,1.053782228243211,0.636948589944546,0.10310330747243779,0.5063291139240507
dummy,isotonic,45,79,0.23367503523492147,1.053782228243211,0.636948589944546,0.10310330747243779,0.5063291139240507
dummy,isotonic,50,79,0.23367503523492147,1.053782228243211,0.636948589944546,0.10310330747243779,0.5063291139240507
dummy,isotonic,55,79,0.23367503523492147,1.053782228243211,0.636948589944546,0.10310330747243779,0.5063291139240507
dummy,isotonic,60,79,0.23367503523492147,1.053782228243211,0.636948589944546,0.10310330747243779,0.5063291139240507
dummy,isotonic,65,79,0.23367503523492147,1.053782228243211,0.636948589944546,0.10310330747243779,0.5063291139240507
dummy,isotonic,70,79,0.23367503523492147,1.053782228243211,0.636948589944546,0.10310330747243779,0.5063291139240507
dummy,isotonic,75,79,0.23367503523492147,1.053782228243211,0.636948589944546,0.10310330747243779,0.5063291139240507
dummy,isotonic,80,79,0.23367503523492147,1.053782228243211,0.636948589944546,0.10310330747243779,0.5063291139240507
dummy,isotonic,85,79,0.23367503523492147,1.053782228243211,0.636948589944546,0.10310330747243779,0.5063291139240507
dummy,isotonic,90,79,0.23367503523492147,1.053782228243211,0.636948589944546,0.10310330747243779,0.5063291139240507
random_forest,raw,0,79,0.20698518923998227,1.010719490878493,0.5983228905333181,0.08165474493599693,0.5189873417721519
random_forest,raw,5,79,0.20884045489080166,1.015695720058838,0.6029173688990356,0.0861248661679183,0.5189873417721519
random_forest,raw,10,79,0.20998292644128216,1.019001056074475,0.6046821266850976,0.12458075985036386,0.4810126582278481
random_forest,raw,15,79,0.20685911573952015,1.0086201704695623,0.5973507004682451,0.13141607840649194,0.4936708860759494
random_forest,raw,20,79,0.2081293294003427,1.01194591252994,0.5995597441103008,0.1193040318050237,0.4936708860759494
random_forest,raw,25,79,0.20505888127079863,1.0044619124121337,0.5935665453779846,0.08447343733822428,0.5189873417721519
random_forest,raw,30,79,0.20336833891131878,1.0010513533449612,0.5899054285998109,0.07055912010242096,0.5189873417721519
random_forest,raw,35,79,0.19834319718407745,0.9833234293729728,0.5788186310747586,0.06643887824522098,0.5443037974683544
random_forest,raw,40,79,0.19579793113750016,0.9760907098032247,0.5731045569788916,0.1564631132079735,0.5443037974683544
random_forest,raw,45,79,0.19217886225511563,0.9614783976249577,0.5662867965678342,0.14427821261725654,0.5569620253164557
random_forest,raw,50,79,0.18679457687281428,0.9372658519966787,0.5550213605757455,0.11619886603823261,0.5443037974683544
random_forest,raw,55,79,0.1843197814828806,0.9291262439098643,0.549015571154664,0.1064537428151301,0.5822784810126582
random_forest,raw,60,79,0.17978521339922895,0.912969259665744,0.5389422018246371,0.08441571637736008,0.6075949367088608
random_forest,raw,65,79,0.17673490062602812,0.9077415454205011,0.5322935093269505,0.08093884290781254,0.6075949367088608
random_forest,raw,70,79,0.17590886446920703,0.9042987589412891,0.5304462155860491,0.07698455013466325,0.5949367088607594
random_forest,raw,75,79,0.17742196727896428,0.9096788746056467,0.5337247630408917,0.08185243335112989,0.5949367088607594
random_forest,raw,80,79,0.1736366333708453,0.8947681324952841,0.5248025666901932,0.09728186202597384,0.5949367088607594
random_forest,raw,85,79,0.17023526800068994,0.8836653170465399,0.5160486310640251,0.09740593449469176,0.6075949367088608
random_forest,raw,90,79,0.16928656658624439,0.8820506220683322,0.5142950622201957,0.12173116214367412,0.6075949367088608
random_forest,platt,0,79,0.2085267547644633,0.9807566345902359,0.5795012058149818,0.07646075305012134,0.5316455696202531
random_forest,platt,5,79,0.21063955259786915,0.9888931894439066,0.5847711453674265,0.07554133266164846,0.4936708860759494
random_forest,platt,10,79,0.2130498794762042,0.9971391655604506,0.5891599361020997,0.07103789316911152,0.4936708860759494
random_forest,platt,15,79,0.20958760952879638,0.9859954901335519,0.5815298365075681,0.09646804140729427,0.4936708860759494
random_forest,platt,20,79,0.2110827366816471,0.9905965224194401,0.5848794534779531,0.07007304157858277,0.4936708860759494
random_forest,platt,25,79,0.20648500497824399,0.9727485400329038,0.573962282855113,0.06796093041171333,0.5189873417721519
random_forest,platt,30,79,0.20458176179550844,0.9650695077976851,0.5691625225253122,0.09113179092069408,0.5063291139240507
random_forest,platt,35,79,0.19789257713560407,0.9693226315833525,0.5589565050363909,0.10763853144873904,0.5443037974683544
random_forest,platt,40,79,0.19488448117100524,0.958643280688982,0.5515774816896848,0.12586222134872782,0.5569620253164557
random_forest,platt,45,79,0.1891230232993016,0.9380220110503446,0.5404160720123177,0.1044453841793439,0.569620253164557
random_forest,platt,50,79,0.18173976885707155,0.9030809450379494,0.52516364173133,0.10405305319916808,0.6075949367088608
random_forest,platt,55,79,0.17857074001328935,0.8930632436003758,0.5176423563339204,0.15747367257748382,0.6075949367088608
random_forest,platt,60,79,0.17160890227933479,0.87308244848537,0.5035326547276423,0.09598068516322393,0.6329113924050633
random_forest,platt,65,79,0.16283366831773216,0.8734728194014405,0.48263187057247736,0.06641550044603368,0.6329113924050633
random_forest,platt,70,79,0.1612885890739293,0.8683583200998757,0.4808236189442677,0.11915569353471257,0.6455696202531646
random_forest,platt,75,79,0.16313655958508624,0.8737303310511438,0.4837430551282445,0.10483992968092715,0.6329113924050633
random_forest,platt,80,79,0.1567128348798617,0.8486958656660828,0.47140667937477104,0.09696334470426501,0.6455696202531646
random_forest,platt,85,79,0.15058757661185407,0.8264273889313463,0.45627623170361015,0.10088484365320016,0.6455696202531646
random_forest,platt,90,79,0.14965028780603654,0.8214966058835732,0.45382009022247594,0.1057458153913307,0.6582278481012658
random_forest,isotonic,0,79,0.21515317480276006,1.9720834204475368,0.6280897149446528,0.1484283087184131,0.5443037974683544
random_forest,isotonic,5,79,0.21731006753459295,2.2949008792082988,0.6339086365095872,0.13490874797183555,0.5189873417721519
random_forest,isotonic,10,79,0.21727503521396274,1.9785709004615424,0.6300707783743744,0.10702908143902666,0.5063291139240507
random_forest,isotonic,15,79,0.21655568254242158,1.9868931485743844,0.6284845042789811,0.09075077385015996,0.5189873417721519
random_forest,isotonic,20,79,0.21623975015785454,1.982073702247422,0.6268846184336453,0.08863204287773754,0.5189873417721519
random_forest,isotonic,25,79,0.21564950438380368,1.993575822908118,0.6304904178304046,0.1252223244902647,0.5189873417721519
random_forest,isotonic,30,79,0.21546351594303173,1.9964111740079433,0.6308837621403417,0.14568425831093995,0.5063291139240507
random_forest,isotonic,35,79,0.2147316277681662,1.981832479378232,0.6280128399777557,0.1344512548608494,0.5189873417721519
random_forest,isotonic,40,79,0.21478738647962323,2.3019680265759046,0.6329142034548728,0.11514206929728994,0.5063291139240507
random_forest,isotonic,45,79,0.21118535222360194,1.9749778294821085,0.6274889136937635,0.11066069098098866,0.5189873417721519
random_forest,isotonic,50,79,0.20177555062430907,1.636629093056736,0.6082029965984433,0.09864450097318699,0.5443037974683544
random_forest,isotonic,55,79,0.19989336287442205,1.6243105337339627,0.5972787210522628,0.07368166242650775,0.5569620253164557
random_forest,isotonic,60,79,0.18945004186562253,1.5756120826078774,0.575482056663126,0.11821343451756945,0.6075949367088608
random_forest,isotonic,65,79,0.18701850699551126,2.2238626221152114,0.5831846955907468,0.1714038443428165,0.6075949367088608
random_forest,isotonic,70,79,0.18306417107947914,2.203087477435778,0.572597848618942,0.15507760138575927,0.5949367088607594
random_forest,isotonic,75,79,0.18090749225045136,2.190469661183987,0.5651143893303671,0.16918632469609043,0.5949367088607594
random_forest,isotonic,80,79,0.17205845060357314,2.154381301990637,0.5429290145740913,0.1485309489989723,0.6075949367088608
random_forest,isotonic,85,79,0.16697866501729317,2.140005108121161,0.5332732824749302,0.10463664074478471,0.6329113924050633
random_forest,isotonic,90,79,0.16044586088819368,2.1310145993944687,0.5201098907877122,0.1323170770158623,0.6455696202531646
gradient_boosting,raw,0,79,0.21201510117035974,1.0391479433010684,0.6320882319269823,0.18659928100151982,0.379746835443038
gradient_boosting,raw,5,79,0.2177127887417467,1.055641990478782,0.6412025808472702,0.1578252145326288,0.3924050632911392
gradient_boosting,raw,10,79,0.2264052199865499,1.075451549407884,0.6510308473179438,0.1550419970924325,0.4177215189873418
gradient_boosting,raw,15,79,0.2196395706503717,1.0502903990287202,0.6319162895252544,0.1501639480476064,0.45569620253164556
gradient_boosting,raw,20,79,0.225535586072483,1.0666231190944069,0.641493961141529,0.16486468354449615,0.4430379746835443
gradient_boosting,raw,25,79,0.21938978989072333,1.0567836221846347,0.6329288776236738,0.16811563265571425,0.4430379746835443
gradient_boosting,raw,30,79,0.21790127092866116,1.0475826951116165,0.6282527303894685,0.1680276359915085,0.45569620253164556
gradient_boosting,raw,35,79,0.198081102989438,0.9877308616756925,0.5916118310194451,0.15430551028490644,0.46835443037974683
gradient_boosting,raw,40,79,0.19028293710263694,0.9626770675201572,0.5739755200467822,0.11978412045862652,0.5063291139240507
gradient_boosting,raw,45,79,0.17955399549664905,0.920028927957292,0.5472997404492197,0.13370124141284173,0.5316455696202531
gradient_boosting,raw,50,79,0.16895190195392956,0.8814007385568124,0.5235336628749511,0.14076082148900593,0.5569620253164557
gradient_boosting,raw,55,79,0.15926492498354172,0.8495733880566104,0.49839037119731683,0.09940481468342487,0.5949367088607594
gradient_boosting,raw,60,79,0.14620443314994763,0.8027010099492925,0.4630537651762594,0.10635201601049311,0.6455696202531646
gradient_boosting,raw,65,79,0.1375831846600472,0.7723750366523641,0.4420348594322541,0.0735278629842013,0.6708860759493671
gradient_boosting,raw,70,79,0.1365554381895353,0.7722120565384941,0.4439500136486442,0.060339360186407884,0.6708860759493671
gradient_boosting,raw,75,79,0.13369890536722237,0.7484529255182981,0.4261309377055906,0.08226349239888428,0.6708860759493671
gradient_boosting,raw,80,79,0.11887567591774813,0.68797804765033,0.3855346361102486,0.09304806647634012,0.7088607594936709
gradient_boosting,raw,85,79,0.10412277537172399,0.626347587510561,0.34375786442475914,0.13617517301516002,0.7468354430379747
gradient_boosting,raw,90,79,0.10001538436477604,0.6131446359894153,0.335760932476534,0.13151226525364365,0.7468354430379747
gradient_boosting,platt,0,79,0.22996974932046638,1.0314342802370988,0.617819084314285,0.1066570413779245,0.4936708860759494
gradient_boosting,platt,5,79,0.23151257073340012,1.0478141853673355,0.6246652719605845,0.11088767588896387,0.5063291139240507
gradient_boosting,platt,10,79,0.23229102356539855,1.0679744342268003,0.628129486820353,0.13472168704939924,0.5063291139240507
gradient_boosting,platt,15,79,0.21946458054463217,1.029881206162579,0.599171648673547,0.13970048078705094,0.5316455696202531
gradient_boosting,platt,20,79,0.22685737971823344,1.054864469388246,0.6140270845406991,0.1293354358289618,0.5189873417721519
gradient_boosting,platt,25,79,0.2233672272519758,1.0252731838555904,0.6046601424096633,0.1186144077275896,0.5316455696202531
gradient_boosting,platt,30,79,0.22573424033430747,1.0429127348316922,0.6129588205735058,0.12418429060106051,0.5189873417721519
gradient_boosting,platt,35,79,0.21543095450598534,1.0159410339033461,0.5934026145161719,0.15120740150313486,0.569620253164557
gradient_boosting,platt,40,79,0.21083648823269893,0.9947358773824578,0.582267306460942,0.14073710974885298,0.569620253164557
gradient_boosting,platt,45,79,0.19967586902182433,0.9622909363351646,0.5610186861502061,0.10187481184477747,0.5569620253164557
gradient_boosting,platt,50,79,0.1925328892151428,0.9314239338672026,0.5430142963682533,0.11072333517830615,0.5443037974683544
gradient_boosting,platt,55,79,0.17990619388267776,0.8887242415730562,0.5135429157318396,0.10599895661203931,0.5822784810126582
gradient_boosting,platt,60,79,0.16471117800796944,0.8585391330887558,0.4838543742957506,0.06389360180787948,0.620253164556962
gradient_boosting,platt,65,79,0.14452405248144454,0.8136976458309019,0.44111996990513497,0.09816685071664065,0.6582278481012658
gradient_boosting,platt,70,79,0.1373893049989563,0.7751447318341985,0.4215185396948281,0.11996665776077241,0.6708860759493671
gradient_boosting,platt,75,79,0.126440092725815,0.7398852687124129,0.39107024981251975,0.1088581644523481,0.7215189873417721
gradient_boosting,platt,80,79,0.11779656128325416,0.6833905074461064,0.3666358662060929,0.08770691374817674,0.7341772151898734
gradient_boosting,platt,85,79,0.0968451962311273,0.5724777454360909,0.3092436470829425,0.09384533867037273,0.7721518987341772
gradient_boosting,platt,90,79,0.0924910679490784,0.5376612172125966,0.29558331436205915,0.0885577645459669,0.7721518987341772
gradient_boosting,isotonic,0,79,0.22543914619250904,1.3569702872856146,0.6241530679262345,0.1453725152067767,0.4177215189873418
gradient_boosting,isotonic,5,79,0.22794475183081436,1.3691074086339772,0.6287641657696119,0.1479650391945562,0.4177215189873418
gradient_boosting,isotonic,10,79,0.2273022923326757,1.387355675478168,0.6273649220052093,0.1512563096438861,0.45569620253164556
gradient_boosting,isotonic,15,79,0.2167625243671094,1.349338203870836,0.6042627925365978,0.14390297533264154,0.4810126582278481
gradient_boosting,isotonic,20,79,0.22503051160581383,1.3749216456498743,0.6209609329336024,0.12515469261947618,0.45569620253164556
gradient_boosting,isotonic,25,79,0.22353797385643548,1.6721384184584847,0.6227051762931023,0.13675394356924483,0.45569620253164556
gradient_boosting,isotonic,30,79,0.22290157490872756,1.6525017837531772,0.6216471099300701,0.16020404067940056,0.45569620253164556
gradient_boosting,isotonic,35,79,0.20728758208798942,1.9417715354998293,0.5997379321056616,0.17008564837111492,0.5443037974683544
gradient_boosting,isotonic,40,79,0.2036351077007245,1.9275714175982936,0.5914746376832586,0.15859821357241463,0.5443037974683544
gradient_boosting,isotonic,45,79,0.1934547706285508,1.575483443312731,0.5701419299309289,0.15509730346634598,0.5569620253164557
gradient_boosting,isotonic,50,79,0.18768989054710414,1.8556113197783253,0.5547238231185954,0.162960407710356,0.569620253164557
gradient_boosting,isotonic,55,79,0.18078660015879824,1.8317623741333395,0.5390323888249695,0.17212185192758012,0.5822784810126582
gradient_boosting,isotonic,60,79,0.16592086476778156,1.781991447668102,0.5080357577840114,0.19868168686810778,0.6329113924050633
gradient_boosting,isotonic,65,79,0.1488343830145573,1.165090086048405,0.47511300385836164,0.0963690717350795,0.6582278481012658
gradient_boosting,isotonic,70,79,0.14245874764197258,1.1304085617170243,0.46056340165013204,0.08185037730368572,0.6708860759493671
gradient_boosting,isotonic,75,79,0.13081142168779245,1.062329025274278,0.4184025945263617,0.05894961661197659,0.7215189873417721
gradient_boosting,isotonic,80,79,0.12040792761422218,1.0123988339849306,0.3814230886628739,0.08383701743468251,0.759493670886076
gradient_boosting,isotonic,85,79,0.09403771826132738,0.8839375077655817,0.31738264274655226,0.08551418325476709,0.7974683544303798
gradient_boosting,isotonic,90,79,0.0869307634412877,0.8518731694912796,0.2982305923181143,0.09798674528739164,0.8227848101265823
xgboost,raw,0,79,0.22107021760942383,1.1034341610334986,0.6612546304832585,0.15417178047062224,0.4430379746835443
xgboost,raw,5,79,0.23165446860329084,1.135114487759135,0.684363787826406,0.19868124337944465,0.4177215189873418
xgboost,raw,10,79,0.24312435180251862,1.1692371459441409,0.7026102235258103,0.24319351718832016,0.3924050632911392
xgboost,raw,15,79,0.24028695999680286,1.1569166882025381,0.6881623179902697,0.22195840247921178,0.43037974683544306
xgboost,raw,20,79,0.24474381976560985,1.169474140768765,0.6948824997978209,0.2205743808729786,0.43037974683544306
xgboost,raw,25,79,0.23711005231636695,1.154852851762608,0.679498157899496,0.20632552735864432,0.4430379746835443
xgboost,raw,30,79,0.23715740033600224,1.1547519836289923,0.6785762288610577,0.2239643573700934,0.43037974683544306
xgboost,raw,35,79,0.21897145127812406,1.0972859638499997,0.6458370874974888,0.21014136078652348,0.43037974683544306
xgboost,raw,40,79,0.21121424436886835,1.0707259982805228,0.6298877150849216,0.18720845012085605,0.45569620253164556
xgboost,raw,45,79,0.20123532405133512,1.0295757935637504,0.6076714381301137,0.16850198051932064,0.46835443037974683
xgboost,raw,50,79,0.18550138306749345,0.9785727916727296,0.5729749076461901,0.17354907898686484,0.5063291139240507
xgboost,raw,55,79,0.17590529735164798,0.9474393117368218,0.5487066360909877,0.10771775380437267,0.5569620253164557
xgboost,raw,60,79,0.16008056649175592,0.895142868794805,0.5099319581252689,0.09301378971585146,0.6075949367088608
xgboost,raw,65,79,0.15170995251929711,0.8604990248424258,0.490544246270044,0.09125607284072677,0.620253164556962
xgboost,raw,70,79,0.15050890873872877,0.8634676757406806,0.4936192780729792,0.0981677907717063,0.620253164556962
xgboost,raw,75,79,0.14722879816626347,0.8385006175085807,0.4732213995579852,0.10601138585351215,0.6455696202531646
xgboost,raw,80,79,0.13272394607371485,0.7804061381429128,0.43549957346563545,0.12100733513388534,0.6835443037974683
xgboost,raw,85,79,0.11827370596197405,0.7142068113054191,0.3927291158096351,0.11531618810641853,0.7215189873417721
xgboost,raw,90,79,0.11286314597019691,0.6978487649919506,0.3827033513280055,0.10003133111672177,0.7341772151898734
xgboost,platt,0,79,0.22681908002614262,1.0096379743741595,0.6099380198445997,0.10886373163767031,0.4936708860759494
xgboost,platt,5,79,0.23331426609344186,1.035231027659094,0.6244177211510759,0.10803857291466017,0.46835443037974683
xgboost,platt,10,79,0.2382822841225827,1.0616139984348982,0.6322911068322878,0.11218805429474193,0.4810126582278481
xgboost,platt,15,79,0.22935701888791798,1.0419554177871673,0.6148058650676719,0.15576496156217345,0.4810126582278481
xgboost,platt,20,79,0.23503654936315035,1.0585945831642667,0.6268163196544101,0.17523388324734296,0.46835443037974683
xgboost,platt,25,79,0.2313451565115502,1.0310057901597103,0.617832675276203,0.15440213175018305,0.4810126582278481
xgboost,platt,30,79,0.23301542788340396,1.037329165430351,0.6232133688997653,0.15617701975786194,0.46835443037974683
xgboost,platt,35,79,0.2217335040962757,1.0105801746099414,0.6014234647263988,0.13731802987999997,0.5189873417721519
xgboost,platt,40,79,0.21906922805676324,0.9958034994968393,0.5956814967015472,0.13057986710506914,0.5189873417721519
xgboost,platt,45,79,0.2102380174189665,0.971608124498522,0.578480779007928,0.13061823500919612,0.5316455696202531
xgboost,platt,50,79,0.20173318197794962,0.939331633957718,0.5592607757016572,0.127542361647393,0.5569620253164557
xgboost,platt,55,79,0.19074463201338757,0.9095452370077269,0.5358298550397015,0.1300615495971458,0.6075949367088608
xgboost,platt,60,79,0.17584056964468528,0.8747457452098338,0.505555468034806,0.0964025701351286,0.6455696202531646
xgboost,platt,65,79,0.15798897540684315,0.8421922824668061,0.4654928112914029,0.13957090775500144,0.6455696202531646
xgboost,platt,70,79,0.1546177108178381,0.8293299204393253,0.4590475393211199,0.12478230568106861,0.6582278481012658
xgboost,platt,75,79,0.1430698409899374,0.7922133266465528,0.4270031238617894,0.09676228894211578,0.6962025316455697
xgboost,platt,80,79,0.13383717401491202,0.7361872658909974,0.4012415716191831,0.07746055707062133,0.7215189873417721
xgboost,platt,85,79,0.11602742374774389,0.6403699937907584,0.35202806050583063,0.08653570639860358,0.759493670886076
xgboost,platt,90,79,0.11057524211486904,0.6117297616862628,0.3364002020332662,0.09450388888145972,0.7721518987341772
xgboost,isotonic,0,79,0.22215900124035243,1.3699155454358372,0.6252428024986696,0.06631092956575274,0.4810126582278481
xgboost,isotonic,5,79,0.2292927277797328,1.4013125511676212,0.6396845890304668,0.07538841480180705,0.46835443037974683
xgboost,isotonic,10,79,0.23745668858759128,1.7515875628999418,0.6552928126823298,0.07100868218751571,0.4810126582278481
xgboost,isotonic,15,79,0.23225541357051666,1.7337155820533756,0.6429287363874879,0.09069276869610288,0.4810126582278481
xgboost,isotonic,20,79,0.23763827668056903,1.749770953814059,0.6534169557355357,0.1244401331138362,0.45569620253164556
xgboost,isotonic,25,79,0.230026710579461,1.4019468556756842,0.6388258288458188,0.12060434135288671,0.46835443037974683
xgboost,isotonic,30,79,0.23268754666258118,1.4062944992473851,0.6453416338897572,0.13113740958518047,0.45569620253164556
xgboost,isotonic,35,79,0.218989762344385,1.4237098250475186,0.6322595966159603,0.09928468995093659,0.5063291139240507
xgboost,isotonic,40,79,0.21710331021699286,1.4215006288869405,0.6280787041243708,0.1255210718455121,0.5063291139240507
xgboost,isotonic,45,79,0.20796833408471632,1.3732268722858896,0.6055250654473442,0.14618464642392537,0.5063291139240507
xgboost,isotonic,50,79,0.19691735065683277,1.3161229121100053,0.5785289218546439,0.16879010173646053,0.5189873417721519
xgboost,isotonic,55,79,0.1882130914462244,1.285431352419208,0.5580685955332786,0.18184696233059433,0.5443037974683544
xgboost,isotonic,60,79,0.17580291633769077,1.5640461174976796,0.5335071149813493,0.16403041076389907,0.5949367088607594
xgboost,isotonic,65,79,0.164642345995093,1.562858196952867,0.5216909520098338,0.11912664063136685,0.620253164556962
xgboost,isotonic,70,79,0.16156842500934604,1.8504263289953768,0.5177837353666757,0.15561665152674845,0.620253164556962
xgboost,isotonic,75,79,0.15144988007259924,1.7963071728819808,0.4835921145267116,0.15255969652313675,0.6708860759493671
xgboost,isotonic,80,79,0.14061203214735624,1.7368656323619693,0.4461085852825748,0.12509317660113822,0.7088607594936709
xgboost,isotonic,85,79,0.12374959109060427,1.328783125776334,0.3925456534452234,0.09916054032564757,0.759493670886076
xgboost,isotonic,90,79,0.11560919969453376,0.9960730638720986,0.3723975968308229,0.1010860439477493,0.7848101265822784
lightgbm,raw,0,79,0.23593448633711395,1.2102065445557144,0.698783057100922,0.22390465321491218,0.4430379746835443
lightgbm,raw,5,79,0.24577746085711846,1.2513073822637935,0.7210968102884076,0.25153491324713145,0.43037974683544306
lightgbm,raw,10,79,0.25674422239809525,1.3052167478620338,0.7394588843866113,0.2600250330074594,0.4430379746835443
lightgbm,raw,15,79,0.25482955528459483,1.3076180411459901,0.7258219174901028,0.23933562317469087,0.46835443037974683
lightgbm,raw,20,79,0.26230379418504557,1.3365817345476105,0.7401052767673939,0.25263540651582383,0.45569620253164556
lightgbm,raw,25,79,0.25333041878193113,1.311244512312166,0.7207739911622851,0.24801737909564234,0.46835443037974683
lightgbm,raw,30,79,0.25145058221340255,1.3093914020093227,0.7143426885331117,0.24400228654024536,0.4810126582278481
lightgbm,raw,35,79,0.23613364673545742,1.2512302589539392,0.6855791501934346,0.2304815684134186,0.4936708860759494
lightgbm,raw,40,79,0.22973690980120132,1.2150756635481832,0.671230415533211,0.23146434056734047,0.4936708860759494
lightgbm,raw,45,79,0.21614353156783678,1.1526747987198442,0.6414936889260386,0.21023110725183564,0.5316455696202531
lightgbm,raw,50,79,0.19730568314673688,1.0934634986662697,0.6050185693113692,0.20000915982847334,0.5569620253164557
lightgbm,raw,55,79,0.18992741633191718,1.0726169154111076,0.5874928730544965,0.18521214777519474,0.5822784810126582
lightgbm,raw,60,79,0.17178763960470264,1.0028116490843089,0.5395219193171624,0.13969213605509043,0.620253164556962
lightgbm,raw,65,79,0.16550676499802666,0.9675428180281421,0.5241434222922747,0.14315663810480003,0.6329113924050633
lightgbm,raw,70,79,0.16302524552743855,0.9699415073458063,0.52593344256115,0.1489765704414613,0.6329113924050633
lightgbm,raw,75,79,0.16330331541363183,0.9522560101543138,0.5126637866347785,0.15244865954196654,0.6455696202531646
lightgbm,raw,80,79,0.14310953863415757,0.8698772941055274,0.46291891254541706,0.15717498455510956,0.6708860759493671
lightgbm,raw,85,79,0.12500534861127435,0.788642031721049,0.416267820819641,0.14123490310648337,0.7088607594936709
lightgbm,raw,90,79,0.11803343778901339,0.7541711956092405,0.40450547578588664,0.11305266129858146,0.7088607594936709
lightgbm,platt,0,79,0.22664134732349497,1.0152950449646032,0.6108018478309746,0.06616732192399623,0.5063291139240507
lightgbm,platt,5,79,0.2332792585074274,1.0452829084111501,0.6264960345658126,0.08872750073326958,0.4936708860759494
lightgbm,platt,10,79,0.24232650990351953,1.0805951044238904,0.6422459858096509,0.1120630097331096,0.4810126582278481
lightgbm,platt,15,79,0.23513848556240582,1.0699006824857942,0.6316852472259548,0.10110562917520378,0.4936708860759494
lightgbm,platt,20,79,0.2400985763719326,1.084706475554771,0.6423657799767515,0.1048221155143516,0.4936708860759494
lightgbm,platt,25,79,0.23276908226435794,1.0520908048323379,0.628071114056661,0.10514306888742096,0.5063291139240507
lightgbm,platt,30,79,0.23195125175598502,1.0531991401063014,0.628278351028073,0.13502073205302204,0.4810126582278481
lightgbm,platt,35,79,0.22370096257200295,1.0312300159455423,0.6099333856133224,0.1301561156186053,0.4936708860759494
lightgbm,platt,40,79,0.21915247415849992,1.0107947516342524,0.600359172447906,0.13254606620900833,0.4936708860759494
lightgbm,platt,45,79,0.20851088614701188,0.9794360113056403,0.5779750695877752,0.11848133957400471,0.5189873417721519
lightgbm,platt,50,79,0.2000198358914662,0.9487582119380692,0.5577734014941104,0.09728948199814047,0.5443037974683544
lightgbm,platt,55,79,0.19381778802690144,0.930510802183974,0.5433979550680553,0.0592969539438821,0.5949367088607594
lightgbm,platt,60,79,0.17702110689018258,0.8821622290698804,0.5075402038707648,0.07320327330791158,0.620253164556962
lightgbm,platt,65,79,0.16726830524374367,0.8768814538823314,0.4855033713369075,0.08625576792450734,0.6455696202531646
lightgbm,platt,70,79,0.1605501649107971,0.846993232840642,0.46922675146451953,0.05408773200355391,0.6708860759493671
lightgbm,platt,75,79,0.1507908393755484,0.8174337845621835,0.4395068404961858,0.09013847582704088,0.7088607594936709
lightgbm,platt,80,79,0.13956390943346422,0.7607188493801398,0.41198568897368787,0.0711461434130436,0.7215189873417721
lightgbm,platt,85,79,0.12326356096655354,0.6758244816633059,0.3693327395896283,0.06757278009133048,0.759493670886076
lightgbm,platt,90,79,0.1163261184224196,0.6316206228475582,0.35298368734583135,0.05650738258319565,0.759493670886076
lightgbm,isotonic,0,79,0.22675495694997116,1.3822896507771243,0.6324664406674246,0.04155083002636385,0.46835443037974683
lightgbm,isotonic,5,79,0.23446730466499144,1.7228599101809192,0.6470546283395235,0.06283013736600282,0.4430379746835443
lightgbm,isotonic,10,79,0.24314911806246714,1.7990199012076555,0.66803432132381,0.0726205488125513,0.4430379746835443
lightgbm,isotonic,15,79,0.23391749581953664,1.7720266304212187,0.6498240764177012,0.09304332385647168,0.4810126582278481
lightgbm,isotonic,20,79,0.2435486055367523,2.114993282334842,0.6699514316862472,0.10568743234742806,0.45569620253164556
lightgbm,isotonic,25,79,0.2372032395150935,2.0513302838587273,0.6554172230262086,0.0895620416097568,0.46835443037974683
lightgbm,isotonic,30,79,0.23539135539287717,1.737735239247317,0.6560441079665267,0.09460662403572849,0.4810126582278481
lightgbm,isotonic,35,79,0.21275652492607913,1.340541438446187,0.6101310634794644,0.12295395245655512,0.4810126582278481
lightgbm,isotonic,40,79,0.21105096156477324,1.3332957631300237,0.6066000362226093,0.1292749129272886,0.4810126582278481
lightgbm,isotonic,45,79,0.20096039715890457,1.2957476406765251,0.583872408757258,0.13495802923299405,0.4936708860759494
lightgbm,isotonic,50,79,0.19385616609189166,1.2402765861137486,0.5623407780557864,0.124659929814069,0.5189873417721519
lightgbm,isotonic,55,79,0.18455086735748202,1.208547366757607,0.5419281876801337,0.15467125535587192,0.5443037974683544
lightgbm,isotonic,60,79,0.17304663644825838,1.4940989718833364,0.5176758937608277,0.20531961569194154,0.5822784810126582
lightgbm,isotonic,65,79,0.1726286383412556,1.221256378889179,0.5190748265121772,0.11259040170694744,0.5949367088607594
lightgbm,isotonic,70,79,0.16857093099091894,1.2021241611886662,0.5162035983200035,0.07756576740327148,0.6075949367088608
lightgbm,isotonic,75,79,0.16351803898658965,1.1700912395417797,0.4972315952181816,0.06754495788073146,0.6329113924050633
lightgbm,isotonic,80,79,0.15011461489165218,1.1264537393090899,0.46490151786022565,0.07294831835927004,0.6582278481012658
lightgbm,isotonic,85,79,0.12807728349971564,1.031454317422202,0.4112031180112681,0.08761675417233418,0.7088607594936709
lightgbm,isotonic,90,79,0.12184435456410439,1.0067037636501457,0.39703320836578854,0.08816627923433924,0.7215189873417721
scratch_figs,raw,0,79,0.23188149414595163,1.0767833152340958,0.6503724928999499,0.1245462491708314,0.31645569620253167
scratch_figs,raw,5,79,0.23241979072890032,1.0806759475672196,0.6519280560546101,0.11211596970701046,0.3291139240506329
scratch_figs,raw,10,79,0.23371629366321148,1.0787525865070964,0.6497728728111462,0.07316667935646694,0.3670886075949367
scratch_figs,raw,15,79,0.22503035642240624,1.047806919314207,0.6274288702583516,0.06977792057092148,0.43037974683544306
scratch_figs,raw,20,79,0.22857547066939252,1.0572888061158203,0.6343870321746895,0.056653930567614134,0.4177215189873418
scratch_figs,raw,25,79,0.2225202637592033,1.032590650216595,0.6181866323712599,0.09265407932408685,0.43037974683544306
scratch_figs,raw,30,79,0.21747665644712483,1.0259159497480694,0.6131337508372494,0.10681937501384754,0.4430379746835443
scratch_figs,raw,35,79,0.21194166859301036,1.017192246886627,0.6068537091350298,0.1525302406608159,0.46835443037974683
scratch_figs,raw,40,79,0.2073415426241036,1.0011259767096414,0.59558427234191,0.16642333221901484,0.4810126582278481
scratch_figs,raw,45,79,0.20002931813515695,0.9738125626552671,0.575602517352836,0.18711892723842907,0.5189873417721519
scratch_figs,raw,50,79,0.19139879215640074,0.952599764199217,0.5614359312985175,0.2133461925335141,0.5569620253164557
scratch_figs,raw,55,79,0.1897692185372834,0.9593284181124515,0.5662325042803499,0.22407177419198887,0.569620253164557
scratch_figs,raw,60,79,0.18153638479627107,0.9258631723424225,0.5413758510804387,0.23618164627578514,0.620253164556962
scratch_figs,raw,65,79,0.17498530446663974,0.9021984004905689,0.5245666531810531,0.23499901432827247,0.6455696202531646
scratch_figs,raw,70,79,0.17405471383156226,0.9017082701856814,0.5241943322689457,0.2370331282610012,0.6455696202531646
scratch_figs,raw,75,79,0.17073697584421052,0.8769978282116789,0.5059595687142312,0.22520447837856877,0.6835443037974683
scratch_figs,raw,80,79,0.1624089024940237,0.8472646364415205,0.4842959661075449,0.22801023267519888,0.7341772151898734
scratch_figs,raw,85,79,0.15111071373015647,0.7984476055803752,0.4482470886289312,0.2762324340866228,0.7974683544303798
scratch_figs,raw,90,79,0.14869162013509504,0.7882819238019533,0.4409187881608214,0.2881832461805946,0.810126582278481
scratch_figs,platt,0,79,0.25370965425159175,1.1131661408180862,0.6757647346999898,0.15889190256647132,0.379746835443038
scratch_figs,platt,5,79,0.24960321082333645,1.0980994869262954,0.6673171806863368,0.1491054203901636,0.3924050632911392
scratch_figs,platt,10,79,0.24486441134222867,1.0961939816346495,0.6607812313768363,0.1339708726607509,0.4177215189873418
scratch_figs,platt,15,79,0.22312767846280418,1.0359791034999855,0.6192229414484939,0.08845824465771147,0.4810126582278481
scratch_figs,platt,20,79,0.2334942287436174,1.0707562414857956,0.6398515631487173,0.1119356285754676,0.45569620253164556
scratch_figs,platt,25,79,0.23739726238010683,1.0900374276407723,0.6497897513659413,0.1283811571627749,0.43037974683544306
scratch_figs,platt,30,79,0.2258695393383129,1.0447535126533258,0.6229390695183931,0.1123969669650831,0.45569620253164556
scratch_figs,platt,35,79,0.21907755597368742,1.0155223630296437,0.6059976607244956,0.11989750014978505,0.4810126582278481
scratch_figs,platt,40,79,0.2159426576525415,1.0054104352716426,0.6007786792330201,0.12087692219778938,0.4810126582278481
scratch_figs,platt,45,79,0.2067531926618061,0.9789225944829499,0.5848557645493366,0.1292559833987626,0.5063291139240507
scratch_figs,platt,50,79,0.199148321173011,0.9522830811476688,0.5673793692183596,0.13375820073901662,0.5316455696202531
scratch_figs,platt,55,79,0.19411582314389275,0.9312700664841858,0.5555609265547965,0.1314920694351708,0.5569620253164557
scratch_figs,platt,60,79,0.17900157430388908,0.8887179535261576,0.5264666390345814,0.13936702653317617,0.5822784810126582
scratch_figs,platt,65,79,0.14788334749269602,0.8145137519883167,0.46512746543124045,0.14012706257777208,0.6455696202531646
scratch_figs,platt,70,79,0.14459052070931813,0.8064862165839922,0.4607905310575113,0.12180995273536466,0.6582278481012658
scratch_figs,platt,75,79,0.13593317293387092,0.7615001791553158,0.4291806117717582,0.12754047239321162,0.6962025316455697
scratch_figs,platt,80,79,0.1226219609066949,0.7148470469543446,0.39538038802954106,0.15983053595578672,0.7341772151898734
scratch_figs,platt,85,79,0.09877900447285469,0.6172862479184308,0.33191255887491417,0.19376604668609598,0.7974683544303798
scratch_figs,platt,90,79,0.09344845949697647,0.595039423739509,0.318666115318216,0.20290602189147278,0.810126582278481
scratch_figs,isotonic,0,79,0.24590362023521944,1.0869123708800024,0.6612042230761425,0.16676517391294052,0.379746835443038
scratch_figs,isotonic,5,79,0.24690705263895182,1.0940784415766758,0.6648605929809632,0.12420170882847227,0.3924050632911392
scratch_figs,isotonic,10,79,0.24614363789072657,1.106389889934924,0.664488738073097,0.10904864179510473,0.4177215189873418
scratch_figs,isotonic,15,79,0.22499031888869653,1.0437044962786508,0.622383050540606,0.09314223609477543,0.4810126582278481
scratch_figs,isotonic,20,79,0.23508732722936254,1.081503541006378,0.6426395437801,0.10219168209674835,0.45569620253164556
scratch_figs,isotonic,25,79,0.23565580601230382,1.0761990057732889,0.6397299253553397,0.11856813066934882,0.4430379746835443
scratch_figs,isotonic,30,79,0.22917100251173372,1.0593136939419106,0.6348906241520301,0.13880392741641795,0.4430379746835443
scratch_figs,isotonic,35,79,0.2221763403058665,1.0462473333866131,0.6167156895728707,0.12640754340809165,0.46835443037974683
scratch_figs,isotonic,40,79,0.2139148957159231,1.0184254412166895,0.5996148016422891,0.13242598155478727,0.4810126582278481
scratch_figs,isotonic,45,79,0.19455751013745504,0.9419894399847615,0.5596890998799281,0.12426670214024538,0.5189873417721519
scratch_figs,isotonic,50,79,0.18611337138160625,0.9292484706130542,0.5393542242345977,0.14154407039723887,0.5316455696202531
scratch_figs,isotonic,55,79,0.16986608351709112,1.1743774226605177,0.5170979603169391,0.1231200945017224,0.569620253164557
scratch_figs,isotonic,60,79,0.15853464359836492,1.1405063073371267,0.4929278886878702,0.14088505325337902,0.5949367088607594
scratch_figs,isotonic,65,79,0.13306902434029902,0.7533778174649137,0.4462428322768359,0.09361386155811854,0.6708860759493671
scratch_figs,isotonic,70,79,0.12975060765504426,0.74438801470419,0.44200475929047045,0.08933669467435847,0.6835443037974683
scratch_figs,isotonic,75,79,0.1123174182514098,0.6716360507471953,0.39059998041196226,0.050574196351619014,0.7341772151898734
scratch_figs,isotonic,80,79,0.09545255177502705,0.6077593584824305,0.3429574682287882,0.07552492738440102,0.7721518987341772
scratch_figs,isotonic,85,79,0.0692394461832532,0.4910762289737395,0.26595959891423093,0.11336944863126144,0.8354430379746836
scratch_figs,isotonic,90,79,0.06381646976773533,0.4666962039800201,0.2516250304093742,0.12148505325188311,0.8481012658227848
