model,method,partition,rps,log_loss,brier,ece,accuracy
frozen_market,raw,pilot_holdout,0.18945163801596412,0.922968374081447,0.5381043676773188,0.06663439534257087,0.5822784810126582
dummy,raw,pilot_holdout,0.22579438850550207,1.0350652285363822,0.6217576324209834,0.012605264551665663,0.5063291139240507
dummy,platt,pilot_holdout,0.23367715260366834,1.053792386834542,0.6369553967532653,0.1031355283328928,0.5063291139240507
dummy,isotonic,pilot_holdout,0.2336750352349214,1.0537822282432112,0.6369485899445463,0.10310330747243773,0.5063291139240507
random_forest,raw,pilot_holdout,0.1910351578188233,0.9554711978273388,0.5631107721462436,0.06175198263977077,0.5542971352431713
random_forest,platt,pilot_holdout,0.18536748993962313,0.9225576284977901,0.530997717901452,0.07531221893054248,0.5742838107928048
random_forest,isotonic,pilot_holdout,0.19978648417098283,2.0180347296279635,0.599757962385737,0.08722675881154997,0.5562958027981346
gradient_boosting,raw,pilot_holdout,0.174304736157268,0.895586505378023,0.5281025080702173,0.09129587251465533,0.5529646902065289
gradient_boosting,platt,pilot_holdout,0.1825145589475994,0.8986350929837701,0.5159843852568093,0.07146560727476373,0.5989340439706862
gradient_boosting,isotonic,pilot_holdout,0.18058813434979967,1.4306611655474868,0.5296905242423288,0.09468615863291763,0.5789473684210527
xgboost,raw,pilot_holdout,0.19059810497207447,0.9903922747121198,0.5775091870243882,0.12380964364126278,0.5283144570286475
xgboost,platt,pilot_holdout,0.1927708043783348,0.9173160485637333,0.5350926433984549,0.08978624378508507,0.5776149233844103
xgboost,isotonic,pilot_holdout,0.1939022423261673,1.498415514704304,0.5668852628994135,0.08747864040836324,0.5596269153897402
lightgbm,raw,pilot_holdout,0.2041783683272998,1.1116773687391768,0.6124816896159839,0.18634705300028723,0.5509660226515656
lightgbm,platt,pilot_holdout,0.19590476124882705,0.936496558317493,0.5439717172517143,0.066137664177011,0.5782811459027315
lightgbm,isotonic,pilot_holdout,0.19660039425070075,1.4342550665808573,0.5687888664037455,0.06111676329565395,0.5403064623584277
scratch_figs,raw,pilot_holdout,0.1976644990094792,0.9655071042273949,0.5694987836819928,0.1693663365853416,0.5403064623584277
scratch_figs,platt,pilot_holdout,0.19080850401385455,0.9279360660495299,0.546198062212762,0.10824543336529763,0.5522984676882079
scratch_figs,isotonic,pilot_holdout,0.17961405937031955,0.9228331331022676,0.5260518964118125,0.08687690104594092,0.564290473017988
