model,snapshot_minute,n_matches,mae,rmse,correlation
dummy,0,79,1.4868386208357611,1.9291044201054177,3.498404627406762e-17
dummy,5,79,1.4868386208357611,1.9291044201054177,3.498404627406762e-17
dummy,10,79,1.4868386208357611,1.9291044201054177,3.498404627406762e-17
dummy,15,79,1.4868386208357611,1.9291044201054177,3.498404627406762e-17
dummy,20,79,1.4868386208357611,1.9291044201054177,3.498404627406762e-17
dummy,25,79,1.4868386208357611,1.9291044201054177,3.498404627406762e-17
dummy,30,79,1.4868386208357611,1.9291044201054177,3.498404627406762e-17
dummy,35,79,1.4868386208357611,1.9291044201054177,3.498404627406762e-17
dummy,40,79,1.4868386208357611,1.9291044201054177,3.498404627406762e-17
dummy,45,79,1.4868386208357611,1.9291044201054177,3.498404627406762e-17
dummy,50,79,1.4868386208357611,1.9291044201054177,3.498404627406762e-17
dummy,55,79,1.4868386208357611,1.9291044201054177,3.498404627406762e-17
dummy,60,79,1.4868386208357611,1.9291044201054177,3.498404627406762e-17
dummy,65,79,1.4868386208357611,1.9291044201054177,3.498404627406762e-17
dummy,70,79,1.4868386208357611,1.9291044201054177,3.498404627406762e-17
dummy,75,79,1.4868386208357611,1.9291044201054177,3.498404627406762e-17
dummy,80,79,1.4868386208357611,1.9291044201054177,3.498404627406762e-17
dummy,85,79,1.4868386208357611,1.9291044201054177,3.498404627406762e-17
dummy,90,79,1.4868386208357611,1.9291044201054177,3.498404627406762e-17
random_forest,0,79,1.3281502883959377,1.6957336551700706,0.4781760603501553
random_forest,5,79,1.3458966825289471,1.7110358430980714,0.4614109006798724
random_forest,10,79,1.3792428034364421,1.722683922714609,0.4497074191389916
random_forest,15,79,1.3759048440600041,1.7084799030660696,0.4676852157521831
random_forest,20,79,1.3636169983725768,1.6970478069756962,0.4791457828552193
random_forest,25,79,1.3198997850091176,1.6422663029122666,0.5308206522477624
random_forest,30,79,1.282893242224913,1.5892759423432443,0.5688459776713857
random_forest,35,79,1.165403563315574,1.4791283592507003,0.6424121576638212
random_forest,40,79,1.0748865892985695,1.383202791770638,0.6971458685073311
random_forest,45,79,1.0406291763430415,1.3477550258153548,0.7160158710407938
random_forest,50,79,0.9710996083760082,1.1942894305818474,0.7854742529750651
random_forest,55,79,0.926517217802319,1.1578148407894702,0.8020428290251261
random_forest,60,79,0.8853901534221471,1.1183121178200226,0.8159742709427605
random_forest,65,79,0.8575870883157756,1.1163865937111361,0.8158467599165683
random_forest,70,79,0.815857405122033,1.0915013086142729,0.8257924086125737
random_forest,75,79,0.8103979068813342,1.1320941610206237,0.816517418753745
random_forest,80,79,0.7191017907636262,0.9633392314447379,0.8715203293205651
random_forest,85,79,0.6172043446555887,0.8847567012250491,0.8933960049555013
random_forest,90,79,0.5469418317699968,0.8067678830013499,0.9121004864093761
gradient_boosting,0,79,1.355695937550281,1.7316819173918387,0.46634738765551764
gradient_boosting,5,79,1.37333807953827,1.7418210178746856,0.4422185823734575
gradient_boosting,10,79,1.3969356080456612,1.7556737447680302,0.41618717405550926
gradient_boosting,15,79,1.372087540378997,1.7089900538599236,0.46753173493515554
gradient_boosting,20,79,1.3724710115766425,1.7022250683219553,0.47219264576641584
gradient_boosting,25,79,1.297192668383151,1.6252567153654793,0.544296846686501
gradient_boosting,30,79,1.2816874876883266,1.571213220043083,0.5948402239343228
gradient_boosting,35,79,1.1739677429003645,1.4771593305013169,0.6668901292783286
gradient_boosting,40,79,1.1045288651245992,1.411517650264788,0.7061362785159373
gradient_boosting,45,79,1.0718652315191362,1.369050346176812,0.7301740249314989
gradient_boosting,50,79,1.0080623023614592,1.2519191868377226,0.7950669546126478
gradient_boosting,55,79,0.976670159796198,1.2176433807357139,0.8131582899233688
gradient_boosting,60,79,0.9222897350413206,1.1657455854670389,0.8328810388033504
gradient_boosting,65,79,0.9020322853354285,1.1489678454311039,0.8285325623491451
gradient_boosting,70,79,0.8831556589956024,1.134520486104634,0.8342556813175377
gradient_boosting,75,79,0.8619042185075065,1.1493036237997152,0.8243614821193788
gradient_boosting,80,79,0.8040039255882938,1.0788411882437878,0.8534611930873732
gradient_boosting,85,79,0.6851223499417824,0.9784373960720869,0.8863995885022805
gradient_boosting,90,79,0.6353897631185315,0.8969300877986769,0.9091931478038298
xgboost,0,79,1.3530107157104472,1.7260274875563102,0.4584568733154921
xgboost,5,79,1.3659136002541437,1.7319224532567343,0.4468489409146355
xgboost,10,79,1.3845601394548541,1.7344587992060918,0.4380568200885373
xgboost,15,79,1.3634033155026315,1.6847578097772316,0.48817470472988395
xgboost,20,79,1.3703056118344958,1.6850288811210052,0.4867548332567556
xgboost,25,79,1.3036456514456416,1.6174838771262046,0.546873085514921
xgboost,30,79,1.2900599593862514,1.5641110104482039,0.5940178239367843
xgboost,35,79,1.1882419543977403,1.4754345319650115,0.6598930916443255
xgboost,40,79,1.1176011589933423,1.4060374627076115,0.7016774484559127
xgboost,45,79,1.0780761982019567,1.3648988322703115,0.7270925077653927
xgboost,50,79,0.9990056177624796,1.2415920896027837,0.7942589466809845
xgboost,55,79,0.981235246657382,1.219918234882729,0.8063838510552261
xgboost,60,79,0.9457528634774911,1.1845379569830752,0.8207115784355616
xgboost,65,79,0.9260688833656567,1.1650447346695718,0.8221345229258401
xgboost,70,79,0.9057622000433599,1.149087600346479,0.8296762432905385
xgboost,75,79,0.885645195205189,1.171767051242967,0.8164058314438554
xgboost,80,79,0.8311200108779948,1.094653000932663,0.8473318623473842
xgboost,85,79,0.7355023044739154,1.0042075685151992,0.8783637630266012
xgboost,90,79,0.7020304317267824,0.9483350978341418,0.8958717431609734
lightgbm,0,79,1.3766557327417732,1.7537267066786224,0.4160339217401993
lightgbm,5,79,1.3889402915855864,1.7612341586586977,0.4081952438974232
lightgbm,10,79,1.4112523394460825,1.7727673549616216,0.39851374704619225
lightgbm,15,79,1.4100260078973585,1.7439025686646912,0.43089194335027975
lightgbm,20,79,1.4164587731324796,1.7410410398464684,0.4352193087729627
lightgbm,25,79,1.3591856146133603,1.6815124108434205,0.49134607788497503
lightgbm,30,79,1.342571569571822,1.6324795842242688,0.5322716514591491
lightgbm,35,79,1.2370023061499378,1.5341090153062225,0.6107075974600351
lightgbm,40,79,1.1764413962380846,1.4659556536672935,0.6553769751178616
lightgbm,45,79,1.135875818352719,1.4212893135917908,0.6841520848636257
lightgbm,50,79,1.0440161256215033,1.279714109603835,0.7681974857776551
lightgbm,55,79,1.0368234252497723,1.2851629610220452,0.7665188558418201
lightgbm,60,79,1.0006759088903798,1.244205582800899,0.787318030799752
lightgbm,65,79,0.9990733420838778,1.2601784336889787,0.7702500799067252
lightgbm,70,79,0.9904676955830357,1.2521385346603693,0.7732978313100122
lightgbm,75,79,0.9510154153283484,1.2615390903794286,0.7671836030207564
lightgbm,80,79,0.8835311698628415,1.1779265613903012,0.8059788598396999
lightgbm,85,79,0.7920144562165673,1.1004001352122164,0.8352760240151489
lightgbm,90,79,0.7587471863465624,1.0475381667272723,0.8555846475091269
scratch_figs,0,79,1.2236694578058593,1.641844952511262,0.5335678236095017
scratch_figs,5,79,1.2305127088141492,1.6446479171931798,0.5297401207242931
scratch_figs,10,79,1.26191930713454,1.668575433945993,0.5146054399214286
scratch_figs,15,79,1.2734617526575653,1.6852759624142846,0.5106313454176723
scratch_figs,20,79,1.3009553656298,1.700648615644971,0.5032657844870606
scratch_figs,25,79,1.2444657127194656,1.6273468967686515,0.5627111344189326
scratch_figs,30,79,1.2197939724251319,1.5823850467042095,0.5927381450952595
scratch_figs,35,79,1.1155255319032993,1.4641421902058573,0.664145520374922
scratch_figs,40,79,1.034675591323778,1.3783474527772452,0.7088450193376074
scratch_figs,45,79,0.994100027447706,1.339505595780899,0.7302047960471266
scratch_figs,50,79,0.9340507668592759,1.2200333706188229,0.7813081583981576
scratch_figs,55,79,0.8769554245867391,1.1721963677660552,0.798974690194558
scratch_figs,60,79,0.8131382148205508,1.1109622197061315,0.8207358325001303
scratch_figs,65,79,0.8399479270754684,1.139696061345539,0.8111403500591822
scratch_figs,70,79,0.811786355460177,1.1403208150759592,0.8131741646568588
scratch_figs,75,79,0.8388918506418844,1.182608066016449,0.8050152282573101
scratch_figs,80,79,0.8168794195490888,1.1292779639431711,0.8280635347624963
scratch_figs,85,79,0.6944979714560472,0.9451103953754529,0.881292167121999
scratch_figs,90,79,0.6521076254413044,0.8774536512590136,0.8968069294868986
