series,bin,lower,upper,count,mean_confidence,observed_frequency,model,method
top_label,0,0.0,0.1,0,,,dummy,raw
top_label,1,0.1,0.2,0,,,dummy,raw
top_label,2,0.2,0.30000000000000004,0,,,dummy,raw
top_label,3,0.30000000000000004,0.4,0,,,dummy,raw
top_label,4,0.4,0.5,1501,0.493723849372385,0.5063291139240507,dummy,raw
top_label,5,0.5,0.6000000000000001,0,,,dummy,raw
top_label,6,0.6000000000000001,0.7000000000000001,0,,,dummy,raw
top_label,7,0.7000000000000001,0.8,0,,,dummy,raw
top_label,8,0.8,0.9,0,,,dummy,raw
top_label,9,0.9,1.0,0,,,dummy,raw
A,0,0.0,0.1,0,,,dummy,raw
A,1,0.1,0.2,0,,,dummy,raw
A,2,0.2,0.30000000000000004,1501,0.25523012552301255,0.27848101265822783,dummy,raw
A,3,0.30000000000000004,0.4,0,,,dummy,raw
A,4,0.4,0.5,0,,,dummy,raw
A,5,0.5,0.6000000000000001,0,,,dummy,raw
A,6,0.6000000000000001,0.7000000000000001,0,,,dummy,raw
A,7,0.7000000000000001,0.8,0,,,dummy,raw
A,8,0.8,0.9,0,,,dummy,raw
A,9,0.9,1.0,0,,,dummy,raw
D,0,0.0,0.1,0,,,dummy,raw
D,1,0.1,0.2,0,,,dummy,raw
D,2,0.2,0.30000000000000004,1501,0.2510460251046025,0.21518987341772153,dummy,raw
D,3,0.30000000000000004,0.4,0,,,dummy,raw
D,4,0.4,0.5,0,,,dummy,raw
D,5,0.5,0.6000000000000001,0,,,dummy,raw
D,6,0.6000000000000001,0.7000000000000001,0,,,dummy,raw
D,7,0.7000000000000001,0.8,0,,,dummy,raw
D,8,0.8,0.9,0,,,dummy,raw
D,9,0.9,1.0,0,,,dummy,raw
H,0,0.0,0.1,0,,,dummy,raw
H,1,0.1,0.2,0,,,dummy,raw
H,2,0.2,0.30000000000000004,0,,,dummy,raw
H,3,0.30000000000000004,0.4,0,,,dummy,raw
H,4,0.4,0.5,1501,0.493723849372385,0.5063291139240507,dummy,raw
H,5,0.5,0.6000000000000001,0,,,dummy,raw
H,6,0.6000000000000001,0.7000000000000001,0,,,dummy,raw
H,7,0.7000000000000001,0.8,0,,,dummy,raw
H,8,0.8,0.9,0,,,dummy,raw
H,9,0.9,1.0,0,,,dummy,raw
top_label,0,0.0,0.1,0,,,dummy,platt
top_label,1,0.1,0.2,0,,,dummy,platt
top_label,2,0.2,0.30000000000000004,0,,,dummy,platt
top_label,3,0.30000000000000004,0.4,0,,,dummy,platt
top_label,4,0.4,0.5,1501,0.40319358559115787,0.5063291139240507,dummy,platt
top_label,5,0.5,0.6000000000000001,0,,,dummy,platt
top_label,6,0.6000000000000001,0.7000000000000001,0,,,dummy,platt
top_label,7,0.7000000000000001,0.8,0,,,dummy,platt
top_label,8,0.8,0.9,0,,,dummy,platt
top_label,9,0.9,1.0,0,,,dummy,platt
A,0,0.0,0.1,0,,,dummy,platt
A,1,0.1,0.2,0,,,dummy,platt
A,2,0.2,0.30000000000000004,0,,,dummy,platt
A,3,0.30000000000000004,0.4,1501,0.3548229177355942,0.27848101265822783,dummy,platt
A,4,0.4,0.5,0,,,dummy,platt
A,5,0.5,0.6000000000000001,0,,,dummy,platt
A,6,0.6000000000000001,0.7000000000000001,0,,,dummy,platt
A,7,0.7000000000000001,0.8,0,,,dummy,platt
A,8,0.8,0.9,0,,,dummy,platt
A,9,0.9,1.0,0,,,dummy,platt
D,0,0.0,0.1,0,,,dummy,platt
D,1,0.1,0.2,0,,,dummy,platt
D,2,0.2,0.30000000000000004,1501,0.24198349667324806,0.21518987341772153,dummy,platt
D,3,0.30000000000000004,0.4,0,,,dummy,platt
D,4,0.4,0.5,0,,,dummy,platt
D,5,0.5,0.6000000000000001,0,,,dummy,platt
D,6,0.6000000000000001,0.7000000000000001,0,,,dummy,platt
D,7,0.7000000000000001,0.8,0,,,dummy,platt
D,8,0.8,0.9,0,,,dummy,platt
D,9,0.9,1.0,0,,,dummy,platt
H,0,0.0,0.1,0,,,dummy,platt
H,1,0.1,0.2,0,,,dummy,platt
H,2,0.2,0.30000000000000004,0,,,dummy,platt
H,3,0.30000000000000004,0.4,0,,,dummy,platt
H,4,0.4,0.5,1501,0.40319358559115787,0.5063291139240507,dummy,platt
H,5,0.5,0.6000000000000001,0,,,dummy,platt
H,6,0.6000000000000001,0.7000000000000001,0,,,dummy,platt
H,7,0.7000000000000001,0.8,0,,,dummy,platt
H,8,0.8,0.9,0,,,dummy,platt
H,9,0.9,1.0,0,,,dummy,platt
top_label,0,0.0,0.1,0,,,dummy,isotonic
top_label,1,0.1,0.2,0,,,dummy,isotonic
top_label,2,0.2,0.30000000000000004,0,,,dummy,isotonic
top_label,3,0.30000000000000004,0.4,0,,,dummy,isotonic
top_label,4,0.4,0.5,1501,0.40322580645161293,0.5063291139240507,dummy,isotonic
top_label,5,0.5,0.6000000000000001,0,,,dummy,isotonic
top_label,6,0.6000000000000001,0.7000000000000001,0,,,dummy,isotonic
top_label,7,0.7000000000000001,0.8,0,,,dummy,isotonic
top_label,8,0.8,0.9,0,,,dummy,isotonic
top_label,9,0.9,1.0,0,,,dummy,isotonic
A,0,0.0,0.1,0,,,dummy,isotonic
A,1,0.1,0.2,0,,,dummy,isotonic
A,2,0.2,0.30000000000000004,0,,,dummy,isotonic
A,3,0.30000000000000004,0.4,1501,0.35483870967741943,0.27848101265822783,dummy,isotonic
A,4,0.4,0.5,0,,,dummy,isotonic
A,5,0.5,0.6000000000000001,0,,,dummy,isotonic
A,6,0.6000000000000001,0.7000000000000001,0,,,dummy,isotonic
A,7,0.7000000000000001,0.8,0,,,dummy,isotonic
A,8,0.8,0.9,0,,,dummy,isotonic
A,9,0.9,1.0,0,,,dummy,isotonic
D,0,0.0,0.1,0,,,dummy,isotonic
D,1,0.1,0.2,0,,,dummy,isotonic
D,2,0.2,0.30000000000000004,1501,0.2419354838709678,0.21518987341772153,dummy,isotonic
D,3,0.30000000000000004,0.4,0,,,dummy,isotonic
D,4,0.4,0.5,0,,,dummy,isotonic
D,5,0.5,0.6000000000000001,0,,,dummy,isotonic
D,6,0.6000000000000001,0.7000000000000001,0,,,dummy,isotonic
D,7,0.7000000000000001,0.8,0,,,dummy,isotonic
D,8,0.8,0.9,0,,,dummy,isotonic
D,9,0.9,1.0,0,,,dummy,isotonic
H,0,0.0,0.1,0,,,dummy,isotonic
H,1,0.1,0.2,0,,,dummy,isotonic
H,2,0.2,0.30000000000000004,0,,,dummy,isotonic
H,3,0.30000000000000004,0.4,0,,,dummy,isotonic
H,4,0.4,0.5,1501,0.40322580645161293,0.5063291139240507,dummy,isotonic
H,5,0.5,0.6000000000000001,0,,,dummy,isotonic
H,6,0.6000000000000001,0.7000000000000001,0,,,dummy,isotonic
H,7,0.7000000000000001,0.8,0,,,dummy,isotonic
H,8,0.8,0.9,0,,,dummy,isotonic
H,9,0.9,1.0,0,,,dummy,isotonic
top_label,0,0.0,0.1,0,,,random_forest,raw
top_label,1,0.1,0.2,0,,,random_forest,raw
top_label,2,0.2,0.30000000000000004,0,,,random_forest,raw
top_label,3,0.30000000000000004,0.4,236,0.37774344539162874,0.4533898305084746,random_forest,raw
top_label,4,0.4,0.5,580,0.442928633782558,0.4051724137931034,random_forest,raw
top_label,5,0.5,0.6000000000000001,241,0.5432863659099142,0.6929460580912863,random_forest,raw
top_label,6,0.6000000000000001,0.7000000000000001,160,0.6417236320416098,0.68125,random_forest,raw
top_label,7,0.7000000000000001,0.8,170,0.7448232810038427,0.7,random_forest,raw
top_label,8,0.8,0.9,114,0.8590035877292131,0.8333333333333334,random_forest,raw
top_label,9,0.9,1.0,0,,,random_forest,raw
A,0,0.0,0.1,203,0.05381060518732565,0.09359605911330049,random_forest,raw
A,1,0.1,0.2,362,0.14990404899851276,0.1408839779005525,random_forest,raw
A,2,0.2,0.30000000000000004,508,0.24643819068087192,0.20078740157480315,random_forest,raw
A,3,0.30000000000000004,0.4,260,0.3444568616952695,0.45384615384615384,random_forest,raw
A,4,0.4,0.5,99,0.45193640023184617,0.696969696969697,random_forest,raw
A,5,0.5,0.6000000000000001,15,0.5282611032805273,0.3333333333333333,random_forest,raw
A,6,0.6000000000000001,0.7000000000000001,26,0.653648108508752,1.0,random_forest,raw
A,7,0.7000000000000001,0.8,9,0.7417438337339464,1.0,random_forest,raw
A,8,0.8,0.9,19,0.8526941569811196,1.0,random_forest,raw
A,9,0.9,1.0,0,,,random_forest,raw
D,0,0.0,0.1,78,0.08971242898315539,0.0,random_forest,raw
D,1,0.1,0.2,224,0.14250105835642515,0.16964285714285715,random_forest,raw
D,2,0.2,0.30000000000000004,556,0.2521559952577215,0.3057553956834532,random_forest,raw
D,3,0.30000000000000004,0.4,524,0.3376184051174744,0.19274809160305342,random_forest,raw
D,4,0.4,0.5,117,0.42958466188184413,0.11965811965811966,random_forest,raw
D,5,0.5,0.6000000000000001,2,0.5119357486360895,0.0,random_forest,raw
D,6,0.6000000000000001,0.7000000000000001,0,,,random_forest,raw
D,7,0.7000000000000001,0.8,0,,,random_forest,raw
D,8,0.8,0.9,0,,,random_forest,raw
D,9,0.9,1.0,0,,,random_forest,raw
H,0,0.0,0.1,33,0.05466192218782199,0.0,random_forest,raw
H,1,0.1,0.2,88,0.1633347471119143,0.2159090909090909,random_forest,raw
H,2,0.2,0.30000000000000004,124,0.2661876199384488,0.3225806451612903,random_forest,raw
H,3,0.30000000000000004,0.4,267,0.3608702930377752,0.4232209737827715,random_forest,raw
H,4,0.4,0.5,375,0.4435706850349976,0.4186666666666667,random_forest,raw
H,5,0.5,0.6000000000000001,224,0.5445724381152199,0.7232142857142857,random_forest,raw
H,6,0.6000000000000001,0.7000000000000001,134,0.6394099276524629,0.6194029850746269,random_forest,raw
H,7,0.7000000000000001,0.8,161,0.74499542401893,0.6832298136645962,random_forest,raw
H,8,0.8,0.9,95,0.8602654738788316,0.8,random_forest,raw
H,9,0.9,1.0,0,,,random_forest,raw
top_label,0,0.0,0.1,0,,,random_forest,platt
top_label,1,0.1,0.2,0,,,random_forest,platt
top_label,2,0.2,0.30000000000000004,0,,,random_forest,platt
top_label,3,0.30000000000000004,0.4,372,0.3707651306699846,0.3924731182795699,random_forest,platt
top_label,4,0.4,0.5,340,0.4386122393764452,0.34411764705882353,random_forest,platt
top_label,5,0.5,0.6000000000000001,225,0.5506092220663323,0.6711111111111111,random_forest,platt
top_label,6,0.6000000000000001,0.7000000000000001,208,0.6479118820943113,0.7403846153846154,random_forest,platt
top_label,7,0.7000000000000001,0.8,144,0.7538247201328626,0.7847222222222222,random_forest,platt
top_label,8,0.8,0.9,69,0.8592984647269188,0.9130434782608695,random_forest,platt
top_label,9,0.9,1.0,143,0.9533930632294987,0.8251748251748252,random_forest,platt
A,0,0.0,0.1,204,0.044214020779548543,0.09313725490196079,random_forest,platt
A,1,0.1,0.2,229,0.15491501283494186,0.056768558951965066,random_forest,platt
A,2,0.2,0.30000000000000004,270,0.25756211093756415,0.28888888888888886,random_forest,platt
A,3,0.30000000000000004,0.4,353,0.3496698002503296,0.18980169971671387,random_forest,platt
A,4,0.4,0.5,198,0.4395677656404208,0.24242424242424243,random_forest,platt
A,5,0.5,0.6000000000000001,85,0.5552671267660974,0.6705882352941176,random_forest,platt
A,6,0.6000000000000001,0.7000000000000001,89,0.6482364904210149,0.7865168539325843,random_forest,platt
A,7,0.7000000000000001,0.8,19,0.7428692186251286,0.631578947368421,random_forest,platt
A,8,0.8,0.9,23,0.8319089327283773,1.0,random_forest,platt
A,9,0.9,1.0,31,0.9534217214007379,1.0,random_forest,platt
D,0,0.0,0.1,212,0.042737667461059635,0.08962264150943396,random_forest,platt
D,1,0.1,0.2,215,0.15476132474775053,0.14418604651162792,random_forest,platt
D,2,0.2,0.30000000000000004,485,0.2583468446573847,0.12371134020618557,random_forest,platt
D,3,0.30000000000000004,0.4,589,0.3274636910248909,0.3616298811544992,random_forest,platt
D,4,0.4,0.5,0,,,random_forest,platt
D,5,0.5,0.6000000000000001,0,,,random_forest,platt
D,6,0.6000000000000001,0.7000000000000001,0,,,random_forest,platt
D,7,0.7000000000000001,0.8,0,,,random_forest,platt
D,8,0.8,0.9,0,,,random_forest,platt
D,9,0.9,1.0,0,,,random_forest,platt
H,0,0.0,0.1,148,0.04158606402467674,0.16216216216216217,random_forest,platt
H,1,0.1,0.2,135,0.1514647170321789,0.2,random_forest,platt
H,2,0.2,0.30000000000000004,236,0.2560062600109158,0.3093220338983051,random_forest,platt
H,3,0.30000000000000004,0.4,298,0.34913680238941325,0.540268456375839,random_forest,platt
H,4,0.4,0.5,142,0.43727988585343713,0.4859154929577465,random_forest,platt
H,5,0.5,0.6000000000000001,140,0.5477812084986179,0.6714285714285714,random_forest,platt
H,6,0.6000000000000001,0.7000000000000001,119,0.64766910779955,0.7058823529411765,random_forest,platt
H,7,0.7000000000000001,0.8,125,0.7554899563620383,0.808,random_forest,platt
H,8,0.8,0.9,46,0.8729932307261897,0.8695652173913043,random_forest,platt
H,9,0.9,1.0,112,0.9533851310571018,0.7767857142857143,random_forest,platt
top_label,0,0.0,0.1,0,,,random_forest,isotonic
top_label,1,0.1,0.2,0,,,random_forest,isotonic
top_label,2,0.2,0.30000000000000004,0,,,random_forest,isotonic
top_label,3,0.30000000000000004,0.4,143,0.38538572149320816,0.42657342657342656,random_forest,isotonic
top_label,4,0.4,0.5,461,0.45340275896690296,0.4945770065075922,random_forest,isotonic
top_label,5,0.5,0.6000000000000001,223,0.5583263976580608,0.4484304932735426,random_forest,isotonic
top_label,6,0.6000000000000001,0.7000000000000001,238,0.655522427192289,0.6134453781512605,random_forest,isotonic
top_label,7,0.7000000000000001,0.8,160,0.7487109816947962,0.59375,random_forest,isotonic
top_label,8,0.8,0.9,123,0.8512814099633347,0.7235772357723578,random_forest,isotonic
top_label,9,0.9,1.0,153,0.9610045763871742,0.7581699346405228,random_forest,isotonic
A,0,0.0,0.1,349,0.051264058216813804,0.08882521489971347,random_forest,isotonic
A,1,0.1,0.2,285,0.1459247224511611,0.14385964912280702,random_forest,isotonic
A,2,0.2,0.30000000000000004,106,0.24734453477988794,0.20754716981132076,random_forest,isotonic
A,3,0.30000000000000004,0.4,211,0.32907485376905893,0.2843601895734597,random_forest,isotonic
A,4,0.4,0.5,239,0.45541894404988015,0.33472803347280333,random_forest,isotonic
A,5,0.5,0.6000000000000001,151,0.5669751414904012,0.3841059602649007,random_forest,isotonic
A,6,0.6000000000000001,0.7000000000000001,106,0.6721230905637946,0.6792452830188679,random_forest,isotonic
A,7,0.7000000000000001,0.8,23,0.763738521148771,1.0,random_forest,isotonic
A,8,0.8,0.9,4,0.8534090629838642,1.0,random_forest,isotonic
A,9,0.9,1.0,27,0.955712122377355,1.0,random_forest,isotonic
D,0,0.0,0.1,277,0.028386738709986162,0.18411552346570398,random_forest,isotonic
D,1,0.1,0.2,125,0.11889912986213132,0.208,random_forest,isotonic
D,2,0.2,0.30000000000000004,594,0.2657200051009104,0.30303030303030304,random_forest,isotonic
D,3,0.30000000000000004,0.4,330,0.3281389292955561,0.1484848484848485,random_forest,isotonic
D,4,0.4,0.5,80,0.42590336821319746,0.05,random_forest,isotonic
D,5,0.5,0.6000000000000001,15,0.5403530146905725,0.0,random_forest,isotonic
D,6,0.6000000000000001,0.7000000000000001,62,0.648294688475689,0.12903225806451613,random_forest,isotonic
D,7,0.7000000000000001,0.8,18,0.7456141236835454,0.2777777777777778,random_forest,isotonic
D,8,0.8,0.9,0,,,random_forest,isotonic
D,9,0.9,1.0,0,,,random_forest,isotonic
H,0,0.0,0.1,213,0.026024893139886207,0.13615023474178403,random_forest,isotonic
H,1,0.1,0.2,139,0.15124165995896838,0.38848920863309355,random_forest,isotonic
H,2,0.2,0.30000000000000004,219,0.2581745414414056,0.319634703196347,random_forest,isotonic
H,3,0.30000000000000004,0.4,209,0.36468489419744043,0.45454545454545453,random_forest,isotonic
H,4,0.4,0.5,230,0.4466047080195417,0.7086956521739131,random_forest,isotonic
H,5,0.5,0.6000000000000001,57,0.5401446507427784,0.7368421052631579,random_forest,isotonic
H,6,0.6000000000000001,0.7000000000000001,70,0.6367859912358554,0.9428571428571428,random_forest,isotonic
H,7,0.7000000000000001,0.8,119,0.7462749315835451,0.5630252100840336,random_forest,isotonic
H,8,0.8,0.9,119,0.8512098922147453,0.7142857142857143,random_forest,isotonic
H,9,0.9,1.0,126,0.9621386736749926,0.7063492063492064,random_forest,isotonic
top_label,0,0.0,0.1,0,,,gradient_boosting,raw
top_label,1,0.1,0.2,0,,,gradient_boosting,raw
top_label,2,0.2,0.30000000000000004,0,,,gradient_boosting,raw
top_label,3,0.30000000000000004,0.4,46,0.38148003633087735,0.0,gradient_boosting,raw
top_label,4,0.4,0.5,380,0.44502322876565875,0.31842105263157894,gradient_boosting,raw
top_label,5,0.5,0.6000000000000001,229,0.5393486637655496,0.35807860262008734,gradient_boosting,raw
top_label,6,0.6000000000000001,0.7000000000000001,326,0.6438833922658624,0.6226993865030674,gradient_boosting,raw
top_label,7,0.7000000000000001,0.8,210,0.7444093612283572,0.7857142857142857,gradient_boosting,raw
top_label,8,0.8,0.9,272,0.8529740076710537,0.8125,gradient_boosting,raw
top_label,9,0.9,1.0,38,0.9137262649270168,1.0,gradient_boosting,raw
A,0,0.0,0.1,514,0.05583342666485074,0.058365758754863814,gradient_boosting,raw
A,1,0.1,0.2,367,0.14393878711154937,0.22888283378746593,gradient_boosting,raw
A,2,0.2,0.30000000000000004,313,0.24429585939777992,0.31629392971246006,gradient_boosting,raw
A,3,0.30000000000000004,0.4,36,0.3554049754252402,0.5,gradient_boosting,raw
A,4,0.4,0.5,38,0.4398042292534572,0.0,gradient_boosting,raw
A,5,0.5,0.6000000000000001,24,0.5375383993837458,0.875,gradient_boosting,raw
A,6,0.6000000000000001,0.7000000000000001,126,0.6429762578030374,0.7222222222222222,gradient_boosting,raw
A,7,0.7000000000000001,0.8,67,0.7325310854131641,0.8805970149253731,gradient_boosting,raw
A,8,0.8,0.9,16,0.8600574415366788,1.0,gradient_boosting,raw
A,9,0.9,1.0,0,,,gradient_boosting,raw
D,0,0.0,0.1,190,0.07628589096287919,0.13157894736842105,gradient_boosting,raw
D,1,0.1,0.2,358,0.14673458359636504,0.17597765363128492,gradient_boosting,raw
D,2,0.2,0.30000000000000004,396,0.24687489394264053,0.17929292929292928,gradient_boosting,raw
D,3,0.30000000000000004,0.4,245,0.3317903468295831,0.39183673469387753,gradient_boosting,raw
D,4,0.4,0.5,201,0.44062188066641256,0.26865671641791045,gradient_boosting,raw
D,5,0.5,0.6000000000000001,97,0.5398287810227848,0.10309278350515463,gradient_boosting,raw
D,6,0.6000000000000001,0.7000000000000001,14,0.6076655405282307,0.2857142857142857,gradient_boosting,raw
D,7,0.7000000000000001,0.8,0,,,gradient_boosting,raw
D,8,0.8,0.9,0,,,gradient_boosting,raw
D,9,0.9,1.0,0,,,gradient_boosting,raw
H,0,0.0,0.1,79,0.07949251798523654,0.0,gradient_boosting,raw
H,1,0.1,0.2,157,0.15189669151462143,0.1592356687898089,gradient_boosting,raw
H,2,0.2,0.30000000000000004,132,0.24736263617905496,0.48484848484848486,gradient_boosting,raw
H,3,0.30000000000000004,0.4,202,0.350189862038707,0.4504950495049505,gradient_boosting,raw
H,4,0.4,0.5,200,0.44435857659090644,0.36,gradient_boosting,raw
H,5,0.5,0.6000000000000001,108,0.5393197283138039,0.4722222222222222,gradient_boosting,raw
H,6,0.6000000000000001,0.7000000000000001,186,0.6472239775703936,0.5806451612903226,gradient_boosting,raw
H,7,0.7000000000000001,0.8,143,0.7499747072396715,0.7412587412587412,gradient_boosting,raw
H,8,0.8,0.9,256,0.852531293054452,0.80078125,gradient_boosting,raw
H,9,0.9,1.0,38,0.9137262649270168,1.0,gradient_boosting,raw
top_label,0,0.0,0.1,0,,,gradient_boosting,platt
top_label,1,0.1,0.2,0,,,gradient_boosting,platt
top_label,2,0.2,0.30000000000000004,0,,,gradient_boosting,platt
top_label,3,0.30000000000000004,0.4,94,0.3687018440249173,0.4148936170212766,gradient_boosting,platt
top_label,4,0.4,0.5,276,0.45765501795192504,0.463768115942029,gradient_boosting,platt
top_label,5,0.5,0.6000000000000001,265,0.5493109283031797,0.3471698113207547,gradient_boosting,platt
top_label,6,0.6000000000000001,0.7000000000000001,276,0.6457747337407518,0.5615942028985508,gradient_boosting,platt
top_label,7,0.7000000000000001,0.8,173,0.7465820835952885,0.6936416184971098,gradient_boosting,platt
top_label,8,0.8,0.9,190,0.8481877259855034,0.8578947368421053,gradient_boosting,platt
top_label,9,0.9,1.0,227,0.9490589417399318,0.8898678414096917,gradient_boosting,platt
A,0,0.0,0.1,417,0.03300922928590387,0.05755395683453238,gradient_boosting,platt
A,1,0.1,0.2,208,0.15253036981803123,0.30288461538461536,gradient_boosting,platt
A,2,0.2,0.30000000000000004,125,0.2575454287120273,0.208,gradient_boosting,platt
A,3,0.30000000000000004,0.4,137,0.35035080533940016,0.12408759124087591,gradient_boosting,platt
A,4,0.4,0.5,165,0.44845955302619134,0.2545454545454545,gradient_boosting,platt
A,5,0.5,0.6000000000000001,142,0.5518341854994446,0.36619718309859156,gradient_boosting,platt
A,6,0.6000000000000001,0.7000000000000001,101,0.6502085649462865,0.36633663366336633,gradient_boosting,platt
A,7,0.7000000000000001,0.8,103,0.7493873016158419,0.6504854368932039,gradient_boosting,platt
A,8,0.8,0.9,68,0.8386995887307613,0.8088235294117647,gradient_boosting,platt
A,9,0.9,1.0,35,0.9375355642183527,1.0,gradient_boosting,platt
D,0,0.0,0.1,359,0.054281370568333494,0.09192200557103064,gradient_boosting,platt
D,1,0.1,0.2,418,0.1502304010376331,0.07416267942583732,gradient_boosting,platt
D,2,0.2,0.30000000000000004,310,0.24760490827604983,0.25483870967741934,gradient_boosting,platt
D,3,0.30000000000000004,0.4,201,0.34471891239217517,0.39800995024875624,gradient_boosting,platt
D,4,0.4,0.5,114,0.4344882115917093,0.5701754385964912,gradient_boosting,platt
D,5,0.5,0.6000000000000001,65,0.544513389680979,0.3076923076923077,gradient_boosting,platt
D,6,0.6000000000000001,0.7000000000000001,34,0.62196287110744,0.4411764705882353,gradient_boosting,platt
D,7,0.7000000000000001,0.8,0,,,gradient_boosting,platt
D,8,0.8,0.9,0,,,gradient_boosting,platt
D,9,0.9,1.0,0,,,gradient_boosting,platt
H,0,0.0,0.1,235,0.0570898584797484,0.14893617021276595,gradient_boosting,platt
H,1,0.1,0.2,223,0.14123399331219244,0.29596412556053814,gradient_boosting,platt
H,2,0.2,0.30000000000000004,211,0.24567907805867015,0.4075829383886256,gradient_boosting,platt
H,3,0.30000000000000004,0.4,148,0.34402372602181064,0.3716216216216216,gradient_boosting,platt
H,4,0.4,0.5,101,0.4578584721805213,0.6633663366336634,gradient_boosting,platt
H,5,0.5,0.6000000000000001,58,0.5485098505199628,0.3448275862068966,gradient_boosting,platt
H,6,0.6000000000000001,0.7000000000000001,141,0.6483405945760251,0.7304964539007093,gradient_boosting,platt
H,7,0.7000000000000001,0.8,70,0.7424544056507595,0.7571428571428571,gradient_boosting,platt
H,8,0.8,0.9,122,0.8534761959307696,0.8852459016393442,gradient_boosting,platt
H,9,0.9,1.0,192,0.9511595574339696,0.8697916666666666,gradient_boosting,platt
top_label,0,0.0,0.1,0,,,gradient_boosting,isotonic
top_label,1,0.1,0.2,0,,,gradient_boosting,isotonic
top_label,2,0.2,0.30000000000000004,0,,,gradient_boosting,isotonic
top_label,3,0.30000000000000004,0.4,180,0.3801894483705946,0.22777777777777777,gradient_boosting,isotonic
top_label,4,0.4,0.5,295,0.4503881903887416,0.39322033898305087,gradient_boosting,isotonic
top_label,5,0.5,0.6000000000000001,307,0.5393237713286377,0.4234527687296417,gradient_boosting,isotonic
top_label,6,0.6000000000000001,0.7000000000000001,219,0.66266727752636,0.7625570776255708,gradient_boosting,isotonic
top_label,7,0.7000000000000001,0.8,186,0.7613353329570937,0.7688172043010753,gradient_boosting,isotonic
top_label,8,0.8,0.9,173,0.8519494674481836,0.9248554913294798,gradient_boosting,isotonic
top_label,9,0.9,1.0,141,0.9813664752876582,0.7943262411347518,gradient_boosting,isotonic
A,0,0.0,0.1,450,0.00644992491901522,0.05333333333333334,gradient_boosting,isotonic
A,1,0.1,0.2,113,0.14113455041407172,0.08849557522123894,gradient_boosting,isotonic
A,2,0.2,0.30000000000000004,80,0.2559711057616571,0.4,gradient_boosting,isotonic
A,3,0.30000000000000004,0.4,234,0.36920155034251756,0.14102564102564102,gradient_boosting,isotonic
A,4,0.4,0.5,258,0.45572198853053353,0.36046511627906974,gradient_boosting,isotonic
A,5,0.5,0.6000000000000001,171,0.5533720001821063,0.4444444444444444,gradient_boosting,isotonic
A,6,0.6000000000000001,0.7000000000000001,87,0.6709060223701444,0.7471264367816092,gradient_boosting,isotonic
A,7,0.7000000000000001,0.8,52,0.7558406593484626,0.6153846153846154,gradient_boosting,isotonic
A,8,0.8,0.9,40,0.8336010352728493,0.925,gradient_boosting,isotonic
A,9,0.9,1.0,16,0.9820903960786244,1.0,gradient_boosting,isotonic
D,0,0.0,0.1,145,0.017754802731944484,0.10344827586206896,gradient_boosting,isotonic
D,1,0.1,0.2,254,0.1492706540631726,0.1732283464566929,gradient_boosting,isotonic
D,2,0.2,0.30000000000000004,731,0.256735878201249,0.2079343365253078,gradient_boosting,isotonic
D,3,0.30000000000000004,0.4,214,0.323372332190672,0.24766355140186916,gradient_boosting,isotonic
D,4,0.4,0.5,73,0.418138739173981,0.2602739726027397,gradient_boosting,isotonic
D,5,0.5,0.6000000000000001,67,0.5117282449188364,0.4626865671641791,gradient_boosting,isotonic
D,6,0.6000000000000001,0.7000000000000001,17,0.6616788121688841,0.5294117647058824,gradient_boosting,isotonic
D,7,0.7000000000000001,0.8,0,,,gradient_boosting,isotonic
D,8,0.8,0.9,0,,,gradient_boosting,isotonic
D,9,0.9,1.0,0,,,gradient_boosting,isotonic
H,0,0.0,0.1,275,0.04010670937867659,0.16363636363636364,gradient_boosting,isotonic
H,1,0.1,0.2,152,0.16912455927722464,0.42105263157894735,gradient_boosting,isotonic
H,2,0.2,0.30000000000000004,243,0.25348848018508435,0.40329218106995884,gradient_boosting,isotonic
H,3,0.30000000000000004,0.4,228,0.3531403401563797,0.37280701754385964,gradient_boosting,isotonic
H,4,0.4,0.5,27,0.47772103873017285,0.8148148148148148,gradient_boosting,isotonic
H,5,0.5,0.6000000000000001,69,0.5313042515534724,0.3333333333333333,gradient_boosting,isotonic
H,6,0.6000000000000001,0.7000000000000001,115,0.6565806089147757,0.808695652173913,gradient_boosting,isotonic
H,7,0.7000000000000001,0.8,134,0.7634675943574581,0.8283582089552238,gradient_boosting,isotonic
H,8,0.8,0.9,133,0.8574677929144495,0.924812030075188,gradient_boosting,isotonic
H,9,0.9,1.0,125,0.9812738134264142,0.768,gradient_boosting,isotonic
top_label,0,0.0,0.1,0,,,xgboost,raw
top_label,1,0.1,0.2,0,,,xgboost,raw
top_label,2,0.2,0.30000000000000004,0,,,xgboost,raw
top_label,3,0.30000000000000004,0.4,68,0.3766122819222022,0.36764705882352944,xgboost,raw
top_label,4,0.4,0.5,299,0.45105889512978553,0.25418060200668896,xgboost,raw
top_label,5,0.5,0.6000000000000001,326,0.5438647663412697,0.39570552147239263,xgboost,raw
top_label,6,0.6000000000000001,0.7000000000000001,158,0.646555931290231,0.5253164556962026,xgboost,raw
top_label,7,0.7000000000000001,0.8,268,0.7515499845070069,0.7052238805970149,xgboost,raw
top_label,8,0.8,0.9,233,0.8540182381402016,0.703862660944206,xgboost,raw
top_label,9,0.9,1.0,149,0.9295613019151983,0.8523489932885906,xgboost,raw
A,0,0.0,0.1,676,0.04263290027257741,0.10798816568047337,xgboost,raw
A,1,0.1,0.2,193,0.15346039933217923,0.24352331606217617,xgboost,raw
A,2,0.2,0.30000000000000004,200,0.2489215342442037,0.33,xgboost,raw
A,3,0.30000000000000004,0.4,115,0.3507446085388866,0.41739130434782606,xgboost,raw
A,4,0.4,0.5,82,0.4360918645901066,0.12195121951219512,xgboost,raw
A,5,0.5,0.6000000000000001,77,0.5519956915257196,0.7272727272727273,xgboost,raw
A,6,0.6000000000000001,0.7000000000000001,58,0.6371957327032978,0.7241379310344828,xgboost,raw
A,7,0.7000000000000001,0.8,77,0.7385792327364535,0.8051948051948052,xgboost,raw
A,8,0.8,0.9,11,0.8289067935825272,0.18181818181818182,xgboost,raw
A,9,0.9,1.0,12,0.9044690293327694,1.0,xgboost,raw
D,0,0.0,0.1,287,0.06465856833019437,0.18466898954703834,xgboost,raw
D,1,0.1,0.2,379,0.1560687625304728,0.20580474934036938,xgboost,raw
D,2,0.2,0.30000000000000004,353,0.25172797226362637,0.28895184135977336,xgboost,raw
D,3,0.30000000000000004,0.4,174,0.3420194002794422,0.21264367816091953,xgboost,raw
D,4,0.4,0.5,165,0.4462290631015447,0.18787878787878787,xgboost,raw
D,5,0.5,0.6000000000000001,125,0.5374802416098496,0.176,xgboost,raw
D,6,0.6000000000000001,0.7000000000000001,18,0.6392776981929994,0.0,xgboost,raw
D,7,0.7000000000000001,0.8,0,,,xgboost,raw
D,8,0.8,0.9,0,,,xgboost,raw
D,9,0.9,1.0,0,,,xgboost,raw
H,0,0.0,0.1,113,0.06292473107791952,0.02654867256637168,xgboost,raw
H,1,0.1,0.2,134,0.13509778548217727,0.21641791044776118,xgboost,raw
H,2,0.2,0.30000000000000004,143,0.251669808501129,0.5104895104895105,xgboost,raw
H,3,0.30000000000000004,0.4,212,0.3437526516321117,0.4528301886792453,xgboost,raw
H,4,0.4,0.5,143,0.4513052050284423,0.4405594405594406,xgboost,raw
H,5,0.5,0.6000000000000001,124,0.5452517369237279,0.4112903225806452,xgboost,raw
H,6,0.6000000000000001,0.7000000000000001,82,0.6547742204828199,0.5,xgboost,raw
H,7,0.7000000000000001,0.8,191,0.7567790310323085,0.6649214659685864,xgboost,raw
H,8,0.8,0.9,222,0.8552624989065728,0.7297297297297297,xgboost,raw
H,9,0.9,1.0,137,0.9317591652070897,0.8394160583941606,xgboost,raw
top_label,0,0.0,0.1,0,,,xgboost,platt
top_label,1,0.1,0.2,0,,,xgboost,platt
top_label,2,0.2,0.30000000000000004,0,,,xgboost,platt
top_label,3,0.30000000000000004,0.4,72,0.3757031445777684,0.3194444444444444,xgboost,platt
top_label,4,0.4,0.5,273,0.45217983601209105,0.3772893772893773,xgboost,platt
top_label,5,0.5,0.6000000000000001,285,0.5520123072865545,0.45964912280701753,xgboost,platt
top_label,6,0.6000000000000001,0.7000000000000001,264,0.645257096935511,0.4431818181818182,xgboost,platt
top_label,7,0.7000000000000001,0.8,223,0.750123450103466,0.7040358744394619,xgboost,platt
top_label,8,0.8,0.9,194,0.8470665810994811,0.8814432989690721,xgboost,platt
top_label,9,0.9,1.0,190,0.9402917709110316,0.868421052631579,xgboost,platt
A,0,0.0,0.1,383,0.04744038799899597,0.06005221932114883,xgboost,platt
A,1,0.1,0.2,195,0.1515962462486149,0.26153846153846155,xgboost,platt
A,2,0.2,0.30000000000000004,128,0.2452557585389359,0.109375,xgboost,platt
A,3,0.30000000000000004,0.4,176,0.35203219553180415,0.2727272727272727,xgboost,platt
A,4,0.4,0.5,146,0.45292466810080634,0.22602739726027396,xgboost,platt
A,5,0.5,0.6000000000000001,146,0.5534248014104541,0.3972602739726027,xgboost,platt
A,6,0.6000000000000001,0.7000000000000001,129,0.6402473238364046,0.34108527131782945,xgboost,platt
A,7,0.7000000000000001,0.8,89,0.7446220053908931,0.449438202247191,xgboost,platt
A,8,0.8,0.9,64,0.8441098859406316,0.96875,xgboost,platt
A,9,0.9,1.0,45,0.9370239491840594,1.0,xgboost,platt
D,0,0.0,0.1,367,0.05780804911806225,0.05994550408719346,xgboost,platt
D,1,0.1,0.2,490,0.14667418412298402,0.1653061224489796,xgboost,platt
D,2,0.2,0.30000000000000004,240,0.24921051631045132,0.21666666666666667,xgboost,platt
D,3,0.30000000000000004,0.4,229,0.3409884166855235,0.38427947598253276,xgboost,platt
D,4,0.4,0.5,113,0.4429564557851753,0.36283185840707965,xgboost,platt
D,5,0.5,0.6000000000000001,51,0.5432357373386264,0.6274509803921569,xgboost,platt
D,6,0.6000000000000001,0.7000000000000001,11,0.6102198345994422,0.6363636363636364,xgboost,platt
D,7,0.7000000000000001,0.8,0,,,xgboost,platt
D,8,0.8,0.9,0,,,xgboost,platt
D,9,0.9,1.0,0,,,xgboost,platt
H,0,0.0,0.1,223,0.0503202175470179,0.14798206278026907,xgboost,platt
H,1,0.1,0.2,250,0.1490714528424652,0.448,xgboost,platt
H,2,0.2,0.30000000000000004,218,0.24397696439022815,0.3348623853211009,xgboost,platt
H,3,0.30000000000000004,0.4,119,0.35370786227166756,0.3697478991596639,xgboost,platt
H,4,0.4,0.5,70,0.4436007703526566,0.6428571428571429,xgboost,platt
H,5,0.5,0.6000000000000001,88,0.5547552723462701,0.4659090909090909,xgboost,platt
H,6,0.6000000000000001,0.7000000000000001,124,0.65357702125391,0.532258064516129,xgboost,platt
H,7,0.7000000000000001,0.8,134,0.7537773947259957,0.8731343283582089,xgboost,platt
H,8,0.8,0.9,130,0.8485221848699916,0.8384615384615385,xgboost,platt
H,9,0.9,1.0,145,0.9413059224814712,0.8275862068965517,xgboost,platt
top_label,0,0.0,0.1,0,,,xgboost,isotonic
top_label,1,0.1,0.2,0,,,xgboost,isotonic
top_label,2,0.2,0.30000000000000004,0,,,xgboost,isotonic
top_label,3,0.30000000000000004,0.4,173,0.37972852620089514,0.34104046242774566,xgboost,isotonic
top_label,4,0.4,0.5,382,0.4506482631874844,0.34554973821989526,xgboost,isotonic
top_label,5,0.5,0.6000000000000001,254,0.5543601770012573,0.4566929133858268,xgboost,isotonic
top_label,6,0.6000000000000001,0.7000000000000001,238,0.6474109222130549,0.6302521008403361,xgboost,isotonic
top_label,7,0.7000000000000001,0.8,220,0.7379069664453862,0.8863636363636364,xgboost,isotonic
top_label,8,0.8,0.9,143,0.8474514187603538,0.8111888111888111,xgboost,isotonic
top_label,9,0.9,1.0,91,0.9860160766242556,0.7912087912087912,xgboost,isotonic
A,0,0.0,0.1,354,0.007390467324030878,0.07344632768361582,xgboost,isotonic
A,1,0.1,0.2,166,0.1353785311074427,0.10843373493975904,xgboost,isotonic
A,2,0.2,0.30000000000000004,77,0.24124252887853598,0.18181818181818182,xgboost,isotonic
A,3,0.30000000000000004,0.4,282,0.35308445552529333,0.2553191489361702,xgboost,isotonic
A,4,0.4,0.5,290,0.4411300245123133,0.27241379310344827,xgboost,isotonic
A,5,0.5,0.6000000000000001,141,0.5550816841753465,0.524822695035461,xgboost,isotonic
A,6,0.6000000000000001,0.7000000000000001,72,0.659536872979462,0.5,xgboost,isotonic
A,7,0.7000000000000001,0.8,105,0.7392639470061233,0.8095238095238095,xgboost,isotonic
A,8,0.8,0.9,2,0.8414634146334383,1.0,xgboost,isotonic
A,9,0.9,1.0,12,0.9838709677404672,1.0,xgboost,isotonic
D,0,0.0,0.1,127,0.02022094375740716,0.28346456692913385,xgboost,isotonic
D,1,0.1,0.2,208,0.1568093171108637,0.10576923076923077,xgboost,isotonic
D,2,0.2,0.30000000000000004,673,0.25221886196468,0.1961367013372957,xgboost,isotonic
D,3,0.30000000000000004,0.4,350,0.33813951292297223,0.25142857142857145,xgboost,isotonic
D,4,0.4,0.5,102,0.4598551912594076,0.29411764705882354,xgboost,isotonic
D,5,0.5,0.6000000000000001,41,0.5898529328825814,0.36585365853658536,xgboost,isotonic
D,6,0.6000000000000001,0.7000000000000001,0,,,xgboost,isotonic
D,7,0.7000000000000001,0.8,0,,,xgboost,isotonic
D,8,0.8,0.9,0,,,xgboost,isotonic
D,9,0.9,1.0,0,,,xgboost,isotonic
H,0,0.0,0.1,273,0.04041324083213229,0.22344322344322345,xgboost,isotonic
H,1,0.1,0.2,158,0.15367110216078259,0.43037974683544306,xgboost,isotonic
H,2,0.2,0.30000000000000004,202,0.2334605396369048,0.400990099009901,xgboost,isotonic
H,3,0.30000000000000004,0.4,232,0.34583820136957305,0.3879310344827586,xgboost,isotonic
H,4,0.4,0.5,63,0.4572351687556538,0.5555555555555556,xgboost,isotonic
H,5,0.5,0.6000000000000001,72,0.5327360727973565,0.375,xgboost,isotonic
H,6,0.6000000000000001,0.7000000000000001,166,0.6421514736878662,0.6867469879518072,xgboost,isotonic
H,7,0.7000000000000001,0.8,115,0.7366679841942785,0.9565217391304348,xgboost,isotonic
H,8,0.8,0.9,141,0.8475363549891043,0.8085106382978723,xgboost,isotonic
H,9,0.9,1.0,79,0.9863419159483753,0.759493670886076,xgboost,isotonic
top_label,0,0.0,0.1,0,,,lightgbm,raw
top_label,1,0.1,0.2,0,,,lightgbm,raw
top_label,2,0.2,0.30000000000000004,0,,,lightgbm,raw
top_label,3,0.30000000000000004,0.4,25,0.3930111648994315,0.64,lightgbm,raw
top_label,4,0.4,0.5,149,0.458058281849292,0.2953020134228188,lightgbm,raw
top_label,5,0.5,0.6000000000000001,289,0.5498656029038955,0.44982698961937717,lightgbm,raw
top_label,6,0.6000000000000001,0.7000000000000001,238,0.6495512164774085,0.3445378151260504,lightgbm,raw
top_label,7,0.7000000000000001,0.8,168,0.7539284240656646,0.47023809523809523,lightgbm,raw
top_label,8,0.8,0.9,266,0.8562554516626799,0.706766917293233,lightgbm,raw
top_label,9,0.9,1.0,366,0.9517848293284668,0.7868852459016393,lightgbm,raw
A,0,0.0,0.1,794,0.03155783096880194,0.1385390428211587,lightgbm,raw
A,1,0.1,0.2,115,0.15577831377110113,0.24347826086956523,lightgbm,raw
A,2,0.2,0.30000000000000004,124,0.24174305242618402,0.31451612903225806,lightgbm,raw
A,3,0.30000000000000004,0.4,88,0.3599811175028546,0.4659090909090909,lightgbm,raw
A,4,0.4,0.5,70,0.43735510769145003,0.35714285714285715,lightgbm,raw
A,5,0.5,0.6000000000000001,114,0.5495049323256915,0.38596491228070173,lightgbm,raw
A,6,0.6000000000000001,0.7000000000000001,52,0.6445458178935003,0.3269230769230769,lightgbm,raw
A,7,0.7000000000000001,0.8,46,0.7614546773119663,0.6739130434782609,lightgbm,raw
A,8,0.8,0.9,67,0.8508514053882634,0.8656716417910447,lightgbm,raw
A,9,0.9,1.0,31,0.9432565354706166,0.8064516129032258,lightgbm,raw
D,0,0.0,0.1,542,0.0486655212522273,0.1937269372693727,lightgbm,raw
D,1,0.1,0.2,374,0.14145411887032452,0.21122994652406418,lightgbm,raw
D,2,0.2,0.30000000000000004,204,0.2439431359167516,0.28431372549019607,lightgbm,raw
D,3,0.30000000000000004,0.4,92,0.3387793551311048,0.25,lightgbm,raw
D,4,0.4,0.5,117,0.43631828037121456,0.21367521367521367,lightgbm,raw
D,5,0.5,0.6000000000000001,65,0.5591191389994996,0.27692307692307694,lightgbm,raw
D,6,0.6000000000000001,0.7000000000000001,86,0.643979184490666,0.1744186046511628,lightgbm,raw
D,7,0.7000000000000001,0.8,21,0.7382706924526958,0.0,lightgbm,raw
D,8,0.8,0.9,0,,,lightgbm,raw
D,9,0.9,1.0,0,,,lightgbm,raw
H,0,0.0,0.1,204,0.04508346464883021,0.16666666666666666,lightgbm,raw
H,1,0.1,0.2,111,0.14736435608775791,0.24324324324324326,lightgbm,raw
H,2,0.2,0.30000000000000004,161,0.2458835455274926,0.484472049689441,lightgbm,raw
H,3,0.30000000000000004,0.4,88,0.3535481223348736,0.4659090909090909,lightgbm,raw
H,4,0.4,0.5,92,0.45610730411962463,0.22826086956521738,lightgbm,raw
H,5,0.5,0.6000000000000001,110,0.5447713901739042,0.6181818181818182,lightgbm,raw
H,6,0.6000000000000001,0.7000000000000001,100,0.6569459712496395,0.5,lightgbm,raw
H,7,0.7000000000000001,0.8,101,0.7537561935165799,0.4752475247524752,lightgbm,raw
H,8,0.8,0.9,199,0.8580749044284381,0.6532663316582915,lightgbm,raw
H,9,0.9,1.0,335,0.9525740147302381,0.7850746268656716,lightgbm,raw
top_label,0,0.0,0.1,0,,,lightgbm,platt
top_label,1,0.1,0.2,0,,,lightgbm,platt
top_label,2,0.2,0.30000000000000004,0,,,lightgbm,platt
top_label,3,0.30000000000000004,0.4,64,0.37477154403746604,0.171875,lightgbm,platt
top_label,4,0.4,0.5,369,0.4573697171370174,0.4065040650406504,lightgbm,platt
top_label,5,0.5,0.6000000000000001,275,0.5474371258608632,0.52,lightgbm,platt
top_label,6,0.6000000000000001,0.7000000000000001,235,0.6487687671818848,0.5276595744680851,lightgbm,platt
top_label,7,0.7000000000000001,0.8,179,0.7508414025092499,0.7318435754189944,lightgbm,platt
top_label,8,0.8,0.9,210,0.8528123573682389,0.7571428571428571,lightgbm,platt
top_label,9,0.9,1.0,169,0.9350340443300003,0.8875739644970414,lightgbm,platt
A,0,0.0,0.1,271,0.055190876777930796,0.04797047970479705,lightgbm,platt
A,1,0.1,0.2,220,0.1518205066512068,0.14545454545454545,lightgbm,platt
A,2,0.2,0.30000000000000004,248,0.24911450171452548,0.3064516129032258,lightgbm,platt
A,3,0.30000000000000004,0.4,180,0.3442280829313187,0.22777777777777777,lightgbm,platt
A,4,0.4,0.5,181,0.4456740748996576,0.27624309392265195,lightgbm,platt
A,5,0.5,0.6000000000000001,95,0.5435929284876229,0.3263157894736842,lightgbm,platt
A,6,0.6000000000000001,0.7000000000000001,109,0.6527587175760163,0.3119266055045872,lightgbm,platt
A,7,0.7000000000000001,0.8,77,0.7523669855453937,0.5974025974025974,lightgbm,platt
A,8,0.8,0.9,75,0.8543460764347893,0.6666666666666666,lightgbm,platt
A,9,0.9,1.0,45,0.9413409487490838,1.0,lightgbm,platt
D,0,0.0,0.1,402,0.05636970689968873,0.06965174129353234,lightgbm,platt
D,1,0.1,0.2,402,0.14441526132888122,0.16417910447761194,lightgbm,platt
D,2,0.2,0.30000000000000004,269,0.24888001179533417,0.24907063197026022,lightgbm,platt
D,3,0.30000000000000004,0.4,237,0.35421686590500856,0.29535864978902954,lightgbm,platt
D,4,0.4,0.5,128,0.4504543848725171,0.4375,lightgbm,platt
D,5,0.5,0.6000000000000001,37,0.5427078923518251,0.4594594594594595,lightgbm,platt
D,6,0.6000000000000001,0.7000000000000001,26,0.6198271496910137,0.7307692307692307,lightgbm,platt
D,7,0.7000000000000001,0.8,0,,,lightgbm,platt
D,8,0.8,0.9,0,,,lightgbm,platt
D,9,0.9,1.0,0,,,lightgbm,platt
H,0,0.0,0.1,239,0.04774209066828661,0.2175732217573222,lightgbm,platt
H,1,0.1,0.2,277,0.15178138176642794,0.30685920577617326,lightgbm,platt
H,2,0.2,0.30000000000000004,155,0.25033980628964736,0.45806451612903226,lightgbm,platt
H,3,0.30000000000000004,0.4,96,0.3389600646561877,0.3020833333333333,lightgbm,platt
H,4,0.4,0.5,130,0.4588307311353205,0.4461538461538462,lightgbm,platt
H,5,0.5,0.6000000000000001,143,0.5512146111076621,0.6643356643356644,lightgbm,platt
H,6,0.6000000000000001,0.7000000000000001,100,0.6519445417999076,0.71,lightgbm,platt
H,7,0.7000000000000001,0.8,102,0.7496897368839256,0.8333333333333334,lightgbm,platt
H,8,0.8,0.9,135,0.8519602912201553,0.8074074074074075,lightgbm,platt
H,9,0.9,1.0,124,0.9327452483714618,0.8467741935483871,lightgbm,platt
top_label,0,0.0,0.1,0,,,lightgbm,isotonic
top_label,1,0.1,0.2,0,,,lightgbm,isotonic
top_label,2,0.2,0.30000000000000004,0,,,lightgbm,isotonic
top_label,3,0.30000000000000004,0.4,245,0.37802069667811267,0.3306122448979592,lightgbm,isotonic
top_label,4,0.4,0.5,379,0.45277601338435475,0.35356200527704484,lightgbm,isotonic
top_label,5,0.5,0.6000000000000001,309,0.552589624169265,0.5598705501618123,lightgbm,isotonic
top_label,6,0.6000000000000001,0.7000000000000001,222,0.6491820580322365,0.6891891891891891,lightgbm,isotonic
top_label,7,0.7000000000000001,0.8,112,0.7455321945969612,0.7767857142857143,lightgbm,isotonic
top_label,8,0.8,0.9,177,0.8647670569629294,0.711864406779661,lightgbm,isotonic
top_label,9,0.9,1.0,57,0.985552115581595,1.0,lightgbm,isotonic
A,0,0.0,0.1,291,0.005181444384666757,0.0859106529209622,lightgbm,isotonic
A,1,0.1,0.2,139,0.15544013576769422,0.07913669064748201,lightgbm,isotonic
A,2,0.2,0.30000000000000004,167,0.25264893086506335,0.10179640718562874,lightgbm,isotonic
A,3,0.30000000000000004,0.4,307,0.3603847841285781,0.32247557003257327,lightgbm,isotonic
A,4,0.4,0.5,269,0.4481281792089202,0.275092936802974,lightgbm,isotonic
A,5,0.5,0.6000000000000001,146,0.5491005159804636,0.5616438356164384,lightgbm,isotonic
A,6,0.6000000000000001,0.7000000000000001,118,0.6507410147397047,0.6186440677966102,lightgbm,isotonic
A,7,0.7000000000000001,0.8,36,0.7468187162604525,0.5,lightgbm,isotonic
A,8,0.8,0.9,22,0.860637487030128,0.5909090909090909,lightgbm,isotonic
A,9,0.9,1.0,6,0.9705882352931755,1.0,lightgbm,isotonic
D,0,0.0,0.1,130,0.05969911695098873,0.09230769230769231,lightgbm,isotonic
D,1,0.1,0.2,251,0.15964766326099777,0.26294820717131473,lightgbm,isotonic
D,2,0.2,0.30000000000000004,526,0.2610363839106998,0.1634980988593156,lightgbm,isotonic
D,3,0.30000000000000004,0.4,469,0.3369129592176699,0.26652452025586354,lightgbm,isotonic
D,4,0.4,0.5,105,0.4468390410374719,0.26666666666666666,lightgbm,isotonic
D,5,0.5,0.6000000000000001,20,0.5258013385514894,0.3,lightgbm,isotonic
D,6,0.6000000000000001,0.7000000000000001,0,,,lightgbm,isotonic
D,7,0.7000000000000001,0.8,0,,,lightgbm,isotonic
D,8,0.8,0.9,0,,,lightgbm,isotonic
D,9,0.9,1.0,0,,,lightgbm,isotonic
H,0,0.0,0.1,371,0.04534113868883858,0.2183288409703504,lightgbm,isotonic
H,1,0.1,0.2,89,0.19102031748039613,0.4157303370786517,lightgbm,isotonic
H,2,0.2,0.30000000000000004,209,0.2657703840040274,0.41148325358851673,lightgbm,isotonic
H,3,0.30000000000000004,0.4,203,0.3546653454185994,0.4876847290640394,lightgbm,isotonic
H,4,0.4,0.5,100,0.4546727431898479,0.59,lightgbm,isotonic
H,5,0.5,0.6000000000000001,143,0.5598985438050731,0.5944055944055944,lightgbm,isotonic
H,6,0.6000000000000001,0.7000000000000001,104,0.6474132417679936,0.7692307692307693,lightgbm,isotonic
H,7,0.7000000000000001,0.8,76,0.7449227895984654,0.9078947368421053,lightgbm,isotonic
H,8,0.8,0.9,155,0.8653531894695206,0.7290322580645161,lightgbm,isotonic
H,9,0.9,1.0,51,0.9873125720861151,1.0,lightgbm,isotonic
top_label,0,0.0,0.1,0,,,scratch_figs,raw
top_label,1,0.1,0.2,0,,,scratch_figs,raw
top_label,2,0.2,0.30000000000000004,0,,,scratch_figs,raw
top_label,3,0.30000000000000004,0.4,366,0.363294284704418,0.22404371584699453,scratch_figs,raw
top_label,4,0.4,0.5,251,0.4666325641553199,0.3426294820717131,scratch_figs,raw
top_label,5,0.5,0.6000000000000001,884,0.5326601929753445,0.7273755656108597,scratch_figs,raw
top_label,6,0.6000000000000001,0.7000000000000001,0,,,scratch_figs,raw
top_label,7,0.7000000000000001,0.8,0,,,scratch_figs,raw
top_label,8,0.8,0.9,0,,,scratch_figs,raw
top_label,9,0.9,1.0,0,,,scratch_figs,raw
A,0,0.0,0.1,0,,,scratch_figs,raw
A,1,0.1,0.2,0,,,scratch_figs,raw
A,2,0.2,0.30000000000000004,875,0.23148454651588662,0.15542857142857142,scratch_figs,raw
A,3,0.30000000000000004,0.4,366,0.302252448577428,0.28415300546448086,scratch_figs,raw
A,4,0.4,0.5,0,,,scratch_figs,raw
A,5,0.5,0.6000000000000001,260,0.5031390529192704,0.6846153846153846,scratch_figs,raw
A,6,0.6000000000000001,0.7000000000000001,0,,,scratch_figs,raw
A,7,0.7000000000000001,0.8,0,,,scratch_figs,raw
A,8,0.8,0.9,0,,,scratch_figs,raw
A,9,0.9,1.0,0,,,scratch_figs,raw
D,0,0.0,0.1,0,,,scratch_figs,raw
D,1,0.1,0.2,0,,,scratch_figs,raw
D,2,0.2,0.30000000000000004,875,0.24054582200438468,0.16914285714285715,scratch_figs,raw
D,3,0.30000000000000004,0.4,421,0.3621111911221073,0.2209026128266033,scratch_figs,raw
D,4,0.4,0.5,196,0.48151415807480585,0.41836734693877553,scratch_figs,raw
D,5,0.5,0.6000000000000001,9,0.5761168846110752,0.0,scratch_figs,raw
D,6,0.6000000000000001,0.7000000000000001,0,,,scratch_figs,raw
D,7,0.7000000000000001,0.8,0,,,scratch_figs,raw
D,8,0.8,0.9,0,,,scratch_figs,raw
D,9,0.9,1.0,0,,,scratch_figs,raw
H,0,0.0,0.1,0,,,scratch_figs,raw
H,1,0.1,0.2,0,,,scratch_figs,raw
H,2,0.2,0.30000000000000004,431,0.23762859292090696,0.25754060324825984,scratch_figs,raw
H,3,0.30000000000000004,0.4,400,0.3362147804022901,0.45,scratch_figs,raw
H,4,0.4,0.5,55,0.41359997491497014,0.07272727272727272,scratch_figs,raw
H,5,0.5,0.6000000000000001,615,0.5445047233653572,0.7560975609756098,scratch_figs,raw
H,6,0.6000000000000001,0.7000000000000001,0,,,scratch_figs,raw
H,7,0.7000000000000001,0.8,0,,,scratch_figs,raw
H,8,0.8,0.9,0,,,scratch_figs,raw
H,9,0.9,1.0,0,,,scratch_figs,raw
top_label,0,0.0,0.1,0,,,scratch_figs,platt
top_label,1,0.1,0.2,0,,,scratch_figs,platt
top_label,2,0.2,0.30000000000000004,0,,,scratch_figs,platt
top_label,3,0.30000000000000004,0.4,28,0.3926485484729965,0.4642857142857143,scratch_figs,platt
top_label,4,0.4,0.5,563,0.47676784671456457,0.30550621669627,scratch_figs,platt
top_label,5,0.5,0.6000000000000001,178,0.589450516802951,0.4887640449438202,scratch_figs,platt
top_label,6,0.6000000000000001,0.7000000000000001,408,0.6666537187872735,0.6568627450980392,scratch_figs,platt
top_label,7,0.7000000000000001,0.8,323,0.761396509319652,0.891640866873065,scratch_figs,platt
top_label,8,0.8,0.9,0,,,scratch_figs,platt
top_label,9,0.9,1.0,1,0.9355796076295394,1.0,scratch_figs,platt
A,0,0.0,0.1,490,0.08816892642289303,0.05510204081632653,scratch_figs,platt
A,1,0.1,0.2,125,0.12267765684821579,0.208,scratch_figs,platt
A,2,0.2,0.30000000000000004,68,0.26914818333882146,0.6323529411764706,scratch_figs,platt
A,3,0.30000000000000004,0.4,115,0.38722624215831486,0.2,scratch_figs,platt
A,4,0.4,0.5,414,0.4839658777721697,0.2898550724637681,scratch_figs,platt
A,5,0.5,0.6000000000000001,178,0.589450516802951,0.4887640449438202,scratch_figs,platt
A,6,0.6000000000000001,0.7000000000000001,2,0.6248039661727366,0.0,scratch_figs,platt
A,7,0.7000000000000001,0.8,108,0.7736505886922623,0.8425925925925926,scratch_figs,platt
A,8,0.8,0.9,0,,,scratch_figs,platt
A,9,0.9,1.0,1,0.9355796076295394,1.0,scratch_figs,platt
D,0,0.0,0.1,1,0.03549389882278095,0.0,scratch_figs,platt
D,1,0.1,0.2,366,0.1632804073039293,0.15300546448087432,scratch_figs,platt
D,2,0.2,0.30000000000000004,927,0.23982634298531436,0.20819848975188782,scratch_figs,platt
D,3,0.30000000000000004,0.4,94,0.3337097693706895,0.23404255319148937,scratch_figs,platt
D,4,0.4,0.5,107,0.4660039964805644,0.48598130841121495,scratch_figs,platt
D,5,0.5,0.6000000000000001,0,,,scratch_figs,platt
D,6,0.6000000000000001,0.7000000000000001,6,0.6055879877270985,0.0,scratch_figs,platt
D,7,0.7000000000000001,0.8,0,,,scratch_figs,platt
D,8,0.8,0.9,0,,,scratch_figs,platt
D,9,0.9,1.0,0,,,scratch_figs,platt
H,0,0.0,0.1,109,0.052676658248099154,0.0,scratch_figs,platt
H,1,0.1,0.2,261,0.15328643012080123,0.3333333333333333,scratch_figs,platt
H,2,0.2,0.30000000000000004,432,0.26367592655668126,0.4699074074074074,scratch_figs,platt
H,3,0.30000000000000004,0.4,42,0.34009976271069203,0.11904761904761904,scratch_figs,platt
H,4,0.4,0.5,42,0.4332380161714567,0.0,scratch_figs,platt
H,5,0.5,0.6000000000000001,0,,,scratch_figs,platt
H,6,0.6000000000000001,0.7000000000000001,400,0.6677789535162489,0.67,scratch_figs,platt
H,7,0.7000000000000001,0.8,215,0.755240971774341,0.9162790697674419,scratch_figs,platt
H,8,0.8,0.9,0,,,scratch_figs,platt
H,9,0.9,1.0,0,,,scratch_figs,platt
top_label,0,0.0,0.1,0,,,scratch_figs,isotonic
top_label,1,0.1,0.2,0,,,scratch_figs,isotonic
top_label,2,0.2,0.30000000000000004,0,,,scratch_figs,isotonic
top_label,3,0.30000000000000004,0.4,0,,,scratch_figs,isotonic
top_label,4,0.4,0.5,553,0.4725274563841415,0.30198915009041594,scratch_figs,isotonic
top_label,5,0.5,0.6000000000000001,277,0.5476507345152577,0.5054151624548736,scratch_figs,isotonic
top_label,6,0.6000000000000001,0.7000000000000001,90,0.6260782600502759,0.6777777777777778,scratch_figs,isotonic
top_label,7,0.7000000000000001,0.8,194,0.7465518267018756,0.7989690721649485,scratch_figs,isotonic
top_label,8,0.8,0.9,379,0.8600998475104856,0.8548812664907651,scratch_figs,isotonic
top_label,9,0.9,1.0,8,0.9494434008769153,0.0,scratch_figs,isotonic
A,0,0.0,0.1,478,0.015399079014167105,0.0397489539748954,scratch_figs,isotonic
A,1,0.1,0.2,1,0.17489421720673778,1.0,scratch_figs,isotonic
A,2,0.2,0.30000000000000004,86,0.21321764028660378,0.23255813953488372,scratch_figs,isotonic
A,3,0.30000000000000004,0.4,107,0.3392008627266851,0.19626168224299065,scratch_figs,isotonic
A,4,0.4,0.5,520,0.474379384672188,0.3,scratch_figs,isotonic
A,5,0.5,0.6000000000000001,117,0.541660544916538,0.4188034188034188,scratch_figs,isotonic
A,6,0.6000000000000001,0.7000000000000001,90,0.6260782600502759,0.6777777777777778,scratch_figs,isotonic
A,7,0.7000000000000001,0.8,102,0.7764894920371422,0.8921568627450981,scratch_figs,isotonic
A,8,0.8,0.9,0,,,scratch_figs,isotonic
A,9,0.9,1.0,0,,,scratch_figs,isotonic
D,0,0.0,0.1,0,,,scratch_figs,isotonic
D,1,0.1,0.2,527,0.1486557725443752,0.13851992409867173,scratch_figs,isotonic
D,2,0.2,0.30000000000000004,865,0.25736345990507054,0.23699421965317918,scratch_figs,isotonic
D,3,0.30000000000000004,0.4,13,0.30542153896475593,0.15384615384615385,scratch_figs,isotonic
D,4,0.4,0.5,0,,,scratch_figs,isotonic
D,5,0.5,0.6000000000000001,87,0.5354989622113137,0.4942528735632184,scratch_figs,isotonic
D,6,0.6000000000000001,0.7000000000000001,0,,,scratch_figs,isotonic
D,7,0.7000000000000001,0.8,0,,,scratch_figs,isotonic
D,8,0.8,0.9,1,0.8251057827898517,0.0,scratch_figs,isotonic
D,9,0.9,1.0,8,0.9494434008769153,0.0,scratch_figs,isotonic
H,0,0.0,0.1,111,0.030085129227500507,0.07207207207207207,scratch_figs,isotonic
H,1,0.1,0.2,222,0.1296582586147729,0.2882882882882883,scratch_figs,isotonic
H,2,0.2,0.30000000000000004,592,0.26016835284837475,0.40709459459459457,scratch_figs,isotonic
H,3,0.30000000000000004,0.4,0,,,scratch_figs,isotonic
H,4,0.4,0.5,33,0.4433455560876526,0.3333333333333333,scratch_figs,isotonic
H,5,0.5,0.6000000000000001,73,0.5717336985357138,0.6575342465753424,scratch_figs,isotonic
H,6,0.6000000000000001,0.7000000000000001,0,,,scratch_figs,isotonic
H,7,0.7000000000000001,0.8,92,0.7133600673084279,0.6956521739130435,scratch_figs,isotonic
H,8,0.8,0.9,378,0.860192424401281,0.8571428571428571,scratch_figs,isotonic
H,9,0.9,1.0,0,,,scratch_figs,isotonic
