feature_set,n_features,max_rules,mean_rps,std_rps,mean_log_loss,mean_brier,mean_ece,mean_accuracy,mean_balanced_accuracy,mean_macro_f1,mean_fit_seconds,se_rps
conventional_only,6,2,0.23272929481253427,0.019596229537123984,1.0830692602414578,0.6560458373779592,0.14977331437106103,0.4769195113155603,0.3399229031837727,0.29358014629350515,0.005810694250044435,0.009798114768561992
conventional_only,6,4,0.23110274769021882,0.02103749817849292,1.0777007885180723,0.6524049260065603,0.15645936638682995,0.4776822231799671,0.3276299425212469,0.2811716794586343,0.008580596499996318,0.01051874908924646
conventional_only,6,6,0.22987726577784812,0.02067805024991975,1.0713121271108634,0.6486733460740159,0.15309582689732026,0.47954249601998367,0.3368651517564561,0.2977724892089548,0.012499310500061256,0.010339025124959876
conventional_only,6,8,0.22754663212587728,0.02208564306022807,1.057677677090307,0.6368600253335577,0.16658090362731914,0.5155313431785598,0.3830267679180722,0.35563078624728534,0.017241476749973117,0.011042821530114036
conventional_only,6,10,0.2340256663916679,0.027018153148666436,1.08579063429274,0.6560238025285101,0.1561341793368486,0.4782630417000167,0.37787635070243764,0.3535238457252397,0.021960788499995942,0.013509076574333218
conventional_only,6,12,0.23275562317178475,0.029936139451527403,1.0841950565199179,0.655194310703677,0.1608008730514228,0.49140276886000017,0.398203246029333,0.3758570365815703,0.026360232999877553,0.014968069725763701
conventional_only,6,16,0.22933348283387098,0.037021991170657374,1.072570077201469,0.6472139091049857,0.16852812833386205,0.4833717555170503,0.44853665658013486,0.41282970905063926,0.038015667749846216,0.018510995585328687
conventional_only,6,20,0.23053378587856876,0.03579454073152378,1.0751372660748717,0.6469532157602607,0.12478248641968753,0.4891919467337479,0.45798476081084777,0.43817050758540116,0.05119163224981094,0.01789727036576189
conventional_plus_all_network,186,2,0.21482185073765117,0.009598859508465214,1.0281883463752133,0.616522712006751,0.13637694197932607,0.4768538520401432,0.4170626113017417,0.3916150285193929,0.009125186999995094,0.004799429754232607
conventional_plus_all_network,186,4,0.22464706831069386,0.012219520302248507,1.0596966623319723,0.6388282635894833,0.10158090088049555,0.4792465675107526,0.3901123393514698,0.38477644257719446,0.015678356750072453,0.006109760151124253
conventional_plus_all_network,186,6,0.22484053428819845,0.007150472677806428,1.0558057192085901,0.6360631566301144,0.06352705102477238,0.4662155541678028,0.39642170631301066,0.37912581777923116,0.022521016999917265,0.003575236338903214
conventional_plus_all_network,186,8,0.22811405470743198,0.012613093299431244,1.0637698080670648,0.6416136205547065,0.07576465297660143,0.4644768367445665,0.40036836754228056,0.39074268661722156,0.02996622224998191,0.006306546649715622
conventional_plus_all_network,186,10,0.23172108632283206,0.012383260036704695,1.0798217035586541,0.6535031180160167,0.09849304471487488,0.4602395486089733,0.39417165362817536,0.3898247908680267,0.03781367074998343,0.0061916300183523475
conventional_plus_all_network,186,12,0.23328787005245358,0.008998902163666434,1.092552345653278,0.662412290829514,0.0926341509693108,0.4535036897610231,0.37768175463827636,0.3722102065593439,0.04691690649985958,0.004499451081833217
conventional_plus_all_network,186,16,0.23337693536712967,0.009843493378667901,1.0988050411705945,0.6664803294034886,0.09307143271529786,0.44694686568214403,0.37401904054077967,0.3686314453161944,0.06524994800008699,0.0049217466893339504
conventional_plus_all_network,186,20,0.2370743561904005,0.01641480189894604,1.1110260194166788,0.6757491847177942,0.119390845105479,0.4337914383471278,0.36226842400755443,0.35567829218025204,0.08873138274987014,0.00820740094947302
conventional_plus_centrality,42,2,0.23299412453117724,0.014578326330590006,1.0776228437779642,0.6530486401870925,0.14756855753089582,0.43486164495615387,0.3182255667038276,0.2616804660583463,0.006488737000040601,0.007289163165295003
conventional_plus_centrality,42,4,0.23372836277885034,0.02505840732425214,1.0768557622685395,0.6520313487239924,0.13465403472343312,0.4606400569955934,0.3572189284145806,0.3104786472764623,0.010608071000092423,0.01252920366212607
conventional_plus_centrality,42,6,0.23706855845502575,0.0243972846552134,1.08908535017907,0.6606830231490878,0.1157753212764895,0.4609435057567309,0.3463652410391541,0.3276909541640663,0.01491679599996587,0.0121986423276067
conventional_plus_centrality,42,8,0.24303055026466203,0.037310042586828705,1.104402050670927,0.6720405152047881,0.14597718608303606,0.43998605894822024,0.32855123137731834,0.3113772212433846,0.022780250249979872,0.018655021293414353
conventional_plus_centrality,42,10,0.24354967943060538,0.0366606684880824,1.108947967216594,0.6750229696231538,0.14102438609916948,0.425413921701424,0.3472683355292051,0.33737012599966276,0.026168577500016,0.0183303342440412
conventional_plus_centrality,42,12,0.2412677900520996,0.041506369766652625,1.0960168276216604,0.6655922403525008,0.13695080567450013,0.4261766335658308,0.36048016395842486,0.35045171223978183,0.03511828325008537,0.020753184883326312
conventional_plus_centrality,42,16,0.24361163640460942,0.037325557177677604,1.111707054230245,0.6772313892708942,0.12247627494591537,0.4139815116146113,0.3294975475410258,0.31905742504244305,0.04558634899990466,0.018662778588838802
conventional_plus_centrality,42,20,0.24842560094895746,0.03280716126202243,1.133335802504453,0.6933686709021647,0.15063134265830658,0.40167767584635816,0.3152937079024035,0.3105404901043041,0.0705130887499763,0.016403580631011216
conventional_plus_leakage_recovery_switching,114,2,0.2158370914165738,0.009032569037184666,1.0330962475764345,0.6199194715929599,0.14283685625881984,0.46089640523163256,0.39647361093013267,0.37361744609226055,0.00876875924984688,0.004516284518592333
conventional_plus_leakage_recovery_switching,114,4,0.2171122730204134,0.02104139794914137,1.0360118151946902,0.6217361137401382,0.13115196576705235,0.5002837905587855,0.4199572689790081,0.41953332844438146,0.014177489750068162,0.010520698974570685
conventional_plus_leakage_recovery_switching,114,6,0.21682974780913286,0.018852476063468893,1.0349271124116255,0.6213144960107244,0.1264091116303524,0.4931200689576315,0.42760238955891133,0.42403385767044455,0.018434875750017454,0.009426238031734447
conventional_plus_leakage_recovery_switching,114,8,0.22093573827609625,0.02381669724269796,1.0485334077311104,0.6311810458948388,0.1489204250017842,0.4835636318858681,0.4147619248706205,0.40006321450520954,0.0244106315000181,0.01190834862134898
conventional_plus_leakage_recovery_switching,114,10,0.23251243429147514,0.028611312044376544,1.0858014145944137,0.6579602120360147,0.16984314090853841,0.46792533401352765,0.397723685332381,0.38778250062538644,0.03126339599998573,0.014305656022188272
conventional_plus_leakage_recovery_switching,114,12,0.22240858144628162,0.02816046219030335,1.0554421087954151,0.6360741213380304,0.14760676900810368,0.4898402276305489,0.3992538580582059,0.38873035919503685,0.03837661574993945,0.014080231095151675
conventional_plus_leakage_recovery_switching,114,16,0.2268409837827514,0.031373928482576106,1.072427939316101,0.6486094755923406,0.15980389642599407,0.4831357691326643,0.4014458086197217,0.39271119992937925,0.05595209475018237,0.015686964241288053
conventional_plus_leakage_recovery_switching,114,20,0.2282547074282655,0.027367272450451875,1.0861143428714635,0.6571091640020731,0.13804484279745133,0.47168765887081876,0.3869987339552557,0.37607894014753085,0.07410427850004453,0.013683636225225938
conventional_plus_possession_flow,42,2,0.2208485529757136,0.009507419368652504,1.0453048130555587,0.6296145470941005,0.12987078019132547,0.5000406797252249,0.358695652173913,0.25074830653635,0.006514228749892936,0.004753709684326252
conventional_plus_possession_flow,42,4,0.23222268037359758,0.013822286373503447,1.0739129333138446,0.6506994640180118,0.14328915883750068,0.4317194550236162,0.3565222700005309,0.3189579617853757,0.010768443500069225,0.006911143186751723
conventional_plus_possession_flow,42,6,0.22843442316131327,0.020146556468981038,1.0633867614526897,0.643094887429543,0.1326739595865016,0.4421787181268856,0.3921847958804481,0.3722199778652935,0.015610988249932234,0.010073278234490519
conventional_plus_possession_flow,42,8,0.23331322917379976,0.026347691420165485,1.0949277358620888,0.6640272879939719,0.12647964910592432,0.43480170283130887,0.37159928236015194,0.34688042906494654,0.023652301500078465,0.013173845710082743
conventional_plus_possession_flow,42,10,0.23804563023877945,0.025501293460380017,1.1140683017550448,0.6790289570337682,0.1388653944742609,0.4013428267351552,0.3529592589375198,0.3316833111343581,0.029404669499967895,0.012750646730190008
conventional_plus_possession_flow,42,12,0.24259727969998574,0.0237998818014106,1.1369871898332733,0.6941533030070716,0.13974320449342548,0.3956574283377165,0.34871934426282253,0.33882847350434,0.0362532495000778,0.0118999409007053
conventional_plus_possession_flow,42,16,0.24568905913261113,0.01586948792934899,1.1542729135519496,0.7065294003994729,0.16523080962141634,0.3764044400270905,0.32545816100163927,0.318733717785165,0.048469166499899075,0.007934743964674496
conventional_plus_possession_flow,42,20,0.2429938374488294,0.021246240225593252,1.1480080462291915,0.7002179925360581,0.15863682429988119,0.40285255028893596,0.376693077453947,0.3569564726897694,0.0627948285000457,0.010623120112796626
network_only,180,2,0.21631408069321667,0.011330164782243184,1.0324635214532534,0.6194357062320768,0.1456515359441115,0.461534703103973,0.40037457711370755,0.3778252350826582,0.009243895250051537,0.005665082391121592
network_only,180,4,0.22559849136836974,0.011217002159657348,1.0659596800130018,0.6429069734123026,0.11556280405116443,0.44765082282990154,0.3653418079505036,0.36351162645022295,0.01589992449987676,0.005608501079828674
network_only,180,6,0.2251625184878911,0.008209428287759722,1.0608173034200672,0.6394781420515961,0.07683674708011466,0.45557725629546236,0.3714096290183247,0.35764955623826594,0.02452391349993377,0.004104714143879861
network_only,180,8,0.22712547092559685,0.014624378454757652,1.068218050373333,0.6448235605940968,0.0833013790026921,0.4435193899360559,0.3864553240640197,0.38203132641663917,0.03674360474997229,0.007312189227378826
network_only,180,10,0.2352810483064278,0.023508836392835773,1.1029966249337584,0.6710724872683254,0.12102165683941167,0.4374375291354789,0.3789926538839582,0.37849342853730905,0.043434336750010516,0.011754418196417886
network_only,180,12,0.24071941907743022,0.023034882483891038,1.1148042540949277,0.680101300450608,0.13649037750046314,0.42286539188868266,0.3610633609546653,0.36486666388786226,0.04796448974991563,0.011517441241945519
network_only,180,16,0.23614865911165517,0.016808482097016044,1.1093029897730398,0.6748707645486274,0.1107819148222476,0.428028726482721,0.3646310613701918,0.3611054062210063,0.06560519524998654,0.008404241048508022
network_only,180,20,0.2422607374560581,0.01614667068214345,1.1266645232012733,0.6867427637150545,0.13381688231498856,0.4149075580730564,0.3462171081736299,0.3371668842359155,0.08625113574998977,0.008073335341071726
