feature_set,n_features,fold,max_rules,fit_seconds,rps,log_loss,brier,ece,accuracy,balanced_accuracy,macro_f1
conventional_only,6,1,2,0.005855783999777486,0.2596498686280718,1.1667371201272307,0.716077017418242,0.14697028816321225,0.2978723404255319,0.2826086956521739,0.2769091644653863
conventional_only,6,2,2,0.00534413700006553,0.2344983973543841,1.0914317500253543,0.66091598083948,0.13226722994166418,0.48,0.3446153846153846,0.28235294117647064
conventional_only,6,3,2,0.0056804670002748026,0.22089850248741502,1.0311271859374633,0.6200103774147682,0.19179953202577005,0.5932203389830508,0.38095238095238093,0.3277777777777778
conventional_only,6,4,2,0.00636238900005992,0.21587041078026614,1.0429809848757825,0.6271799738393466,0.12805620735359768,0.5365853658536586,0.35151515151515156,0.28728070175438597
conventional_only,6,1,4,0.008709877000001143,0.2597470050575078,1.1847485019360577,0.7274902232961394,0.17864840763883236,0.2978723404255319,0.22946859903381642,0.21181716833890749
conventional_only,6,2,4,0.007517990999986068,0.23327877655769258,1.0678239919503105,0.645731345165993,0.14577270137295584,0.5,0.3723931623931624,0.33669995885235476
conventional_only,6,3,4,0.008033736000015779,0.21940443601286544,1.0300888768841199,0.6191330424120421,0.1820986885077157,0.576271186440678,0.35714285714285715,0.28888888888888886
conventional_only,6,4,4,0.010060781999982282,0.21198077313280952,1.028141783301801,0.6172650931520666,0.11931766802781583,0.5365853658536586,0.35151515151515156,0.28728070175438597
conventional_only,6,1,6,0.010851981000087108,0.2589021586374343,1.171931248457777,0.7204872433359324,0.18814606291421712,0.2978723404255319,0.22946859903381642,0.21333333333333335
conventional_only,6,2,6,0.011039858000003733,0.22837969577633926,1.0498009786106937,0.6350270352478583,0.12454316985180053,0.5,0.3723931623931624,0.33669995885235476
conventional_only,6,3,6,0.011871946000155731,0.22155333840151492,1.0337694137033062,0.6219083781745733,0.16653851034331815,0.559322033898305,0.36075036075036077,0.3116219667943806
conventional_only,6,4,6,0.016233456999998452,0.21067387029610396,1.0297468676716772,0.6172707275376995,0.13315556447994528,0.5609756097560976,0.38484848484848483,0.32943469785575047
conventional_only,6,1,8,0.01434909499994319,0.2598049691897407,1.1721925319879496,0.7195306077457756,0.18903747553424238,0.3191489361702128,0.2572463768115942,0.24888888888888885
conventional_only,6,2,8,0.014839550000033341,0.22135605994923985,1.018657930829135,0.6111584285224184,0.10548028678263585,0.54,0.44239316239316234,0.4405458089668615
conventional_only,6,3,8,0.016473964999931923,0.21923711265750087,1.0196884587710084,0.6114962025517818,0.19471763635023354,0.5932203389830508,0.38095238095238093,0.3305243445692884
conventional_only,6,4,8,0.023303296999984013,0.2097883867070277,1.0201717867731348,0.605254862514255,0.1770882158421648,0.6097560975609756,0.4515151515151515,0.40256410256410263
conventional_only,6,1,10,0.016346190000149363,0.27328096355986725,1.2210716424989152,0.7547718505508731,0.24128911134762213,0.2978723404255319,0.25603864734299514,0.2504469987228608
conventional_only,6,2,10,0.019231856999795127,0.22558369280018414,1.0425564571503663,0.627763027073337,0.07021449585577583,0.48,0.44572649572649575,0.419922913343966
conventional_only,6,3,10,0.021278659000017797,0.22579417254175396,1.046236800895624,0.6279114517654889,0.11729881667382246,0.5254237288135594,0.3582251082251082,0.34116136827002946
conventional_only,6,4,10,0.030986448000021483,0.21144383666486627,1.0332976366260544,0.6136488807243412,0.19573429347017393,0.6097560975609756,0.4515151515151515,0.40256410256410263
conventional_only,6,1,12,0.018753107999600616,0.2772066822602963,1.236547850426298,0.7667290081585545,0.24534115044997232,0.2978723404255319,0.25603864734299514,0.22657952069716777
conventional_only,6,2,12,0.02352475899988349,0.2180684502625973,1.0173566112184078,0.6109490877300648,0.12442997752419921,0.54,0.5183760683760683,0.513888888888889
conventional_only,6,3,12,0.02706393600010415,0.22306806038112315,1.0428128733747437,0.6258031351163703,0.13735421773061365,0.5423728813559322,0.382034632034632,0.3693089430894309
conventional_only,6,4,12,0.03609912899992196,0.21267929978312222,1.0400628910602219,0.6172960118097183,0.13607814650090602,0.5853658536585366,0.43636363636363634,0.39365079365079364
conventional_only,6,1,16,0.0237704239998493,0.28414152468005605,1.2582473973798156,0.7853097997112783,0.2872361302823006,0.2765957446808511,0.24154589371980675,0.21572535991140643
conventional_only,6,2,16,0.034530712999639945,0.20300497300689174,0.9771195302684572,0.5804646544257728,0.08364839489694958,0.58,0.581965811965812,0.5579633544749824
conventional_only,6,3,16,0.04246600099986608,0.21724194143795442,1.0090398987118687,0.6013953709616566,0.17621870245187665,0.4915254237288136,0.5342712842712843,0.4892080863353094
conventional_only,6,4,16,0.051295533000029536,0.21294549221058168,1.0458734824457347,0.6216858113212348,0.12700928570432135,0.5853658536585366,0.43636363636363634,0.38842203548085896
conventional_only,6,1,20,0.026730651999969268,0.28223639163798264,1.2322957777618382,0.7654136608905041,0.2569679485956161,0.3191489361702128,0.28381642512077293,0.2706228956228956
conventional_only,6,2,20,0.04451717899974028,0.19978604061618666,0.9633482337987175,0.5687333852904878,0.06873483438140213,0.6,0.5808547008547009,0.5623038899634644
conventional_only,6,3,20,0.06234226399965337,0.22173132850795169,1.026054702582058,0.6119249704450309,0.06270191371139452,0.5254237288135594,0.5544733044733045,0.5144522144522145
conventional_only,6,4,20,0.07117643399988083,0.21838138275215402,1.0788503501568727,0.6417408464150199,0.11072524899033738,0.5121951219512195,0.41279461279461277,0.4053030303030303
network_only,180,1,2,0.006075941999824863,0.21229458010460361,1.0405282928776933,0.6256824931086274,0.17386458175681438,0.44680851063829785,0.38405797101449274,0.3888198757763975
network_only,180,2,2,0.007526796000092872,0.23024211767936364,1.0596000447694898,0.637725380505799,0.1448637326334713,0.42,0.34153846153846157,0.29772079772079774
network_only,180,3,2,0.011213038000278175,0.21929334121559213,1.0310372386875744,0.6189832596113228,0.10229855829977566,0.4915254237288136,0.41630591630591635,0.3546747967479675
network_only,180,4,2,0.012159805000010238,0.20342628377330724,0.9986885094782563,0.5953516917025579,0.16157927108638467,0.4878048780487805,0.45959595959595956,0.47008547008547014
network_only,180,1,4,0.009858243999588012,0.23226025752071336,1.103800860158994,0.6703539917515634,0.1601304845865078,0.3404255319148936,0.29830917874396135,0.3
network_only,180,2,4,0.013271601999804261,0.23724457566482926,1.0999558895787307,0.6671389106062041,0.10375368086078118,0.42,0.33564102564102566,0.3235129068462402
network_only,180,3,4,0.020217613000113488,0.22030878085155417,1.0326755510993306,0.6201273696344862,0.0887421164777986,0.5423728813559322,0.38600288600288596,0.37298374140479407
network_only,180,4,4,0.020252239000001282,0.2125803514363821,1.0274064192149517,0.6140076216569569,0.10962493427957012,0.4878048780487805,0.4414141414141414,0.45754985754985755
network_only,180,1,6,0.013258681000024808,0.22330336729382558,1.077880189567374,0.6526965917601867,0.12044942399690424,0.3829787234042553,0.3538647342995169,0.35586277521761395
network_only,180,2,6,0.019549806999748398,0.23556464150291592,1.0714194369230008,0.6454436778572146,0.07784879559816005,0.46,0.3478632478632479,0.325
network_only,180,3,6,0.03273300399996515,0.226088741124774,1.0648074528782798,0.6426989255549681,0.05871983774568133,0.4915254237288136,0.32431457431457433,0.2953703703703704
network_only,180,4,6,0.03255416199999672,0.21569332403004887,1.0291621343116144,0.6170733730340153,0.050328930979713006,0.4878048780487805,0.45959595959595956,0.45436507936507936
network_only,180,1,8,0.018022245000338444,0.21882996166747334,1.0602880010243545,0.6403531979171602,0.10029254360050212,0.40425531914893614,0.38164251207729466,0.3847041847041847
network_only,180,2,8,0.027093399000023055,0.24659866515268866,1.1094325406707986,0.6733719212830045,0.10917964249776138,0.4,0.32230769230769235,0.3146997929606625
network_only,180,3,8,0.04719117899958292,0.22963373433376144,1.0837442429617972,0.655028449866343,0.056654889949779935,0.4576271186440678,0.3452380952380952,0.337847742795269
network_only,180,4,8,0.05466759599994475,0.2134395225484639,1.0194074168363816,0.6105406733098796,0.06707843996272497,0.5121951219512195,0.4966329966329966,0.4908735852064403
network_only,180,1,10,0.02103742000008424,0.2334638322586459,1.1438777973542766,0.700303514952749,0.16672095923627317,0.3829787234042553,0.34057971014492755,0.3450018580453363
network_only,180,2,10,0.035701513000276464,0.2686413465557294,1.1715227403897956,0.7203637883894277,0.15474627110987704,0.38,0.3234188034188034,0.32634032634032634
network_only,180,3,10,0.05963470899996537,0.22421595888409687,1.0664410815741538,0.6441511609227146,0.056058921879326214,0.4745762711864407,0.35533910533910534,0.34750957854406134
network_only,180,4,10,0.05736370499971599,0.21480305552723902,1.0301448804168074,0.6194714848084101,0.10656047513217026,0.5121951219512195,0.4966329966329966,0.4951219512195122
network_only,180,1,12,0.022103184999650693,0.23981556334157889,1.1419456796267238,0.6986678532340933,0.17735747612787042,0.3829787234042553,0.34057971014492755,0.34057971014492755
network_only,180,2,12,0.037956854999720235,0.2731361153858644,1.1721603409688264,0.721594169752933,0.16277279059867722,0.38,0.3234188034188034,0.3311626644959978
network_only,180,3,12,0.06729617900009544,0.2296335832256083,1.078712316767015,0.6548337559829347,0.11881168380546168,0.4406779661016949,0.3351370851370851,0.33317882636506907
network_only,180,4,12,0.06450174000019615,0.22029241435666932,1.0663986790171454,0.6453094228324711,0.08701955946984327,0.4878048780487805,0.4451178451178451,0.4545454545454546
network_only,180,1,16,0.032533430000057706,0.21821908613585445,1.0504563179245963,0.6323715965757729,0.07097449740446615,0.48936170212765956,0.4396135265700483,0.4396135265700483
network_only,180,2,16,0.048669657000118605,0.25869848854986893,1.1743138618953943,0.721152976072235,0.19191576817038652,0.36,0.279059829059829,0.2681879523984787
network_only,180,3,16,0.09543134199975611,0.23570097974428303,1.1156473834037242,0.6797174124116485,0.1030463455128532,0.423728813559322,0.325036075036075,0.32295973225508456
network_only,180,4,16,0.08578635200001372,0.23197608201661424,1.0967943958684445,0.666241073134853,0.07719104820128452,0.43902439024390244,0.4148148148148148,0.4136604136604136
network_only,180,1,20,0.04678518400032772,0.24629238672835108,1.1530781755027917,0.7075002065659254,0.18524781874472204,0.3829787234042553,0.3140096618357488,0.28543209876543213
network_only,180,2,20,0.0585648209998908,0.2634303484844633,1.171444713932051,0.7210927487353804,0.1961168847658291,0.38,0.3068376068376068,0.3020802005012531
network_only,180,3,20,0.12503010199998243,0.2299655046143455,1.091270662641721,0.6569811038119842,0.06470330953540761,0.4576271186440678,0.34920634920634913,0.3474948240165632
network_only,180,4,20,0.11462443599975813,0.22935470999707255,1.09086454072853,0.6613969957469279,0.08919951621399551,0.43902439024390244,0.4148148148148148,0.4136604136604136
conventional_plus_centrality,42,1,2,0.006350163000206521,0.24952428937093143,1.1256064679241657,0.6893162049608617,0.12561463558446753,0.3191489361702128,0.3236714975845411,0.2897624897624898
conventional_plus_centrality,42,2,2,0.005900096000004851,0.2393772028001964,1.0966176276346198,0.6655272552437037,0.10436584937966109,0.3,0.24923076923076923,0.2180359323216466
conventional_plus_centrality,42,3,2,0.006406259999948816,0.22706400291367537,1.0648184697619898,0.643848783612389,0.19711781765925426,0.559322033898305,0.3333333333333333,0.24175824175824176
conventional_plus_centrality,42,4,2,0.007298429000002216,0.21601100303990572,1.0234488097910819,0.6135023169314159,0.16317592750020038,0.5609756097560976,0.3666666666666667,0.29716520039100686
conventional_plus_centrality,42,1,4,0.008337277000009635,0.2698924505431907,1.1840626585632101,0.7294670154893373,0.17532210657835962,0.2978723404255319,0.3091787439613527,0.27342995169082124
conventional_plus_centrality,42,2,4,0.01076699799978087,0.2312173567869867,1.0746994387735225,0.6502507846198633,0.04158985167975672,0.4,0.33888888888888885,0.2893450635386119
conventional_plus_centrality,42,3,4,0.011072510000303737,0.21819796647825984,1.0319199564096917,0.6200705111730674,0.16732937684551832,0.559322033898305,0.3333333333333333,0.24175824175824176
conventional_plus_centrality,42,4,4,0.01225549900027545,0.2156056773069641,1.0167409953277335,0.6083370836137015,0.15437480379009785,0.5853658536585366,0.4474747474747474,0.43738133211817426
conventional_plus_centrality,42,1,6,0.010642823000125645,0.26888610126147905,1.1921602279354067,0.7356470181514495,0.18111003366694958,0.3404255319148936,0.2717391304347826,0.2658276125095347
conventional_plus_centrality,42,2,6,0.0167463630000384,0.24337377045530345,1.1153312113326452,0.6779555860557825,0.05589025840081514,0.4,0.32230769230769235,0.3081035923141186
conventional_plus_centrality,42,3,6,0.01427679199969134,0.21986440344094654,1.0325115932052622,0.6203992258068073,0.10908965350460176,0.5423728813559322,0.3409090909090909,0.27651515151515155
conventional_plus_centrality,42,4,6,0.018001206000008096,0.216149958662374,1.0163383682429659,0.6087302625823118,0.11701133953359152,0.5609756097560976,0.4505050505050505,0.4603174603174603
conventional_plus_centrality,42,1,8,0.016052069000124902,0.2947163572021444,1.2615130207399126,0.7866752986223046,0.2834880623090221,0.2765957446808511,0.22826086956521738,0.2265213909860444
conventional_plus_centrality,42,2,8,0.0244057109998721,0.24583881321752862,1.116953998672673,0.6804886440656042,0.09541975304904057,0.38,0.29452991452991456,0.28215488215488216
conventional_plus_centrality,42,3,8,0.0237886489999255,0.21823372217755652,1.0281369108076597,0.6168858005406092,0.10027648216857211,0.5423728813559322,0.3409090909090909,0.27651515151515155
conventional_plus_centrality,42,4,8,0.026874571999996988,0.21333330846141862,1.0110042724634627,0.6041123175906348,0.10472444680550941,0.5609756097560976,0.4505050505050505,0.4603174603174603
conventional_plus_centrality,42,1,10,0.017838001000200165,0.29313837108877755,1.2651704269260322,0.7893954285307775,0.2845147683285113,0.2765957446808511,0.2548309178743961,0.2609171101552818
conventional_plus_centrality,42,2,10,0.03243441999984498,0.24942986819286467,1.1238527130795415,0.6857406564564592,0.10568706453200519,0.38,0.2822222222222222,0.2494623655913978
conventional_plus_centrality,42,3,10,0.023235535999901913,0.21583158214083223,1.0184510080357358,0.6092887037648993,0.10250032416760708,0.5084745762711864,0.4166666666666667,0.39351851851851843
conventional_plus_centrality,42,4,10,0.031166353000116942,0.21579889629994708,1.028317720825067,0.6156670897404791,0.07139538736855437,0.5365853658536586,0.4353535353535354,0.44558250973345315
conventional_plus_centrality,42,1,12,0.019115749999855325,0.29431783033895603,1.26869804486146,0.791684218238099,0.2959248760826422,0.2765957446808511,0.26811594202898553,0.26924635815273107
conventional_plus_centrality,42,2,12,0.04052320700020573,0.2543054721626125,1.1139563641564296,0.6796348248211841,0.09301083588712393,0.4,0.31,0.288058856819468
conventional_plus_centrality,42,3,12,0.03394700600028955,0.20786704054418706,0.9939166561991272,0.5910230595992052,0.08701319409537961,0.4915254237288136,0.4065656565656566,0.3854166666666667
conventional_plus_centrality,42,4,12,0.046887169999990874,0.20858081716264282,1.007496245269625,0.6000268587515148,0.0718543166328548,0.5365853658536586,0.4572390572390572,0.4590849673202615
conventional_plus_centrality,42,1,16,0.024315828999988298,0.29468011363295976,1.2748489692511997,0.7964073057542268,0.2995211400849778,0.2765957446808511,0.24154589371980675,0.23618538324420676
conventional_plus_centrality,42,2,16,0.04853839199995491,0.2482123367207454,1.1138794230677167,0.6787459526342022,0.10650337116784567,0.4,0.32230769230769235,0.3111111111111111
conventional_plus_centrality,42,3,16,0.04539470899999287,0.21510355605445095,1.014314434233541,0.6071290309335139,0.019077931702299523,0.4915254237288136,0.3928571428571428,0.3812710640346653
conventional_plus_centrality,42,4,16,0.06409646599968255,0.21645053921028162,1.0437853903685221,0.6266432677616338,0.06480265682853846,0.4878048780487805,0.36127946127946126,0.3476621417797889
conventional_plus_centrality,42,1,20,0.03326486700007081,0.28693170241702903,1.253572373506519,0.7809104833223653,0.278244544340297,0.2978723404255319,0.2427536231884058,0.2396884995132805
conventional_plus_centrality,42,2,20,0.07746909200022856,0.2634891306331212,1.1914622779199582,0.7360719648541004,0.20585184002217627,0.32,0.26897435897435895,0.2579448621553884
conventional_plus_centrality,42,3,20,0.0707535739998093,0.21514282328812961,1.0138585094094568,0.606391385706739,0.03782766696311181,0.5254237288135594,0.4033189033189033,0.40465931770279595
conventional_plus_centrality,42,4,20,0.10056482199979655,0.22813874745755003,1.0744500491818785,0.6501008497254542,0.08060131930764125,0.4634146341463415,0.3461279461279461,0.3398692810457516
conventional_plus_possession_flow,42,1,2,0.005733288000101311,0.23296798912451597,1.0811909137648963,0.6575664702554532,0.060478021015293815,0.40425531914893614,0.43478260869565216,0.30583333333333335
conventional_plus_possession_flow,42,2,2,0.00634088199967664,0.22385237895406138,1.0582252555731073,0.6379869449242167,0.13785045882279454,0.5,0.3333333333333333,0.22522522522522523
conventional_plus_possession_flow,42,3,2,0.006826528999681614,0.2126113342427924,1.016737912610777,0.6084107362787516,0.16994652382611655,0.559322033898305,0.3333333333333333,0.23913043478260868
conventional_plus_possession_flow,42,4,2,0.007156216000112181,0.2139625095814847,1.0250651702734537,0.6144940369179804,0.151208117101097,0.5365853658536586,0.3333333333333333,0.2328042328042328
conventional_plus_possession_flow,42,1,4,0.00912746199992398,0.24319740485466315,1.1044436788426544,0.675353159588303,0.1768956302061544,0.3617021276595745,0.3792270531400967,0.27614379084967317
conventional_plus_possession_flow,42,2,4,0.010083632000259968,0.22766862553009448,1.0629518603038481,0.6430041297786208,0.05443868674765256,0.44,0.3960683760683761,0.3911273911273911
conventional_plus_possession_flow,42,3,4,0.011780408000049647,0.21467061780807808,1.0187043749668068,0.6105650288676348,0.1360364846686399,0.559322033898305,0.42352092352092346,0.41988141988141986
conventional_plus_possession_flow,42,4,4,0.012082272000043304,0.24335407330155465,1.109551819142069,0.6738755378374889,0.20578583372755588,0.36585365853658536,0.22727272727272727,0.18867924528301885
conventional_plus_possession_flow,42,1,6,0.013569409999945492,0.2559069958677567,1.1380972805652403,0.6984694114424131,0.19815865936757338,0.3191489361702128,0.33695652173913043,0.2826086956521739
conventional_plus_possession_flow,42,2,6,0.01473738400000002,0.21408153608876418,1.0378282952668743,0.6235261467774511,0.08752512251962301,0.5,0.4794017094017094,0.4752118890049924
conventional_plus_possession_flow,42,3,6,0.01587015999984942,0.21263227222682182,1.0098999066387329,0.603714584572069,0.11948151943562325,0.559322033898305,0.43722943722943725,0.4338624338624338
conventional_plus_possession_flow,42,4,6,0.018266998999934003,0.23111688846191036,1.0677215633399115,0.646669406926239,0.12553053702318678,0.3902439024390244,0.3151515151515151,0.29719689294157375
conventional_plus_possession_flow,42,1,8,0.01845611499993538,0.27263721085308357,1.2141364177928005,0.7479057429085134,0.23924003289733878,0.3191489361702128,0.3103864734299517,0.2579652823555263
conventional_plus_possession_flow,42,2,8,0.03315695200035407,0.2175608490966698,1.0527522236103593,0.6331481302326408,0.1066647532240152,0.48,0.45162393162393166,0.44981213097155126
conventional_plus_possession_flow,42,3,8,0.019411998000123276,0.21926034707020592,1.04664693242829,0.6297790126853101,0.12661505206979012,0.5254237288135594,0.3759018759018759,0.36581132233306146
conventional_plus_possession_flow,42,4,8,0.023584140999901138,0.22379450967523973,1.0661753696169054,0.6452762661494233,0.03339875823255325,0.4146341463414634,0.34848484848484845,0.31393298059964725
conventional_plus_possession_flow,42,1,10,0.02207963099999688,0.27463306779177454,1.2169082277347552,0.7527687120530181,0.25391600427740835,0.2978723404255319,0.2958937198067633,0.23947368421052628
conventional_plus_possession_flow,42,2,10,0.03111622799997349,0.23629583336038074,1.1153132386295939,0.6796330032041358,0.15723349348429447,0.36,0.3427350427350427,0.333880742913001
conventional_plus_possession_flow,42,3,10,0.028182747999835556,0.22172565583270826,1.066700670016713,0.643464635324924,0.09916739381849725,0.5084745762711864,0.3658008658008658,0.3576998050682261
conventional_plus_possession_flow,42,4,10,0.036240071000065655,0.21952796397025431,1.0573510706391174,0.640249477552995,0.04514468631684361,0.43902439024390244,0.40740740740740744,0.39567901234567904
conventional_plus_possession_flow,42,1,12,0.029919682000127068,0.27288567443090195,1.224127390527113,0.7548517207147863,0.23998934387199625,0.3191489361702128,0.2971014492753623,0.2604588394062078
conventional_plus_possession_flow,42,2,12,0.03194096900006116,0.2217755712198494,1.0732201838341608,0.6486395921104462,0.08975415865923965,0.44,0.3960683760683761,0.39285714285714285
conventional_plus_possession_flow,42,3,12,0.032862223999927664,0.22554395995955265,1.0756994444199277,0.6506173870067818,0.052538168665550236,0.4576271186440678,0.3943001443001443,0.392977392977393
conventional_plus_possession_flow,42,4,12,0.05029012300019531,0.25018391318963895,1.1749017405518913,0.7225045121962719,0.17669114677691583,0.36585365853658536,0.3074074074074074,0.30902051877661635
conventional_plus_possession_flow,42,1,16,0.03962468300005639,0.263360530488689,1.1883455182982008,0.7321428536781437,0.20959836548005134,0.3404255319148936,0.32487922705314015,0.3001949317738791
conventional_plus_possession_flow,42,2,16,0.040415037000002485,0.2286924556220435,1.1218863740635756,0.6835864394180543,0.14699567907554525,0.4,0.3694017094017094,0.3691319323503231
conventional_plus_possession_flow,42,3,16,0.04717519899986655,0.23657299241964638,1.120316273971956,0.6820906083210562,0.09108166804346363,0.423728813559322,0.3152958152958153,0.31195721336566407
conventional_plus_possession_flow,42,4,16,0.06666174699967087,0.2541302580000656,1.186543487874066,0.7282977001806376,0.21324752588660512,0.34146341463414637,0.29225589225589227,0.29365079365079366
conventional_plus_possession_flow,42,1,20,0.05159049799976856,0.27472247311803605,1.235698487937261,0.7586236188731516,0.2432701784272539,0.3191489361702128,0.3103864734299517,0.2570175438596491
conventional_plus_possession_flow,42,2,20,0.04688506000002235,0.23361162997623577,1.1204247374246956,0.6830909668295152,0.13852660635420616,0.42,0.3971794871794872,0.39207459207459205
conventional_plus_possession_flow,42,3,20,0.06552064000015889,0.23403360845097143,1.1264438407984319,0.6859028521292135,0.14189514642168088,0.4576271186440678,0.36688311688311687,0.3682200152788388
conventional_plus_possession_flow,42,4,20,0.08718311600023299,0.22960763825007435,1.1094651187563775,0.6732545323123523,0.11085536599638383,0.4146341463414634,0.4323232323232323,0.4105137395459976
conventional_plus_leakage_recovery_switching,114,1,2,0.006923311999798898,0.2159157314520565,1.0585811619943923,0.6383302563860146,0.17386458175681438,0.40425531914893614,0.34178743961352653,0.3505175983436853
conventional_plus_leakage_recovery_switching,114,2,2,0.00798103799979799,0.22471300922533943,1.0440780801455152,0.6270126786719443,0.1336050138923046,0.46,0.3682051282051282,0.3191919191919192
conventional_plus_leakage_recovery_switching,114,3,2,0.010225868999896193,0.21929334121559213,1.0310372386875744,0.6189832596113228,0.10229855829977566,0.4915254237288136,0.41630591630591635,0.3546747967479675
conventional_plus_leakage_recovery_switching,114,4,2,0.00994481799989444,0.20342628377330724,0.9986885094782563,0.5953516917025579,0.16157927108638467,0.4878048780487805,0.45959595959595956,0.47008547008547014
conventional_plus_leakage_recovery_switching,114,1,4,0.010268449000250257,0.22231498944920194,1.0557580153585455,0.6373313511418955,0.10448495268926943,0.48936170212765956,0.426328502415459,0.4168421052631579
conventional_plus_leakage_recovery_switching,114,2,4,0.01200404700011859,0.2398560036483753,1.10160315400782,0.6687251438618723,0.12426711038121553,0.42,0.3500854700854701,0.34078037904124864
conventional_plus_leakage_recovery_switching,114,3,4,0.017165159999876778,0.21716356000575723,1.0344927053036976,0.6186652110232074,0.10847511807276747,0.4576271186440678,0.34920634920634913,0.3477313630766316
conventional_plus_leakage_recovery_switching,114,4,4,0.017272303000027023,0.1891145389783191,0.9521933861086982,0.5622227489335773,0.1873806819249569,0.6341463414634146,0.5542087542087543,0.5727794663964877
conventional_plus_leakage_recovery_switching,114,1,6,0.012605989999883604,0.21756337863021072,1.0516104990261428,0.6324883143564344,0.08417931029300173,0.44680851063829785,0.39734299516908217,0.38901660280970624
conventional_plus_leakage_recovery_switching,114,2,6,0.01509507399987342,0.23921567533007063,1.0986917223260138,0.6664972262859676,0.1038183931123277,0.4,0.3346153846153846,0.3327450980392157
conventional_plus_leakage_recovery_switching,114,3,6,0.023373454000193306,0.21746264281263977,1.032700558698867,0.6200732920678135,0.14260609232574123,0.4915254237288136,0.42424242424242425,0.41203703703703703
conventional_plus_leakage_recovery_switching,114,4,6,0.022664985000119486,0.19307729446361033,0.9567056695954788,0.5661991513326822,0.17503265079033897,0.6341463414634146,0.5542087542087543,0.5623366927958193
conventional_plus_leakage_recovery_switching,114,1,8,0.014203349000126764,0.22595962003345754,1.0756757910973394,0.6520090348546326,0.11303190228433863,0.425531914893617,0.40942028985507245,0.40012615643397814
conventional_plus_leakage_recovery_switching,114,2,8,0.020681400999819743,0.24965154031993186,1.1274756088769897,0.6856795005809836,0.12204668676222248,0.4,0.29128205128205126,0.2493827160493827
conventional_plus_leakage_recovery_switching,114,3,8,0.03245414599996366,0.21595465989858825,1.0355227960604072,0.6227062459270957,0.17019255498676072,0.4745762711864407,0.4004329004329004,0.3925925925925926
conventional_plus_leakage_recovery_switching,114,4,8,0.03030363000016223,0.19217713285240728,0.9554594348897051,0.5643294022166432,0.190410555973815,0.6341463414634146,0.557912457912458,0.5581513929448848
conventional_plus_leakage_recovery_switching,114,1,10,0.016334434000327747,0.2498318566795375,1.1684659905277957,0.7189231935949197,0.19313816136157358,0.3829787234042553,0.3538647342995169,0.33138401559454195
conventional_plus_leakage_recovery_switching,114,2,10,0.02647875999991811,0.26034373800501287,1.150061842583365,0.7028699419916099,0.15869599546220026,0.38,0.2923931623931624,0.2765174561784731
conventional_plus_leakage_recovery_switching,114,3,10,0.04305640999973548,0.22339039125284885,1.0689417793697198,0.6454773973132614,0.14563274108186836,0.4745762711864407,0.38672438672438675,0.38304334554334557
conventional_plus_leakage_recovery_switching,114,4,10,0.03918397999996159,0.1964837512285013,0.9557360458967742,0.564570315244268,0.18190566572851144,0.6341463414634146,0.557912457912458,0.5601851851851852
conventional_plus_leakage_recovery_switching,114,1,12,0.020188924000194675,0.21108980059988394,1.0408064160597104,0.6259422590037511,0.06547858689348851,0.5106382978723404,0.4408212560386473,0.4297433398310591
conventional_plus_leakage_recovery_switching,114,2,12,0.030982352999672003,0.2625441385064412,1.1747915687754888,0.7217562975640253,0.19600856333629146,0.34,0.238974358974359,0.20745762711864404
conventional_plus_leakage_recovery_switching,114,3,12,0.052731640999809315,0.21860334985666935,1.0485009382579429,0.6303028940877894,0.18203793879396338,0.4745762711864407,0.3593073593073593,0.3575352846452591
conventional_plus_leakage_recovery_switching,114,4,12,0.049603545000081795,0.19739703682213205,0.9576695120885188,0.5662950346965561,0.14690198700867135,0.6341463414634146,0.557912457912458,0.5601851851851852
conventional_plus_leakage_recovery_switching,114,1,16,0.03242656500015073,0.2329241441529538,1.1259127990384339,0.6879295487311967,0.15058496987221187,0.425531914893617,0.3828502415458937,0.37721698591263814
conventional_plus_leakage_recovery_switching,114,2,16,0.041062203000365116,0.2669179974758074,1.1865263626591385,0.7304601370032188,0.21321155082255627,0.34,0.238974358974359,0.20555555555555557
conventional_plus_leakage_recovery_switching,114,3,16,0.07998934700026439,0.2148157025809692,1.035706475811638,0.6216465388848954,0.12190496215471747,0.5084745762711864,0.4108946608946609,0.41105033837026045
conventional_plus_leakage_recovery_switching,114,4,16,0.07033026399994924,0.1927060909212751,0.9415661197551936,0.5544016777500518,0.15351410285449063,0.6585365853658537,0.5730639730639732,0.5770219198790628
conventional_plus_leakage_recovery_switching,114,1,20,0.04922295200003646,0.23292414415295382,1.1046362032937531,0.6724327262993355,0.12930837412753104,0.44680851063829785,0.3973429951690821,0.3973273103707886
conventional_plus_leakage_recovery_switching,114,2,20,0.04765806000023076,0.2632129074518699,1.171444713932051,0.7210927487353803,0.1961168847658291,0.38,0.27794871794871795,0.24302134646962234
conventional_plus_leakage_recovery_switching,114,3,20,0.10743902800004435,0.21887757001092398,1.0811075254646612,0.6482269531284653,0.130173184772392,0.4745762711864407,0.36327561327561325,0.35933747412008277
conventional_plus_leakage_recovery_switching,114,4,20,0.09209707399986655,0.19800420809731434,0.9872689287953887,0.5866842278451112,0.09658092752405312,0.5853658536585366,0.5094276094276095,0.5046296296296297
conventional_plus_all_network,186,1,2,0.006382148999819037,0.21112184596011424,1.031724618131119,0.6196146509692727,0.1708355419225173,0.46808510638297873,0.41183574879227053,0.4141762452107279
conventional_plus_all_network,186,2,2,0.007938852999814117,0.2254459320015911,1.0513030192039037,0.6321412457438508,0.11079439660862664,0.46,0.38051282051282054,0.32752360203340597
conventional_plus_all_network,186,3,2,0.010577514000033261,0.21929334121559213,1.0310372386875744,0.6189832596113228,0.10229855829977566,0.4915254237288136,0.41630591630591635,0.3546747967479675
conventional_plus_all_network,186,4,2,0.011602232000313961,0.20342628377330724,0.9986885094782563,0.5953516917025579,0.16157927108638467,0.4878048780487805,0.45959595959595956,0.47008547008547014
conventional_plus_all_network,186,1,4,0.009402649000094243,0.22421934593057322,1.0730713384690922,0.6499582038897475,0.045888042302114296,0.44680851063829785,0.38405797101449274,0.3673744801564351
conventional_plus_all_network,186,2,4,0.01264598300031139,0.241479795024266,1.1056333405445147,0.6712198591767425,0.1620685104624992,0.44,0.34897435897435897,0.3411976911976912
conventional_plus_all_network,186,3,4,0.020256235000033485,0.22030878085155417,1.0326755510993306,0.6201273696344862,0.0887421164777986,0.5423728813559322,0.38600288600288596,0.37298374140479407
conventional_plus_all_network,186,4,4,0.020408559999850695,0.2125803514363821,1.0274064192149517,0.6140076216569569,0.10962493427957012,0.4878048780487805,0.4414141414141414,0.45754985754985755
conventional_plus_all_network,186,1,6,0.013227258999904734,0.22449113060298756,1.0705274289121107,0.6467943646623795,0.11105379668152165,0.425531914893617,0.3961352657004831,0.38174543635908975
conventional_plus_all_network,186,2,6,0.017912370999965788,0.2330889413949833,1.0587258607323558,0.6376859632690945,0.034005638692173434,0.46,0.4056410256410256,0.385022385022385
conventional_plus_all_network,186,3,6,0.02948911199973736,0.226088741124774,1.0648074528782796,0.6426989255549681,0.0587198377456814,0.4915254237288136,0.32431457431457433,0.2953703703703704
conventional_plus_all_network,186,4,6,0.029455326000061177,0.21569332403004887,1.0291621343116144,0.6170733730340153,0.050328930979713006,0.4878048780487805,0.45959595959595956,0.45436507936507936
conventional_plus_all_network,186,1,8,0.015391207999982726,0.2253884176365632,1.0549748074373186,0.6373231047024773,0.08928222707937612,0.46808510638297873,0.4384057971014492,0.4305236270753512
conventional_plus_all_network,186,2,8,0.024108452999826113,0.24399454431093942,1.0969527650327615,0.6635622543401257,0.09004305491452466,0.42,0.3211965811965812,0.3037257913918256
conventional_plus_all_network,186,3,8,0.04022770900019168,0.22963373433376144,1.0837442429617972,0.655028449866343,0.05665488994977997,0.4576271186440678,0.3452380952380952,0.337847742795269
conventional_plus_all_network,186,4,8,0.040137518999927124,0.21343952254846388,1.0194074168363816,0.6105406733098797,0.06707843996272497,0.5121951219512195,0.4966329966329966,0.4908735852064403
conventional_plus_all_network,186,1,10,0.018114574999799515,0.2343350342476761,1.0833596075490721,0.656935903867474,0.10803177838285016,0.46808510638297873,0.42512077294685996,0.4231042373550067
conventional_plus_all_network,186,2,10,0.030814704000022175,0.24455993284845207,1.1088815837454575,0.6733332415551869,0.10305887131709886,0.42,0.3335042735042735,0.32413548404705367
conventional_plus_all_network,186,3,10,0.05212265499994828,0.23318632266796108,1.0969007425232793,0.6642718418329955,0.07632105402738028,0.4406779661016949,0.3214285714285714,0.3169374908505343
conventional_plus_all_network,186,4,10,0.05020274900016375,0.21480305552723902,1.0301448804168074,0.6194714848084101,0.10656047513217026,0.5121951219512195,0.4966329966329966,0.4951219512195122
conventional_plus_all_network,186,1,12,0.02118025999970996,0.2404412351214447,1.1259127990384339,0.6879295487311967,0.15058496987221187,0.425531914893617,0.3695652173913044,0.3486026594545864
conventional_plus_all_network,186,2,12,0.038244851999934326,0.2379152577196196,1.0803849610987981,0.6508287190488731,0.06715292193184215,0.46,0.37461538461538463,0.36875522138680034
conventional_plus_all_network,186,3,12,0.06467872499979421,0.23450257301208072,1.097512943458735,0.6655814727055155,0.06577915260334588,0.4406779661016949,0.3214285714285714,0.3169374908505343
conventional_plus_all_network,186,4,12,0.06356378899999982,0.22029241435666932,1.0663986790171454,0.6453094228324711,0.08701955946984327,0.4878048780487805,0.4451178451178451,0.4545454545454546
conventional_plus_all_network,186,1,16,0.027370088000225223,0.221891312252699,1.0833596075490721,0.6569359038674739,0.10803177838285016,0.46808510638297873,0.39855072463768115,0.3781809019904258
conventional_plus_all_network,186,2,16,0.05437660600000527,0.24329310516142852,1.0815955052683865,0.6546591547731027,0.10247590055373283,0.44,0.3612820512820513,0.36117252108409076
conventional_plus_all_network,186,3,16,0.09713813100006519,0.23960232063206552,1.1253427910181637,0.6834481762447089,0.08501640371270723,0.4406779661016949,0.3214285714285714,0.31674991674991676
conventional_plus_all_network,186,4,16,0.08211496700005227,0.22872100342232557,1.1049222608467555,0.6708780827286689,0.07676164821190123,0.43902439024390244,0.4148148148148148,0.4184224414403442
conventional_plus_all_network,186,1,20,0.055756848999862996,0.2204804221579767,1.0620830118043914,0.6414390814356126,0.08675518263816934,0.48936170212765956,0.4396135265700483,0.43620918089003197
conventional_plus_all_network,186,2,20,0.06841575899989039,0.25777526175701804,1.1450377132677976,0.7016847075871988,0.17115470451546982,0.4,0.2934188034188034,0.2689435336976321
conventional_plus_all_network,186,3,20,0.12451844499992148,0.2419497021647712,1.1331743545597337,0.6901217771026271,0.13928679888894702,0.4067796610169492,0.30122655122655123,0.2991380126929999
conventional_plus_all_network,186,4,20,0.10623447799980568,0.22809203868183597,1.103808998034793,0.6697511727457384,0.0803666943793298,0.43902439024390244,0.4148148148148148,0.4184224414403442
