feature_set,n_features,fold,max_rules,fit_seconds,mae,rmse,correlation
conventional_only,6,1,2,0.002602348999971582,2.104559270516717,2.616502954647752,-0.17751322932162963
conventional_only,6,2,2,0.0027127149996886146,1.5902639296187684,2.1920623975417746,-0.10879397024221728
conventional_only,6,3,2,0.002776686000288464,1.4032059042652265,1.7822201256973156,0.5573580266486973
conventional_only,6,4,2,0.003164084999298211,1.1922657137072994,1.6905674243276407,0.4910900641822992
conventional_only,6,1,4,0.009821705999456753,2.903191489361702,3.366836067643178,-0.041294633166036925
conventional_only,6,2,4,0.006051839999599906,1.7968632775514193,2.317072901470012,-0.15565661626743615
conventional_only,6,3,4,0.006714524999551941,1.3883643793053497,1.7665925457424922,0.5451524186487404
conventional_only,6,4,4,0.006326617000013357,1.2492559894924102,1.7312257277807015,0.4536713628741606
conventional_only,6,1,6,0.007753907999358489,2.9202127659574466,3.4084835407085836,-0.01586722943190267
conventional_only,6,2,6,0.009567678999701457,1.8678171721559342,2.4091536914527016,-0.17255882506458656
conventional_only,6,3,6,0.009764630999598012,1.4358042291916726,1.7980781838662154,0.3671308331631122
conventional_only,6,4,6,0.009965891999854648,1.2296798907838702,1.7205888482167433,0.4572084244533719
conventional_only,6,1,8,0.012336614999185258,2.9462849374196893,3.4331405510370328,-0.05280834064274706
conventional_only,6,2,8,0.015326299999287585,1.8839894613818393,2.3738119013413868,-0.10297687845850276
conventional_only,6,3,8,0.015482369999517687,1.4900757580394726,1.8273654926956884,0.29449507053943785
conventional_only,6,4,8,0.01618223399964336,1.2578794286111359,1.7036339381283905,0.47502879712743956
conventional_only,6,1,10,0.01763311199920281,2.9462849374196893,3.4331405510370328,-0.052808340642747094
conventional_only,6,2,10,0.020923693999975512,2.0606094686411414,2.538570368560854,-0.1355583611332117
conventional_only,6,3,10,0.020006849000310467,1.484922718988128,1.8273879982181107,0.29448154172769836
conventional_only,6,4,10,0.021825736000209872,1.3510001290489095,1.7413137598909731,0.4362080204515196
conventional_only,6,1,12,0.023634111000319535,2.9462849374196893,3.4331405510370328,-0.052808340642747094
conventional_only,6,2,12,0.02798830400024599,2.1946124062981847,2.720663161124349,-0.13094777039721023
conventional_only,6,3,12,0.025716301999636926,1.463130951433649,1.818982192788362,0.312058254049125
conventional_only,6,4,12,0.029882672999519855,1.4709188282359016,1.860451572663974,0.37241040451150625
conventional_only,6,1,16,0.101716629999828,3.1938694013162094,3.6796511147502837,-0.14579985354365996
conventional_only,6,2,16,0.04582871700040414,2.2375138056434967,2.6819978998004297,-0.163467624346388
conventional_only,6,3,16,0.03829182700064848,1.4297976181003156,1.7452817773288822,0.41879013376851026
conventional_only,6,4,16,0.04471646799993323,1.6520209059233448,1.9987733628481228,0.35181763641805763
conventional_only,6,1,20,0.04518411600020045,3.1034475176516154,3.608056721945044,-0.11319756955787179
conventional_only,6,2,20,0.05693062199952692,2.184843530721214,2.6477977437073252,-0.1516929745371354
conventional_only,6,3,20,0.055386241999258345,1.4988587287427608,1.8022367843501752,0.40054616425918144
conventional_only,6,4,20,0.06129360600061773,1.7241076267905535,2.0894874127382166,0.37441477721260097
network_only,180,1,2,0.0034725069999694824,1.6068965517241378,2.011438688398613,0.2751126258162347
network_only,180,2,2,0.005121920999954455,1.538333333333333,1.950436790660609,0.24306425336225668
network_only,180,3,2,0.008193287999347376,1.453376711969355,1.88242679634766,0.3123216209206123
network_only,180,4,2,0.010800592999657965,1.4914380940479104,1.847365407070934,0.33096682563637253
network_only,180,1,4,0.007332451999900513,1.737662337662338,2.1497387387559463,0.14929880736098208
network_only,180,2,4,0.010994647999723384,1.568583569518183,1.9733127177092715,0.28005748182632656
network_only,180,3,4,0.01686356899972452,1.4721585548261866,1.8505354928058055,0.3172873813245741
network_only,180,4,4,0.017985158000556112,1.3058885017421604,1.6921460745105117,0.5020210079962175
network_only,180,1,6,0.013828872999511077,1.7268423725604576,2.170400931936297,0.17860790559618422
network_only,180,2,6,0.018651917999704892,1.5886795865079923,1.8606799143904562,0.3224102595291238
network_only,180,3,6,0.02794910800002981,1.5597038867556132,1.9870651691177115,0.23320005789818682
network_only,180,4,6,0.028582887999618833,1.3475392387746576,1.7105874552400637,0.48911249236495336
network_only,180,1,8,0.021305217999724846,1.8349374844661694,2.2798794768486528,0.14222618722505323
network_only,180,2,8,0.027385293999941496,1.4827320967188866,1.8363756669578202,0.40552549269525384
network_only,180,3,8,0.0383267959996374,1.8294112472113577,2.307201625540971,0.11191878922868738
network_only,180,4,8,0.04151529400041909,1.4020351244529399,1.7828450572201024,0.45612694882329435
network_only,180,1,10,0.024964311000076123,1.8147347813238772,2.2990943069206917,0.250087734122299
network_only,180,2,10,0.03853838400027598,1.5231897119610298,1.8618523037518766,0.3937226639033923
network_only,180,3,10,0.049021777999769256,1.877219920251232,2.300070114025638,0.09886482095665029
network_only,180,4,10,0.0562361089996557,1.4767291619156349,1.8421875646372317,0.41281228621232274
network_only,180,1,12,0.04291328799990879,1.7118166761027067,2.204671261386907,0.11202749984811732
network_only,180,2,12,0.052177675000166346,1.638420668012518,1.9279030353347832,0.3336728088808965
network_only,180,3,12,0.08280717399975401,1.5959289630317752,1.8860875467542715,0.31696986488116446
network_only,180,4,12,0.07368572899940773,1.4718526694377836,1.8653680734200746,0.40711424685136377
network_only,180,1,16,0.05696487199929834,1.9488464983115332,2.4349662662647606,0.18801287013655368
network_only,180,2,16,0.08033068500026275,1.5405635615527595,1.8649559373754978,0.4027904662986558
network_only,180,3,16,0.12284888900012447,1.6030841128626494,1.952593448722571,0.2900074596925622
network_only,180,4,16,0.11369719699996494,1.5315154619520885,1.9716077679771498,0.37886818374821646
network_only,180,1,20,0.09207001800041326,1.823343095942628,2.2889227358614805,0.130817660403457
network_only,180,2,20,0.11021008499938034,1.682520673556907,1.9795351992726777,0.34484694360315143
network_only,180,3,20,0.11763377799979935,2.2003257803632272,2.6683427337075876,-0.02155349174677292
network_only,180,4,20,0.15202470499934861,1.7180453659801738,2.1813671845043228,0.273560823128529
conventional_plus_centrality,42,1,2,0.0026672170006349916,1.5503162737205292,2.00178649831532,5.588769870800182e-17
conventional_plus_centrality,42,2,2,0.0031716200001028483,1.7390934065934067,2.2426595449647326,-0.16621758981522997
conventional_plus_centrality,42,3,2,0.0037007430000812747,1.445979884255608,1.8736616512208035,0.36235083546752084
conventional_plus_centrality,42,4,2,0.004283657999621937,1.3833356830678134,1.829871492946436,0.35948370686775594
conventional_plus_centrality,42,1,4,0.005678350000380306,1.6241134751773048,2.03009940403719,0.07002562604431849
conventional_plus_centrality,42,2,4,0.006995927999923879,1.5092982456140347,1.8788963312314302,0.14824941783468407
conventional_plus_centrality,42,3,4,0.0076395849991968134,1.5111423466544274,1.9457685310970432,0.2101556675700136
conventional_plus_centrality,42,4,4,0.00873912399947585,1.3002965088474414,1.7727696857912283,0.42845589099303216
conventional_plus_centrality,42,1,6,0.009758342999703018,1.8069637039167306,2.2313889180060875,0.07797367363859432
conventional_plus_centrality,42,2,6,0.011957101000007242,1.713942652329749,2.1853639286186284,0.08467584564565439
conventional_plus_centrality,42,3,6,0.01305259700075112,1.6919699415462128,2.107008084384084,0.1118704323610377
conventional_plus_centrality,42,4,6,0.01623035099964909,1.3580503966694648,1.8026105786571642,0.3803641247142366
conventional_plus_centrality,42,1,8,0.014950133000638743,1.6976552426886684,2.1244389554076117,0.2697960872943343
conventional_plus_centrality,42,2,8,0.018804942999850027,1.6969281045751634,2.269936969411774,0.004792274909726316
conventional_plus_centrality,42,3,8,0.019382801000574545,1.6081187174407514,2.07959219424387,0.1899923639731704
conventional_plus_centrality,42,4,8,0.022423920000619546,1.3248323167284237,1.7773657581314062,0.4090238809127756
conventional_plus_centrality,42,1,10,0.020311332000346738,1.8765554381300145,2.376696123733332,0.2274906782880471
conventional_plus_centrality,42,2,10,0.024979348999295325,1.8124747474747473,2.3937244980903465,-0.023101230571140784
conventional_plus_centrality,42,3,10,0.028061988999979803,1.8173980776542409,2.2925870280732807,0.038462287703687044
conventional_plus_centrality,42,4,10,0.032021818999965035,1.2721113777070046,1.6759934297499843,0.49371735601994016
conventional_plus_centrality,42,1,12,0.027892943999177078,1.8917374321054554,2.3758647833806927,0.2695108838765735
conventional_plus_centrality,42,2,12,0.03415792699979647,1.5958011134345882,2.0767327364197183,0.27536288587494334
conventional_plus_centrality,42,3,12,0.03819420999934664,2.0001382351170487,2.5252999882673643,0.10486015248407458
conventional_plus_centrality,42,4,12,0.04069576299934852,1.3518257790881407,1.7997255925756857,0.41047679936001424
conventional_plus_centrality,42,1,16,0.0418665780007359,1.8794668204131026,2.42022806536808,0.2466845615642327
conventional_plus_centrality,42,2,16,0.049874602000272716,2.005552207159312,2.5877685684782934,0.04947936849875704
conventional_plus_centrality,42,3,16,0.055615385999772116,1.9983222269738488,2.4626866453458947,0.06955417486652778
conventional_plus_centrality,42,4,16,0.06711547800023254,1.2371442043397674,1.7276282337806652,0.47821156598469605
conventional_plus_centrality,42,1,20,0.0640371330000562,2.024034416457092,2.5859009006715183,0.19622154557218527
conventional_plus_centrality,42,2,20,0.07210600399957912,1.88184315497076,2.407090240492575,0.19878830854508664
conventional_plus_centrality,42,3,20,0.0800689190000412,2.0749765269016485,2.572235993743528,0.08703172654837092
conventional_plus_centrality,42,4,20,0.09173807099978148,1.2964544457279115,1.7564377551419779,0.4665780869579938
conventional_plus_possession_flow,42,1,2,0.0025328089996037306,1.6912390488110136,2.1322609707842988,0.10891914984188274
conventional_plus_possession_flow,42,2,2,0.0029561769997599185,1.3965,1.7645714777248327,0.26880173186651835
conventional_plus_possession_flow,42,3,2,0.0034369940003671218,1.4280461449182558,1.8237716697016837,0.3854518615244867
conventional_plus_possession_flow,42,4,2,0.003957781999815779,1.384076254555649,1.7523195249842325,0.4513405371256339
conventional_plus_possession_flow,42,1,4,0.006267436999223719,1.8973292508492758,2.265347992923832,0.18841863291156496
conventional_plus_possession_flow,42,2,4,0.006310985999334662,1.4706666666666666,2.0183736271477173,0.19151077501171226
conventional_plus_possession_flow,42,3,4,0.008143994999954884,1.6674984572240812,2.0071382946144873,0.2098604697349764
conventional_plus_possession_flow,42,4,4,0.008092410999779531,1.3659147019723812,1.8901108271359237,0.38823222206049485
conventional_plus_possession_flow,42,1,6,0.010769564000838727,2.0208336400893274,2.4970184415777963,0.1845143996808265
conventional_plus_possession_flow,42,2,6,0.010622386000250117,1.8273333333333335,2.4280740636995253,0.04947206263423579
conventional_plus_possession_flow,42,3,6,0.014053318000151194,1.7053501273749208,1.9974337292214013,0.2700948994511745
conventional_plus_possession_flow,42,4,6,0.013194856999689364,1.3419959357840687,1.912718445931691,0.3796674817869192
conventional_plus_possession_flow,42,1,8,0.016315460999976494,2.033064922791231,2.422442990190335,0.1028808786841199
conventional_plus_possession_flow,42,2,8,0.01605837899933249,1.8262222222222224,2.384424863654811,0.07881693449210939
conventional_plus_possession_flow,42,3,8,0.022968410999965272,1.6537944971011747,2.038214690013036,0.2676844494478097
conventional_plus_possession_flow,42,4,8,0.02081352099958167,1.4436815286292992,2.0362262023876156,0.2793747597480667
conventional_plus_possession_flow,42,1,10,0.02299642700018012,2.10541555114606,2.5184604230377934,0.14822350895906763
conventional_plus_possession_flow,42,2,10,0.02215435299967794,1.8695555555555559,2.5331963900608425,-0.0016363946840575374
conventional_plus_possession_flow,42,3,10,0.029757296999378013,1.7060654269218452,2.0646178348579394,0.284809923221959
conventional_plus_possession_flow,42,4,10,0.029111608999301097,1.5207469064712642,2.062625066593229,0.31011602421063234
conventional_plus_possession_flow,42,1,12,0.029997720000210393,2.048733829252278,2.4670594972502298,0.10471779245557948
conventional_plus_possession_flow,42,2,12,0.0320840260001205,1.9211111111111114,2.5473379956726454,0.04430242340854571
conventional_plus_possession_flow,42,3,12,0.04243028899963974,1.7717124528092973,2.1656642453087134,0.18396261130967773
conventional_plus_possession_flow,42,4,12,0.03881035299946234,1.5394749004615453,2.066442607481458,0.30180618231712875
conventional_plus_possession_flow,42,1,16,0.04890979200081347,2.1606851787380887,2.6846666148353653,0.07096859184613864
conventional_plus_possession_flow,42,2,16,0.04708438199941156,1.974126984126984,2.5680134386159406,0.0798297937910831
conventional_plus_possession_flow,42,3,16,0.06183794299977308,1.83821808889548,2.3479343535894195,0.19697218417315365
conventional_plus_possession_flow,42,4,16,0.06107821699970373,1.6302172197646223,2.197660574794068,0.26560092471301955
conventional_plus_possession_flow,42,1,20,0.07079797300048085,2.1184975678854636,2.523100264717928,0.10855667311130023
conventional_plus_possession_flow,42,2,20,0.06962311000006594,1.873589836309524,2.393167387032859,0.11576409350256779
conventional_plus_possession_flow,42,3,20,0.0886972220005191,1.8230307476485426,2.4235478115892604,0.2271403083524454
conventional_plus_possession_flow,42,4,20,0.0895475079996686,1.837784326984156,2.4318784104913687,0.18949105899683885
conventional_plus_leakage_recovery_switching,114,1,2,0.0031703810000180965,1.6068965517241378,2.011438688398613,0.2751126258162347
conventional_plus_leakage_recovery_switching,114,2,2,0.003965975000028266,1.538333333333333,1.950436790660609,0.24306425336225668
conventional_plus_leakage_recovery_switching,114,3,2,0.005746415999965393,1.453376711969355,1.88242679634766,0.31232162092061233
conventional_plus_leakage_recovery_switching,114,4,2,0.007236169000861992,1.4914380940479104,1.8473654070709338,0.3309668256363726
conventional_plus_leakage_recovery_switching,114,1,4,0.006504223999399983,1.7524730588560378,2.1484795824674525,0.14839666261611834
conventional_plus_leakage_recovery_switching,114,2,4,0.00815456600048492,1.4130275606746197,1.7644837838741891,0.38444956484264
conventional_plus_leakage_recovery_switching,114,3,4,0.013419378000435245,1.4517698218728075,1.8692281529561354,0.26681056691141797
conventional_plus_leakage_recovery_switching,114,4,4,0.012266177000128664,1.3058885017421604,1.6921460745105117,0.5020210079962175
conventional_plus_leakage_recovery_switching,114,1,6,0.011470548999568564,1.9668834405004618,2.4959198011785753,0.12501789632028995
conventional_plus_leakage_recovery_switching,114,2,6,0.01301264199992147,1.6636030636030636,2.0796163879422878,0.1644706620217528
conventional_plus_leakage_recovery_switching,114,3,6,0.022485155999675044,1.6190866640394488,2.0376954861454464,0.11356822202597207
conventional_plus_leakage_recovery_switching,114,4,6,0.02069791800022358,1.3475392387746576,1.7105874552400637,0.48911249236495336
conventional_plus_leakage_recovery_switching,114,1,8,0.017616340999666136,2.0070067243471494,2.523280928595267,0.08584991423913674
conventional_plus_leakage_recovery_switching,114,2,8,0.018458960000316438,1.7738871545121546,2.212716841401839,0.1084204456965253
conventional_plus_leakage_recovery_switching,114,3,8,0.03192899900022894,1.6473787774214064,2.060653368127208,0.11616715534097828
conventional_plus_leakage_recovery_switching,114,4,8,0.030699699000251712,1.4020351244529399,1.7828450572201024,0.4561269488232943
conventional_plus_leakage_recovery_switching,114,1,10,0.023948748000293563,2.2011882524123476,2.645829095864228,0.014704388806664602
conventional_plus_leakage_recovery_switching,114,2,10,0.025945882000087295,1.821106961525065,2.265679684455879,0.10849020247530607
conventional_plus_leakage_recovery_switching,114,3,10,0.036977815999307495,1.7420922214603736,2.130092982768208,0.22232661094010284
conventional_plus_leakage_recovery_switching,114,4,10,0.04221410899936018,1.4277752843710922,1.8009483389733,0.4431024926992286
conventional_plus_leakage_recovery_switching,114,1,12,0.03285558600055083,2.0968734267508284,2.5762872510555375,0.15497110475506654
conventional_plus_leakage_recovery_switching,114,2,12,0.03428433800036146,1.8781094633336013,2.2920818796475992,0.10913350687645497
conventional_plus_leakage_recovery_switching,114,3,12,0.04645054100001289,1.8512381397312916,2.2669680009347695,0.19779012692258005
conventional_plus_leakage_recovery_switching,114,4,12,0.059186758000578266,1.4275927838335998,1.816525882126234,0.45973222344956943
conventional_plus_leakage_recovery_switching,114,1,16,0.0512690579998889,1.842023069385971,2.2111141130250127,0.19799552264940914
conventional_plus_leakage_recovery_switching,114,2,16,0.054052968000178225,1.9511820677976115,2.3382874547167285,0.10827693691816927
conventional_plus_leakage_recovery_switching,114,3,16,0.07609665999916615,1.817623260752929,2.2639413493014184,0.05088312964026766
conventional_plus_leakage_recovery_switching,114,4,16,0.08945872399999644,1.621513566677542,2.0935207004248713,0.32035854190392193
conventional_plus_leakage_recovery_switching,114,1,20,0.0890317250004955,1.8956893743401109,2.344525082530657,0.14381469249212686
conventional_plus_leakage_recovery_switching,114,2,20,0.09029287300018041,1.9944912972830204,2.4148922906109433,0.07940519559679457
conventional_plus_leakage_recovery_switching,114,3,20,0.11285755599965341,1.919167084857719,2.4191359559038865,0.021993821910544623
conventional_plus_leakage_recovery_switching,114,4,20,0.14775369800008775,1.4935783985319482,2.0453748113490273,0.38736776497336206
conventional_plus_all_network,186,1,2,0.0044685780003419495,1.6068965517241378,2.011438688398613,0.2751126258162347
conventional_plus_all_network,186,2,2,0.005440648999865516,1.538333333333333,1.950436790660609,0.24306425336225668
conventional_plus_all_network,186,3,2,0.008792992000053346,1.4550217767749385,1.789651551980446,0.405588627350666
conventional_plus_all_network,186,4,2,0.012326414000199293,1.4914380940479104,1.8473654070709338,0.3309668256363726
conventional_plus_all_network,186,1,4,0.008173181999154622,1.6343188726167452,2.0527617038038666,0.18611772851637914
conventional_plus_all_network,186,2,4,0.013131452999914472,1.568583569518183,1.9733127177092715,0.2800574818263266
conventional_plus_all_network,186,3,4,0.018483302000277035,1.4721585548261866,1.8505354928058055,0.3172873813245741
conventional_plus_all_network,186,4,4,0.020169491000160633,1.3058885017421604,1.6921460745105117,0.5020210079962175
conventional_plus_all_network,186,1,6,0.015522584999416722,2.067237189820777,2.529527497343271,0.03803191553823664
conventional_plus_all_network,186,2,6,0.020485964000727108,1.5886795865079923,1.8606799143904562,0.3224102595291238
conventional_plus_all_network,186,3,6,0.032850911000423366,1.5168463240117542,1.832013796850866,0.37796535994786085
conventional_plus_all_network,186,4,6,0.030140460999973584,1.3475392387746576,1.7105874552400637,0.48911249236495324
conventional_plus_all_network,186,1,8,0.022194476000549912,2.036640158368311,2.510740185142568,0.11666966200433772
conventional_plus_all_network,186,2,8,0.029728427000009106,1.6534555378737934,1.931730446624461,0.2974304172483331
conventional_plus_all_network,186,3,8,0.047132704999967245,1.497131469614953,1.8277027775245018,0.3953044237941772
conventional_plus_all_network,186,4,8,0.04438062200006243,1.4020351244529399,1.7828450572201024,0.4561269488232943
conventional_plus_all_network,186,1,10,0.03191844499997387,1.9947993243541877,2.534524904685764,0.11569780026373681
conventional_plus_all_network,186,2,10,0.04362219099948561,1.712718582044685,2.0097708146421356,0.25199312659238043
conventional_plus_all_network,186,3,10,0.05565626899988274,1.8519257218491976,2.3031608578321063,0.11309631663893498
conventional_plus_all_network,186,4,10,0.06099233599979925,1.4767291619156349,1.8421875646372317,0.4128122862123228
conventional_plus_all_network,186,1,12,0.04263755900046817,2.072748531984937,2.573651579698831,0.09886662632120412
conventional_plus_all_network,186,2,12,0.05050726300032693,1.6812415501754676,1.9714681808825718,0.2862009925390318
conventional_plus_all_network,186,3,12,0.0628996149998784,1.7923155750162911,2.271221179353984,0.15830646741048626
conventional_plus_all_network,186,4,12,0.07429511299960723,1.8677350867335896,2.338391582602567,0.22696435667510026
conventional_plus_all_network,186,1,16,0.06357545099945128,2.0706435257270615,2.550606705397262,0.019240802469586083
conventional_plus_all_network,186,2,16,0.07579044100020838,1.6791814084907621,1.9247325304262743,0.3571213404431256
conventional_plus_all_network,186,3,16,0.09255784200013295,1.9164104185910786,2.3369513537691966,0.1495015479481353
conventional_plus_all_network,186,4,16,0.10709319099987624,1.5438214521539384,1.97570684649406,0.367969162610407
conventional_plus_all_network,186,1,20,0.09561256899996806,2.0381858995576154,2.581710004234696,-0.0010809476260555634
conventional_plus_all_network,186,2,20,0.10949658499976067,1.620450287441152,1.9051080806746823,0.40725300498869815
conventional_plus_all_network,186,3,20,0.12995067100018787,1.9731776418343108,2.396499374142111,0.09006884036650405
conventional_plus_all_network,186,4,20,0.15637403199980326,1.547957919134249,1.9826073535107682,0.3719168869749091
