feature_set,n_features,max_rules,mean_mae,std_mae,mean_rmse,mean_correlation,mean_fit_seconds,se_mae
conventional_only,6,2,1.5725737045270027,0.3901457873376851,2.0703382255536207,0.1905352228167874,0.002813958749811718,0.19507289366884256
conventional_only,6,4,1.8344187839277204,0.7494588135924506,2.295431810659096,0.200468133022357,0.007228671999655489,0.3747294067962253
conventional_only,6,6,1.863378514522231,0.7530630898519396,2.334076066061061,0.15897830077999872,0.009263027499628151,0.3765315449259698
conventional_only,6,8,1.8945573963630342,0.7472631692222952,2.3344879708006245,0.15343466214140689,0.014831879749408472,0.3736315846111476
conventional_only,6,10,1.960704313524467,0.7255934409119035,2.385103169426743,0.1355807151008148,0.020097347749924666,0.36279672045595174
conventional_only,6,12,2.018736780846856,0.7071256760695261,2.4583093694034295,0.1251781368801685,0.026805347499930576,0.35356283803476307
conventional_only,6,16,2.1283004327458417,0.7878479458494904,2.5264260386819295,0.11533507307412999,0.05763841050020346,0.3939239729247452
conventional_only,6,20,2.1278143509765357,0.7103230948310884,2.5368946656851903,0.12751759934419382,0.05469864649990086,0.3551615474155442
conventional_plus_all_network,186,2,1.52292243897008,0.0655512806374354,1.8997231095276503,0.3136830830413825,0.007757158250115026,0.0327756403187177
conventional_plus_all_network,186,4,1.4952373746758187,0.14272228858199226,1.8921889972073638,0.32137089991587436,0.01498935699987669,0.07136114429099613
conventional_plus_all_network,186,6,1.6300755847787953,0.3084755797481859,1.9832021659561643,0.30688000684504363,0.024749980250135195,0.15423778987409295
conventional_plus_all_network,186,8,1.6473155725774993,0.2794811235664383,2.013254616627908,0.3163828629675356,0.03585905750014717,0.13974056178321914
conventional_plus_all_network,186,10,1.7590431975409264,0.2206470026715221,2.1724110354493096,0.22339988242684378,0.04804731024978537,0.11032350133576105
conventional_plus_all_network,186,12,1.8535101859775713,0.1650142048970171,2.2886831306344884,0.1925846107364556,0.05758488750007018,0.08250710244850855
conventional_plus_all_network,186,16,1.8025142012407103,0.23593685537575684,2.196999359021698,0.22345821336781352,0.08475423124991721,0.11796842768787842
conventional_plus_all_network,186,20,1.7949429369918317,0.2465657671841948,2.2164812031405643,0.21703944617601395,0.12285846424992997,0.1232828835920974
conventional_plus_centrality,42,2,1.5296813119093393,0.15567294682679297,1.9869947968618231,0.1389042381300117,0.003455809500110263,0.07783647341339649
conventional_plus_centrality,42,4,1.4862126440733021,0.1350751440566521,1.906883488039223,0.21422165061051207,0.007263246749744212,0.06753757202832605
conventional_plus_centrality,42,6,1.6427316736155393,0.1962235117909739,2.081592877416491,0.16372101908988074,0.012749598000027618,0.09811175589548694
conventional_plus_centrality,42,8,1.5818835953582517,0.1764482501117269,2.0628334692986656,0.21840115177250163,0.018890449250420716,0.08822412505586345
conventional_plus_centrality,42,10,1.694634910241502,0.2831832366301787,2.184750269911736,0.18414227286013338,0.026343622249896725,0.14159161831508935
conventional_plus_centrality,42,12,1.7098756399363082,0.2935636138113942,2.1944057751608654,0.2650526803989014,0.03523521099941718,0.1467818069056971
conventional_plus_centrality,42,16,1.7801213647215077,0.3665716834275265,2.2995778782432335,0.2109824177285534,0.05361801100025332,0.18328584171376325
conventional_plus_centrality,42,20,1.8193271360143528,0.3580343487250193,2.3304162225123997,0.23715491690590917,0.0769875317498645,0.17901717436250966
conventional_plus_leakage_recovery_switching,114,2,1.522511172768684,0.06612196517948336,1.9229169206194539,0.2903663314338691,0.005029735250218437,0.03306098258974168
conventional_plus_leakage_recovery_switching,114,4,1.4807897357864064,0.19134274438277077,1.8685843984520722,0.32541945059159844,0.010086086250112203,0.09567137219138538
conventional_plus_leakage_recovery_switching,114,6,1.649278101729408,0.2536639641176031,2.080954782626593,0.22304231818324205,0.016916566249847165,0.12683198205880156
conventional_plus_leakage_recovery_switching,114,8,1.7075769451834126,0.25234557002152225,2.144874048836104,0.19164111602498365,0.024675999750115807,0.12617278501076112
conventional_plus_leakage_recovery_switching,114,10,1.7980406799422197,0.3179552964902217,2.210637525515404,0.19715592373032553,0.03227163874976213,0.15897764824511085
conventional_plus_leakage_recovery_switching,114,12,1.8134534534123303,0.2797757552958578,2.237965753441035,0.23040674050091775,0.04319430575037586,0.1398878776479289
conventional_plus_leakage_recovery_switching,114,16,1.8080854911535134,0.13726912922569726,2.2267159043670075,0.16937853277794201,0.06771935249980743,0.06863456461284863
conventional_plus_leakage_recovery_switching,114,20,1.8257315387531996,0.2254106361685541,2.3059820350986286,0.15814536874320703,0.10998396300010427,0.11270531808427706
conventional_plus_possession_flow,42,2,1.4749653620712295,0.14536547437890707,1.8682309107987618,0.3036283200896304,0.0032209404998866376,0.07268273718945353
conventional_plus_possession_flow,42,4,1.6003522691781011,0.2341532736106257,2.04524268545549,0.24450552492968713,0.007203707249573199,0.11707663680531286
conventional_plus_possession_flow,42,6,1.7238782591454127,0.28581045654392256,2.2088111701076034,0.220937210888289,0.01216003125023235,0.14290522827196128
conventional_plus_possession_flow,42,8,1.7391907926859818,0.25070216493890934,2.220327186561449,0.18218925559302643,0.01903894299971398,0.12535108246945467
conventional_plus_possession_flow,42,10,1.8004458600236815,0.24827527282608097,2.294724928637451,0.18537826542690036,0.026004921499634293,0.12413763641304049
conventional_plus_possession_flow,42,12,1.820258073408558,0.21876042734138104,2.3116260864282614,0.1586972523727329,0.035830596999858244,0.10938021367069052
conventional_plus_possession_flow,42,16,1.9008118678812937,0.22364308523694748,2.4495687454586985,0.15334287363084875,0.05472758349992546,0.11182154261847374
conventional_plus_possession_flow,42,20,1.9132256197069215,0.13848474239406153,2.4429234684578542,0.16023803349078808,0.07966645325018362,0.06924237119703076
network_only,180,2,1.522511172768684,0.06612196517948336,1.9229169206194539,0.29036633143386903,0.00689707724973232,0.03306098258974168
network_only,180,4,1.521073240937217,0.18061486339894645,1.9164332559453838,0.3121661696270251,0.013293956749976132,0.09030743169947322
network_only,180,6,1.5556912711496802,0.15676340785841897,1.932183367671132,0.30583267884711207,0.022253196749716153,0.07838170392920948
network_only,180,8,1.6372789882123384,0.22745556576771297,2.0515754566418867,0.2789493544930722,0.03213315049993071,0.11372778288385649
network_only,180,10,1.6729683938629436,0.20228682965302314,2.0758010723338596,0.28887187629866606,0.042190145499944265,0.10114341482651157
network_only,180,12,1.604504744146196,0.10055886763170718,1.971007479224009,0.2924461051153855,0.06289596649980922,0.05027943381585359
network_only,180,16,1.6560024086697576,0.19780557305600052,2.0560308550849946,0.314919744968997,0.09346041074991263,0.09890278652800026
network_only,180,20,1.856058728960734,0.23717311564880755,2.2795419633365173,0.18191798384709112,0.11798464649973539,0.11858655782440378
