match_id,clean_date,home_team,away_team,target_outcome,target_outcome_int,DummyPrior_prob_A,DummyPrior_prob_D,DummyPrior_prob_H,Market_prob_A,Market_prob_D,Market_prob_H,SVC_RBF_prob_A,SVC_RBF_prob_D,SVC_RBF_prob_H,RandomForest_prob_A,RandomForest_prob_D,RandomForest_prob_H,GradientBoosting_prob_A,GradientBoosting_prob_D,GradientBoosting_prob_H,XGBoost_prob_A,XGBoost_prob_D,XGBoost_prob_H,LightGBM_prob_A,LightGBM_prob_D,LightGBM_prob_H
3825777,2016-02-19,Levante UD,Getafe,H,2,0.25833333333333336,0.25,0.49166666666666664,0.2796610169491525,0.288135593220339,0.43220338983050843,0.22964479938792526,0.2762075579435095,0.4941476426685651,0.24173810182638997,0.3146935461448231,0.44356835202878725,0.2187587387543894,0.318438786051327,0.4628024751942837,0.09547431021928787,0.3664841651916504,0.5380415320396423,0.03297938011776496,0.1792636022683729,0.7877570176138622
267273,2016-02-20,Las Palmas,Barcelona,A,0,0.25833333333333336,0.25,0.49166666666666664,0.8090614886731391,0.12729234088457386,0.06364617044228693,0.22963331542168114,0.2761884446439975,0.49417823993432125,0.5360635803776156,0.18854586501838774,0.27539055460399675,0.4691331157701583,0.22503578223318477,0.30583110199665675,0.7087914943695068,0.1477235108613968,0.14348505437374115,0.901137298123026,0.05095198721133197,0.04791071466564198
3825778,2016-02-20,Real Betis,Sporting Gijón,D,1,0.25833333333333336,0.25,0.49166666666666664,0.24967706218859564,0.28750692009595863,0.46281601771544567,0.22963153771547362,0.2761884530718794,0.49418000921264715,0.39792862014282715,0.30823973080228545,0.2938316490548878,0.34367832870949105,0.26253926115259807,0.39378241013791093,0.521770715713501,0.2964811325073242,0.1817481517791748,0.7449501215056149,0.20233535180562331,0.0527145266887618
3825779,2016-02-20,Celta Vigo,Eibar,H,2,0.25833333333333336,0.25,0.49166666666666664,0.25089605734767023,0.27240143369175623,0.4767025089605735,0.2296379439478614,0.27618794729021184,0.49417410876192686,0.1722340486085833,0.17029476734008794,0.6574711840513289,0.1929292196025173,0.1889502566934639,0.6181205237040188,0.08825914561748505,0.12055058777332306,0.7911902666091919,0.009393567774471362,0.04932940724389771,0.9412770249816309
3825780,2016-02-20,Espanyol,RC Deportivo La Coruña,H,2,0.25833333333333336,0.25,0.49166666666666664,0.31549771029163654,0.28681610026512416,0.39768618944323936,0.22963385481011886,0.2761886325554848,0.49417751263439635,0.2644318406630993,0.3501515869535687,0.38541657238333216,0.2501045081628067,0.26545121133470057,0.48444428050249255,0.18376538157463074,0.2902413606643677,0.525993287563324,0.1130142611044763,0.23395563250749452,0.6530301063880292
3825781,2016-02-21,Rayo Vallecano,Sevilla,D,1,0.25833333333333336,0.25,0.49166666666666664,0.43088803088803085,0.2633204633204633,0.30579150579150577,0.22963101519222173,0.2761937462102669,0.49417523859751133,0.34420404294212337,0.2945867802201383,0.36120917683773857,0.20225145875881753,0.2909625395463531,0.5067860016948295,0.2568105459213257,0.30970337986946106,0.4334860146045685,0.20841959474688554,0.647181065745521,0.14439933950759345
3825782,2016-02-21,Granada,Valencia,A,0,0.25833333333333336,0.25,0.49166666666666664,0.37281553398058254,0.29708737864077667,0.33009708737864074,0.22960969185183527,0.27620065038149594,0.49418965776666857,0.2474948575789012,0.2747742659394117,0.4777308764816875,0.3015182935073445,0.28470547797225704,0.4137762285203985,0.27977272868156433,0.14007584750652313,0.5801514387130737,0.39841490267881013,0.020792169866613995,0.5807929274545759
3825783,2016-02-21,Athletic Club,Real Sociedad,A,0,0.25833333333333336,0.25,0.49166666666666664,0.20015885623510724,0.27164416203335984,0.5281969817315331,0.22965728120359366,0.276187360613041,0.4941553581833653,0.31492465835073086,0.28003686394365906,0.4050384777056104,0.3336357810574283,0.2509872239558374,0.41537699498673425,0.39016494154930115,0.23377986252307892,0.37605518102645874,0.407272105243364,0.3382945126393437,0.2544333821172922
3825784,2016-02-21,Atlético Madrid,Villarreal,D,1,0.25833333333333336,0.25,0.49166666666666664,0.1269737273144205,0.2506060407521457,0.6224202319334338,0.2296675511824753,0.27618895905704816,0.49414348976047684,0.18315940236356146,0.26563614940425917,0.5512044482321794,0.1770811729926174,0.22948661354707411,0.5934322134603085,0.11931146681308746,0.3447633981704712,0.5359250903129578,0.03371648398715372,0.3711740054831263,0.5951095105297199
3825785,2016-02-21,Málaga,Real Madrid,D,1,0.25833333333333336,0.25,0.49166666666666664,0.5496094879953717,0.25021695111368236,0.20017356089094587,0.22906411388084003,0.2761924226600742,0.4947434634590856,0.58740053784972,0.17454161218278344,0.23805784996749693,0.5957771661504491,0.18225490391879715,0.22196792993075387,0.7358213663101196,0.14637793600559235,0.11780069023370743,0.7730777125119082,0.12169402452113827,0.10522826296695366
3825786,2016-02-26,Eibar,Las Palmas,A,0,0.25833333333333336,0.25,0.49166666666666664,0.19062027231467474,0.264750378214826,0.5446293494704992,0.2296337472532826,0.2761883692245129,0.4941778835222046,0.2852878711981464,0.240584403201218,0.47412772560063576,0.3336203233616888,0.238494642757941,0.42788503388037014,0.3861429989337921,0.1370028257369995,0.4768541753292084,0.6364781726804032,0.007732958539384637,0.3557888687802121
3825787,2016-02-27,Real Madrid,Atlético Madrid,A,0,0.25833333333333336,0.25,0.49166666666666664,0.1820493708072083,0.2654886657605121,0.5524619634322796,0.22966700886309246,0.27618362735226504,0.4941493637846424,0.08903804424238246,0.10985613324911325,0.8011058225085045,0.12943490493429047,0.1267933287094119,0.7437717663562978,0.04549434408545494,0.087953582406044,0.8665520548820496,0.013747329705112984,0.014818635441445103,0.9714340348534418
3825788,2016-02-27,Getafe,Celta Vigo,A,0,0.25833333333333336,0.25,0.49166666666666664,0.4139553116424932,0.28851430811446493,0.29753038024304196,0.22962800843934783,0.2761881334909804,0.49418385806967163,0.26585285831440386,0.2532433293979145,0.4809038122876816,0.22319090974397354,0.32080572870158003,0.4560033615544463,0.23447450995445251,0.25769782066345215,0.507827639579773,0.12875877468081595,0.07324447775333558,0.7979967475658485
3825789,2016-02-27,Real Sociedad,Málaga,D,1,0.25833333333333336,0.25,0.49166666666666664,0.27264061010486174,0.29361296472831266,0.4337464251668255,0.22964634075010487,0.27618618923633426,0.4941674700135608,0.25446375946268956,0.277209769043487,0.4683264714938237,0.22364156730575127,0.28220728336773504,0.49415114932651377,0.2337929606437683,0.37399426102638245,0.39221277832984924,0.13427512797633673,0.15387094004171706,0.7118539319819462
3825790,2016-02-27,Sporting Gijón,Espanyol,A,0,0.25833333333333336,0.25,0.49166666666666664,0.2885143081144649,0.2975303802430419,0.41395531164249316,0.22963522925172114,0.2761877738783746,0.49417699686990413,0.29128717388892184,0.29094327407438747,0.41776955203669086,0.3242243806934192,0.2438448125643257,0.4319308067422551,0.2856157124042511,0.27178025245666504,0.44260409474372864,0.3518600953010647,0.2366860309224969,0.41145387377643833
3825791,2016-02-27,Real Betis,Rayo Vallecano,D,1,0.25833333333333336,0.25,0.49166666666666664,0.2796610169491525,0.288135593220339,0.43220338983050843,0.22975152375602156,0.2761855109793854,0.49406296526459276,0.24357516468347906,0.3906699759552475,0.3657548593612735,0.16971740904006968,0.5593599269667429,0.2709226639931875,0.16606459021568298,0.454709529876709,0.37922587990760803,0.07016396718949368,0.6681946210007103,0.26164141180979605
265839,2016-02-28,Barcelona,Sevilla,H,2,0.25833333333333336,0.25,0.49166666666666664,0.062371768567911365,0.11694706606483381,0.8206811653672549,0.22963959273968446,0.2761877270628962,0.4941726801974194,0.057283857757735784,0.14367528561997867,0.7990408566222855,0.0973682578185497,0.09939694815824103,0.8032347940232093,0.023646943271160126,0.0878419503569603,0.888511061668396,0.0012983924791181906,0.035352528197619505,0.9633490793232622
3825792,2016-02-28,RC Deportivo La Coruña,Granada,A,0,0.25833333333333336,0.25,0.49166666666666664,0.20015885623510724,0.27164416203335984,0.5281969817315331,0.23018545181750022,0.2761304690246174,0.49368407915788237,0.1329706837502231,0.1932018784710516,0.673827437778726,0.11762764856256401,0.14185692586357299,0.740515425573863,0.1429504007101059,0.15106399357318878,0.7059856057167053,0.10958556606436556,0.12531425315985786,0.7651001807757766
3825793,2016-02-28,Valencia,Athletic Club,A,0,0.25833333333333336,0.25,0.49166666666666664,0.2885143081144649,0.2975303802430419,0.41395531164249316,0.22954320943668322,0.276196095588503,0.49426069497481395,0.33577836759344826,0.33976178697032355,0.3244598454362284,0.2838668285644645,0.28617646199644664,0.42995670943908887,0.35197678208351135,0.293570876121521,0.35445237159729004,0.09318101979211556,0.41913606747592225,0.48768291273196207
3825794,2016-02-28,Villarreal,Levante UD,H,2,0.25833333333333336,0.25,0.49166666666666664,0.16555370444312875,0.2644260557077751,0.5700202398490961,0.22975408996166582,0.2761850846014243,0.4940608254369098,0.26672983580285936,0.3739969875093643,0.35927317668777603,0.2474451397903674,0.33610006853683394,0.41645479167279864,0.1631496399641037,0.4295927584171295,0.407257616519928,0.029029350054967214,0.7500492968757501,0.2209213530692828
3825795,2016-03-01,Atlético Madrid,Real Sociedad,H,2,0.25833333333333336,0.25,0.49166666666666664,0.1051846196557468,0.21862853970016655,0.6761868406440866,0.22962803035353274,0.27618793368795397,0.49418403595851307,0.3543962083088729,0.30588301261337336,0.3397207790777543,0.3217993524552052,0.2981994246977802,0.38000122284701465,0.40071889758110046,0.297932893037796,0.30134814977645874,0.44326790280015854,0.4788943749506552,0.07783772224918642
3825796,2016-03-01,Las Palmas,Getafe,H,2,0.25833333333333336,0.25,0.49166666666666664,0.25430995165556874,0.2804889172671714,0.4652011310772599,0.2296330466166463,0.27618840704740716,0.4941785463359461,0.14886896960844948,0.22380961312603934,0.6273214172655113,0.14494134787330473,0.19538922932511138,0.6596694228015839,0.051218416541814804,0.192573681473732,0.7562078833580017,0.022256414160995597,0.20668147872020856,0.7710621071187959
3825797,2016-03-02,Athletic Club,RC Deportivo La Coruña,H,2,0.25833333333333336,0.25,0.49166666666666664,0.13651572607628817,0.23890252063350434,0.6245817532902074,0.22994985858011482,0.27619026383080186,0.49385987758908323,0.22131758692054027,0.3588724792172815,0.4198099338621785,0.2200425603715166,0.30443071085928697,0.47552672876919644,0.0708833634853363,0.3701336681842804,0.5589829683303833,0.012101083768995267,0.3481923891203174,0.6397065271106873
3825798,2016-03-02,Levante UD,Real Madrid,A,0,0.25833333333333336,0.25,0.49166666666666664,0.6627466613514053,0.20091688259916285,0.13633645604943193,0.22966959157014186,0.2761897423531722,0.49414066607668583,0.4827322984283159,0.21503941188007483,0.3022282896916091,0.41473326401426946,0.2531285043333659,0.3321382316523646,0.3461810052394867,0.20644131302833557,0.4473777413368225,0.134496099286216,0.10445045167697965,0.7610534490368043
3825799,2016-03-02,Málaga,Valencia,A,0,0.25833333333333336,0.25,0.49166666666666664,0.24967706218859564,0.28750692009595863,0.46281601771544567,0.22965589887726592,0.27620011819602375,0.4941439829267103,0.1896988224684485,0.33447080037684357,0.47583037715470783,0.22136938589478453,0.3493356487541107,0.42929496535110484,0.09616821259260178,0.36807140707969666,0.5357604026794434,0.008925765868175886,0.07695262598504848,0.9141216081467757
3825800,2016-03-02,Celta Vigo,Villarreal,D,1,0.25833333333333336,0.25,0.49166666666666664,0.2796610169491525,0.288135593220339,0.43220338983050843,0.22971245280692712,0.2761764212805307,0.49411112591254214,0.19410528947434919,0.1928290104723327,0.6130657000533181,0.13179470125090464,0.1686506350617535,0.6995546636873418,0.11869686096906662,0.21313491463661194,0.6681681871414185,0.04552521680456832,0.1722027106665892,0.7822720725288425
3825801,2016-03-02,Sevilla,Eibar,H,2,0.25833333333333336,0.25,0.49166666666666664,0.11906893464637423,0.20053715308863027,0.6803939122649956,0.22963431056839437,0.27618832311960007,0.49417736631200565,0.1342445734371909,0.21115656555588458,0.6545988610069245,0.13428320539140884,0.37305352987551066,0.4926632647330807,0.09783484041690826,0.1449272483587265,0.7572379112243652,0.008684743650396351,0.04266746406109037,0.9486477922885134
266653,2016-03-03,Rayo Vallecano,Barcelona,A,0,0.25833333333333336,0.25,0.49166666666666664,0.7913043478260869,0.13565217391304346,0.07304347826086957,0.22963339105121772,0.2761884334918718,0.4941781754569106,0.6808518197755922,0.1324819739771267,0.18666620624728136,0.5535295437149509,0.15299760694325146,0.29347284934179785,0.6781894564628601,0.16105544567108154,0.16075506806373596,0.8651235457154725,0.05768150916334397,0.07719494512118363
3825802,2016-03-03,Espanyol,Real Betis,A,0,0.25833333333333336,0.25,0.49166666666666664,0.23842794759825325,0.2724890829694323,0.48908296943231444,0.22963416462618777,0.2761883742091753,0.4941774611646373,0.21922266221764866,0.36167000823627493,0.41910732954607627,0.22636788438748515,0.24331727262565303,0.5303148429868618,0.13753145933151245,0.35828331112861633,0.5041852593421936,0.020584989506388752,0.34552078272048314,0.6338942277731281
3825803,2016-03-03,Granada,Sporting Gijón,H,2,0.25833333333333336,0.25,0.49166666666666664,0.25496688741721857,0.2897350993377484,0.4552980132450331,0.22961854557423997,0.2761879762283461,0.4941934781974139,0.3345280088751622,0.3069949967714367,0.3584769943534012,0.33610077154182055,0.23773619772064372,0.4261630307375358,0.4990854859352112,0.2179202139377594,0.2829943299293518,0.6910464795958787,0.1032245715466485,0.20572894885747267
3825804,2016-03-05,RC Deportivo La Coruña,Málaga,D,1,0.25833333333333336,0.25,0.49166666666666664,0.3156822810590631,0.3054989816700611,0.3788187372708758,0.22963160188392076,0.27618793177735673,0.49418046633872237,0.24512855217342142,0.23272735999970376,0.5221440878268753,0.17632783042694342,0.1857277240490028,0.6379444455240538,0.12227985262870789,0.167803555727005,0.7099165916442871,0.07683639587415274,0.12731192662373989,0.7958516775021074
3825805,2016-03-05,Villarreal,Las Palmas,A,0,0.25833333333333336,0.25,0.49166666666666664,0.15863689776733253,0.25381903642773207,0.5875440658049352,0.22963237879388548,0.27618801992152686,0.4941796012845873,0.2560645225300471,0.33892461716351074,0.40501086030644257,0.3066997029314322,0.3368894987540719,0.3564107983144959,0.21735450625419617,0.33658677339553833,0.4460586607456207,0.0502303918169193,0.27136084652444464,0.6784087616586361
3825806,2016-03-05,Real Madrid,Celta Vigo,H,2,0.25833333333333336,0.25,0.49166666666666664,0.1178247734138973,0.1570996978851964,0.7250755287009064,0.22963400226396957,0.2761883332199883,0.49417766451604184,0.12197899138711717,0.13556844992219225,0.7424525586906904,0.1256786299197092,0.15213428603154716,0.7221870840487438,0.07650639861822128,0.10749746859073639,0.8159961104393005,0.1476784286313134,0.03117698211994382,0.8211445892487429
3825867,2016-03-05,Getafe,Sevilla,D,1,0.25833333333333336,0.25,0.49166666666666664,0.4767025089605735,0.27240143369175623,0.25089605734767023,0.22960859689736124,0.2761866042312693,0.4942047988713697,0.32337054803061305,0.2591642854420761,0.41746516652731075,0.22706251218018214,0.2409953317102701,0.5319421561095478,0.2372264862060547,0.2573004961013794,0.5054730176925659,0.293963002119721,0.1526716894360641,0.5533653084442148
266056,2016-03-06,Eibar,Barcelona,A,0,0.25833333333333336,0.25,0.49166666666666664,0.759124087591241,0.14598540145985403,0.09489051094890512,0.22956582542117118,0.2761923705674025,0.4942418040114263,0.7490524428088055,0.11600832349431961,0.13493923369687508,0.6976864517629363,0.1373500259260116,0.16496352231105207,0.8503806591033936,0.0890057161450386,0.06061360239982605,0.9786843600764575,0.016915983053636282,0.0043996568699061715
3825807,2016-03-06,Valencia,Atlético Madrid,A,0,0.25833333333333336,0.25,0.49166666666666664,0.47482014388489213,0.2877697841726619,0.23741007194244607,0.22956568197312477,0.27619095497676127,0.49424336305011374,0.37567985125018516,0.27724551480251414,0.34707463394730126,0.24097709760567318,0.3287632018501859,0.4302597005441409,0.3591260612010956,0.2809258997440338,0.3599480092525482,0.4915026007422352,0.23965283152421923,0.2688445677335455
3825808,2016-03-06,Sporting Gijón,Athletic Club,A,0,0.25833333333333336,0.25,0.49166666666666664,0.47482014388489213,0.2877697841726619,0.23741007194244607,0.2298896034298969,0.27617043747967823,0.4939399590904247,0.2151987679335726,0.3354077242997315,0.44939350776669595,0.3686365781090762,0.2966098940869843,0.3347535278039396,0.24595291912555695,0.2636331617832184,0.49041393399238586,0.28290615924886414,0.094910086058944,0.6221837546921919
3825809,2016-03-06,Real Betis,Granada,H,2,0.25833333333333336,0.25,0.49166666666666664,0.26503340757238314,0.28062360801781744,0.4543429844097996,0.22983403100386807,0.27617427539900713,0.4939916935971245,0.2208560593689161,0.41461554194024847,0.36452839869083536,0.23969360589892097,0.32104934034271165,0.43925705375836743,0.158799946308136,0.560146689414978,0.2810533940792084,0.030213146292594306,0.7609358832073234,0.20885097050008225
3825810,2016-03-06,Real Sociedad,Levante UD,D,1,0.25833333333333336,0.25,0.49166666666666664,0.1365138252854907,0.25482580719958264,0.6086603675149267,0.22948778988811736,0.2761864281159342,0.4943257819959481,0.2681038251381711,0.23223466704357587,0.4996615078182529,0.15554781746858512,0.21520169809250075,0.6292504844389142,0.1197216659784317,0.3633291721343994,0.5169491767883301,0.018149232027565382,0.20864254481967656,0.7732082231527581
3825811,2016-03-07,Espanyol,Rayo Vallecano,H,2,0.25833333333333336,0.25,0.49166666666666664,0.23842794759825325,0.2724890829694323,0.48908296943231444,0.22963452536522427,0.27618926444587877,0.4941762101888968,0.22150126995356056,0.42000152521791184,0.35849720482852737,0.15683626884612986,0.5393769902591384,0.3037867408947317,0.12617947161197662,0.5229452848434448,0.35087522864341736,0.02503192666461881,0.8625616835116627,0.11240638982371827
3825812,2016-03-11,Málaga,Sporting Gijón,H,2,0.25833333333333336,0.25,0.49166666666666664,0.1591684765746199,0.25131864722308406,0.5895128762022959,0.22967356566175146,0.2761913528411208,0.494135081497128,0.18063238162487696,0.21666164177788527,0.6027059765972381,0.17554280161122005,0.18088863463752797,0.6435685637512519,0.21364949643611908,0.1769341379404068,0.6094163656234741,0.05962233652874386,0.2090278892760082,0.7313497741952478
266498,2016-03-12,Barcelona,Getafe,H,2,0.25833333333333336,0.25,0.49166666666666664,0.03668158538273428,0.06358141466340607,0.8997369999538595,0.22964943143490973,0.27618712672698825,0.49416344183810174,0.05014784125053533,0.08564322058898442,0.8642089381604802,0.09739882431744007,0.11938620774029605,0.7832149679422639,0.027637043967843056,0.08617956191301346,0.8861833214759827,0.0017750026841289528,0.013146561408433257,0.9850784359074378
3825813,2016-03-12,Atlético Madrid,RC Deportivo La Coruña,H,2,0.25833333333333336,0.25,0.49166666666666664,0.06358381502890173,0.17341040462427745,0.7630057803468208,0.229672654220204,0.2761845962871529,0.49414274949264303,0.16955298252373305,0.23195437784334436,0.5984926396329228,0.14929622803130266,0.2015848002513931,0.6491189717173041,0.07203320413827896,0.19585351645946503,0.732113242149353,0.044908029785424665,0.1443007098495933,0.8107912603649821
3825814,2016-03-12,Celta Vigo,Real Sociedad,H,2,0.25833333333333336,0.25,0.49166666666666664,0.27055702917771884,0.2785145888594165,0.4509283819628648,0.22963356596670723,0.27618842148581385,0.4941780125474791,0.2907500539721686,0.2746299368024772,0.4346200092253547,0.24683422875543667,0.27546908686350363,0.47769668438105967,0.2748248279094696,0.21263770759105682,0.51253741979599,0.36533642996357846,0.09975634538738667,0.5349072246490348
3825858,2016-03-12,Rayo Vallecano,Eibar,D,1,0.25833333333333336,0.25,0.49166666666666664,0.3057915057915058,0.2633204633204634,0.4308880308880309,0.22963454516346304,0.27618847867323193,0.49417697616330497,0.30547938016481696,0.20143696226992278,0.4930836575652604,0.2425357854194937,0.24677953730584,0.5106846772746665,0.390678346157074,0.20095372200012207,0.4083678722381592,0.1618165645224397,0.2015283656944185,0.6366550697831419
3825815,2016-03-13,Levante UD,Valencia,H,2,0.25833333333333336,0.25,0.49166666666666664,0.34174279831277615,0.2944245647002379,0.36383263698698604,0.2297393903289585,0.2762190466505409,0.4940415630205007,0.21052703341452444,0.32697801769265206,0.4624949488928233,0.23214308871776512,0.3193304756103884,0.44852643567184647,0.15281857550144196,0.3001265525817871,0.5470548272132874,0.04770961960567311,0.2652965678618681,0.6869938125324587
3825816,2016-03-13,Sevilla,Villarreal,H,2,0.25833333333333336,0.25,0.49166666666666664,0.1914422722242715,0.2552563629656953,0.5533013648100332,0.22969204136205504,0.2762002340089824,0.4941077246289624,0.16785745977673716,0.2508671676325823,0.5812753725906807,0.21220537942723075,0.29190463999540467,0.4958899805773646,0.10981543362140656,0.35848429799079895,0.5317002534866333,0.0626599246337682,0.41961194287840375,0.517728132487828
3825844,2016-03-13,Athletic Club,Real Betis,H,2,0.25833333333333336,0.25,0.49166666666666664,0.11900326747488318,0.2198674687757657,0.661129263749351,0.2298065007757921,0.27617129602169876,0.4940222032025093,0.1368656737316435,0.13863064023071256,0.7245036860376439,0.12097079946627241,0.12270695530611526,0.7563222452276125,0.10631226748228073,0.09058742970228195,0.8031003475189209,0.042096367290645996,0.03638629916125585,0.9215173335480982
3825879,2016-03-13,Las Palmas,Real Madrid,A,0,0.25833333333333336,0.25,0.49166666666666664,0.7177033492822967,0.18181818181818185,0.10047846889952154,0.2296473005350618,0.2762030212476283,0.49414967821731,0.3580857375069158,0.25989414656700766,0.382020115926077,0.2468325881367051,0.2740879270825027,0.47907948478079226,0.324537456035614,0.23242232203483582,0.44304028153419495,0.4427104198825773,0.1097748819667221,0.4475146981507005
3825881,2016-03-14,Granada,Espanyol,D,1,0.25833333333333336,0.25,0.49166666666666664,0.2711119602598395,0.28754298815437523,0.44134505158578524,0.2296430495201888,0.2761903459071741,0.49416660457263684,0.3121843691759142,0.2877398634303383,0.40007576739374734,0.2998825102587611,0.21908143428166885,0.48103605545957,0.5030156373977661,0.13068173825740814,0.36630260944366455,0.6348470472983478,0.07375457611869832,0.2913983765829538
3825817,2016-03-18,Getafe,Eibar,D,1,0.25833333333333336,0.25,0.49166666666666664,0.25383542538354253,0.2928870292887029,0.4532775453277545,0.22966119430233642,0.27619380624074663,0.4941449994569166,0.2677395110956961,0.2815900149972814,0.4506704739070228,0.25443009907110137,0.2491827449935986,0.4963871559353001,0.2658925950527191,0.23295502364635468,0.5011523365974426,0.22697683917555606,0.19268014781507903,0.580343013009365
3825818,2016-03-19,Real Sociedad,Las Palmas,A,0,0.25833333333333336,0.25,0.49166666666666664,0.15855147158551472,0.2718025227180252,0.5696460056964601,0.2296070542833474,0.2761885075714026,0.49420443814524984,0.3340686183067994,0.2936293973060631,0.3723019843871376,0.27675107634095303,0.3067239725891971,0.4165249510698498,0.2364913374185562,0.4035150408744812,0.35999366641044617,0.10028167524654558,0.6858594542330295,0.21385887052042482
3825880,2016-03-19,RC Deportivo La Coruña,Levante UD,H,2,0.25833333333333336,0.25,0.49166666666666664,0.2202378731817827,0.28047940908150565,0.4992827177367116,0.22961343080866525,0.2761889204971256,0.494197648694209,0.3435792772671049,0.31723086337231143,0.3391898593605838,0.25033543805180913,0.3272865561073631,0.42237800584082785,0.29020562767982483,0.4524732530117035,0.2573210895061493,0.4388298855658453,0.3641444299601363,0.1970256844740184
3825887,2016-03-19,Granada,Rayo Vallecano,D,1,0.25833333333333336,0.25,0.49166666666666664,0.2792207792207792,0.2792207792207792,0.44155844155844154,0.22963730799025933,0.27618791641571816,0.49417477559402256,0.2409731057062905,0.3903565517304466,0.36867034256326275,0.3238713615293747,0.30196719700460267,0.3741614414660226,0.3114541172981262,0.3784242570400238,0.31012162566185,0.41802632071873175,0.41151467676370007,0.1704590025175682
3825903,2016-03-19,Real Betis,Málaga,A,0,0.25833333333333336,0.25,0.49166666666666664,0.3277755185034567,0.3066287108580724,0.36559577063847093,0.22919842681743838,0.27617961428210336,0.49462195890045824,0.3000890664982739,0.31546876246737815,0.38444217103434825,0.25031376792548393,0.2664045438064357,0.4832816882680804,0.4348513185977936,0.15147502720355988,0.41367366909980774,0.1952472080435653,0.10369385860221901,0.7010589333542157
3825907,2016-03-19,Sporting Gijón,Atlético Madrid,H,2,0.25833333333333336,0.25,0.49166666666666664,0.6230529595015576,0.26479750778816197,0.11214953271028037,0.22970375707966326,0.27617994937267937,0.49411629354765724,0.34308803698035684,0.24354404154506568,0.4133679214745775,0.3100084800803464,0.30815852690158657,0.381832993018067,0.48029497265815735,0.11849930137395859,0.40120574831962585,0.32418955670783584,0.020349756645402322,0.6554606866467618
266106,2016-03-20,Villarreal,Barcelona,D,1,0.25833333333333336,0.25,0.49166666666666664,0.7093184979137691,0.17969401947148816,0.1109874826147427,0.2293899849674706,0.2761902061972528,0.49441980883527664,0.6270528355754883,0.18568827831836404,0.1872588861061477,0.5846516272692954,0.20432141416861518,0.21102695856208942,0.7329645752906799,0.16371256113052368,0.10332286357879639,0.7704820298805536,0.15523962846468511,0.07427834165476123
3825819,2016-03-20,Valencia,Celta Vigo,A,0,0.25833333333333336,0.25,0.49166666666666664,0.3163064833005894,0.27111984282907664,0.41257367387033406,0.2296632086942857,0.27619997855740064,0.49413681274831345,0.32378443262942386,0.3303779783548266,0.34583758901574974,0.25033543805180913,0.3272865561073631,0.42237800584082785,0.353087455034256,0.33170396089553833,0.3152086138725281,0.46280513050116345,0.18880071357216538,0.3483941559266711
3825820,2016-03-20,Real Madrid,Sevilla,H,2,0.25833333333333336,0.25,0.49166666666666664,0.11190148386109836,0.17293865687624294,0.7151598592626587,0.22967038741102827,0.27617740133686974,0.4941522112521021,0.08550982979388305,0.09961616845455906,0.8148740017515579,0.11165563125316598,0.14450139494493186,0.7438429738019021,0.044369567185640335,0.10665526986122131,0.8489751219749451,0.016302196548113126,0.06280021936901498,0.9208975840828719
3825821,2016-03-20,Espanyol,Athletic Club,H,2,0.25833333333333336,0.25,0.49166666666666664,0.41349548842683403,0.27971753628874063,0.3067869752844252,0.22965145214233415,0.2761973349751939,0.4941512128824718,0.18224666965876224,0.3517943029542685,0.46595902738696937,0.21888157245394887,0.3324686544629278,0.4486497730831233,0.08498471230268478,0.27269208431243896,0.6423231959342957,0.01158948788483987,0.09598302322810437,0.8924274888870557
3825885,2016-04-01,Rayo Vallecano,Getafe,H,2,0.25833333333333336,0.25,0.49166666666666664,0.23779222575736617,0.2642135841748513,0.49799419006778256,0.22963314732919474,0.2761884055270999,0.4941784471437054,0.2708641126940985,0.20939608958601483,0.5197397977198865,0.17953160217463682,0.19176578365685487,0.6287026141685085,0.24459096789360046,0.24514339864253998,0.5102656483650208,0.2001764308296075,0.12260102009055435,0.6772225490798381
