match_id,clean_date,home_team,away_team,target_margin,DummyMean_prediction,SVR_RBF_prediction,KernelRidge_RBF_prediction,Nystroem_Ridge_prediction,RandomForest_prediction,GradientBoosting_prediction,XGBoost_prediction,LightGBM_prediction
3825777,2016-02-19,Levante UD,Getafe,3,0.5291666666666667,0.2620193291643158,0.3315893935616944,0.3768285661519031,0.42152232532689216,0.28072219370647516,0.4529344141483307,0.7349403159973165
267273,2016-02-20,Las Palmas,Barcelona,-1,0.5291666666666667,0.011556810570584441,-0.053052450805226595,0.5569956874768472,-0.7810225217106024,-0.353360304867357,-1.1697652339935303,-0.8779198119274767
3825778,2016-02-20,Real Betis,Sporting Gijón,0,0.5291666666666667,0.38769335495150603,0.03707005418842052,0.667391825410543,-0.327857573268951,-0.028278928796593165,-0.5740224719047546,-1.090399661727225
3825779,2016-02-20,Celta Vigo,Eibar,1,0.5291666666666667,0.9451999211153033,0.5612651492612739,1.1309714787482275,0.8961285706915839,0.6655271511671049,1.3854292631149292,0.9309995869022312
3825780,2016-02-20,Espanyol,RC Deportivo La Coruña,1,0.5291666666666667,0.23766342214725672,0.05446857448401282,0.44262575860270403,0.0401993491687764,0.2045135081743076,0.23315303027629852,0.08457930900599615
3825781,2016-02-21,Rayo Vallecano,Sevilla,0,0.5291666666666667,0.21615273879042607,0.08805697967868786,0.46895108583973555,0.07191722317070613,0.33661567594927655,0.48806601762771606,-0.45043743515592033
3825782,2016-02-21,Granada,Valencia,-1,0.5291666666666667,0.15681297415589085,0.2479255776940792,0.2987780669032219,0.24877293758872696,0.28072219370647516,0.8304569721221924,0.6910261940141207
3825783,2016-02-21,Athletic Club,Real Sociedad,-1,0.5291666666666667,0.2664702764986804,0.17154717248556306,0.060916453936833426,-0.013932681353733933,-0.12357707492936174,-1.3497728109359741,-1.4077058694287312
3825784,2016-02-21,Atlético Madrid,Villarreal,0,0.5291666666666667,0.3119297673571811,0.2973413290845812,0.5281177310225407,0.6654079035286463,0.5068591877244445,1.1246334314346313,1.3241516599354815
3825785,2016-02-21,Málaga,Real Madrid,0,0.5291666666666667,-0.09111729650377903,-0.061055058653210564,0.38002372192077466,-0.5236971006719461,-0.5108411415683327,-0.38037538528442383,0.03581917882472552
3825786,2016-02-26,Eibar,Las Palmas,-1,0.5291666666666667,0.04897504966413119,0.029605305972956103,0.19917569421834425,0.07154659066423776,0.08808704946418158,0.5691743493080139,-0.11277633246969884
3825787,2016-02-27,Real Madrid,Atlético Madrid,-1,0.5291666666666667,1.3122224828124063,0.848534038311832,1.333986851001331,1.8999667347902642,1.1155915363704385,1.466868281364441,0.8792592599866502
3825788,2016-02-27,Getafe,Celta Vigo,-1,0.5291666666666667,0.2199181405761855,0.12240794897896973,0.43228462978172194,0.16823909303630677,0.4815398141973992,0.392051637172699,0.5943308529490973
3825789,2016-02-27,Real Sociedad,Málaga,0,0.5291666666666667,0.6449353090070349,0.49745860056049596,0.6334859948586853,0.7547543531173562,0.3924306498514783,1.0063742399215698,1.2924067709508942
3825790,2016-02-27,Sporting Gijón,Espanyol,-2,0.5291666666666667,0.1459638710476832,0.1632677637635755,0.5713763030607131,0.21747707432459762,0.4205762234385452,0.20321498811244965,0.21444960223699358
3825791,2016-02-27,Real Betis,Rayo Vallecano,0,0.5291666666666667,0.2540445576568985,0.14846796212977653,0.240758170793115,0.07847235911090401,-0.028278928796593165,0.2025163769721985,0.3327292791263262
265839,2016-02-28,Barcelona,Sevilla,1,0.5291666666666667,1.2219171428023492,0.6816337269668178,0.9434806826583972,2.7314581140537038,2.5082377493790435,2.9687135219573975,3.332411147404425
3825792,2016-02-28,RC Deportivo La Coruña,Granada,-1,0.5291666666666667,0.8502953900509322,0.8979642368885726,0.9193128674178745,0.9673231218672398,1.0680655931441791,0.8290566205978394,0.9183095733694413
3825793,2016-02-28,Valencia,Athletic Club,-3,0.5291666666666667,0.39257849470066636,0.402151534460923,0.6382747762715295,0.06188198727196234,0.28072219370647516,0.2737679183483124,-0.10840624602066816
3825794,2016-02-28,Villarreal,Levante UD,3,0.5291666666666667,0.46045167710037266,0.4904203715156486,0.4337606504609707,0.3857583199251158,0.24178495511814616,0.457685261964798,0.3441431423263149
3825795,2016-03-01,Atlético Madrid,Real Sociedad,3,0.5291666666666667,0.1634642799223781,0.12933396289197135,0.00046795784280084796,-0.1399665120311405,0.24178495511814616,-0.4251742959022522,-0.8725951744809749
3825796,2016-03-01,Las Palmas,Getafe,4,0.5291666666666667,0.5749582630314435,0.38110019077933527,0.4807523263514675,1.0596693818164418,0.6512749695313328,0.9116994738578796,0.9781444702131425
3825797,2016-03-02,Athletic Club,RC Deportivo La Coruña,3,0.5291666666666667,0.3592420523403958,0.3768184402406824,0.3863835653509837,0.4169866481128093,0.22360296877490868,0.3502449691295624,0.09952072205727884
3825798,2016-03-02,Levante UD,Real Madrid,-2,0.5291666666666667,0.019393146017788243,0.02693381044044113,0.023006129901182337,-0.23855427497339254,0.1049540805443895,0.660692572593689,0.7291145081160214
3825799,2016-03-02,Málaga,Valencia,-1,0.5291666666666667,0.1546098977981442,0.3467311197771298,0.27751975795595085,0.6347507348745736,0.28072219370647516,0.9757251739501953,1.3773077094961679
3825800,2016-03-02,Celta Vigo,Villarreal,0,0.5291666666666667,0.5676695071494693,0.4889034770479375,0.7956935917949481,0.6963840154227153,0.9588170062267436,1.0592803955078125,0.4341845640732562
3825801,2016-03-02,Sevilla,Eibar,1,0.5291666666666667,0.6630419948913588,0.30969142793130944,0.8783309410715342,0.9811981868482749,1.0744291030173558,1.8703821897506714,1.6404050419088732
266653,2016-03-03,Rayo Vallecano,Barcelona,-4,0.5291666666666667,-0.08249191804695138,-0.07446451577920409,0.5294719358371014,-1.0792769174553227,-0.1989259817106927,-1.128527045249939,-0.7310166306453313
3825802,2016-03-03,Espanyol,Real Betis,-3,0.5291666666666667,0.2281292931261169,0.1803934679563607,0.4503281282529167,0.5132531202171298,0.3806230230536581,0.2315514236688614,0.6568507793821466
3825803,2016-03-03,Granada,Sporting Gijón,2,0.5291666666666667,0.3736073527604123,0.1744698681742573,0.8273615581689515,0.12083346279050597,0.28072219370647516,0.012923608534038067,0.3179460904830265
3825804,2016-03-05,RC Deportivo La Coruña,Málaga,0,0.5291666666666667,0.5874048571691737,0.4219179107765659,0.7544573630749121,0.43267677321818193,0.20996657533000826,0.22607211768627167,0.19270801672672994
3825805,2016-03-05,Villarreal,Las Palmas,-1,0.5291666666666667,0.0602794140112885,0.044115690469695656,0.07785748928910785,-0.10503964057098734,-0.276807555281688,-0.8514480590820312,-1.0052168561869623
3825806,2016-03-05,Real Madrid,Celta Vigo,5,0.5291666666666667,0.8450849367791262,0.392503341850564,1.129146669865854,1.1498428864164159,1.0156907070232564,1.848321795463562,1.696018413717805
3825867,2016-03-05,Getafe,Sevilla,0,0.5291666666666667,0.4717898862448859,0.3199649221732757,0.7028963916638162,0.08295982553451595,0.28072219370647516,0.4833000898361206,0.1304378444712005
266056,2016-03-06,Eibar,Barcelona,-4,0.5291666666666667,-0.16831750417016483,-0.20947816589590715,0.5100370153559531,-1.4385637715827342,-0.9165262349116718,-1.6647695302963257,-1.9245576522087633
3825807,2016-03-06,Valencia,Atlético Madrid,-2,0.5291666666666667,0.2772095763806963,0.2265090486339536,0.14628882201023397,-0.0948799238045772,-0.04736838939719423,-0.5756189227104187,-1.1019862113918961
3825808,2016-03-06,Sporting Gijón,Athletic Club,-2,0.5291666666666667,-0.05454442821427635,0.14045553447893214,0.028618089221729814,0.1603385235049321,-0.04736838939719423,0.31797096133232117,0.9811225501205724
3825809,2016-03-06,Real Betis,Granada,2,0.5291666666666667,0.18295054337780986,0.4656869821761921,0.3722515579573155,0.3677981696877576,0.3924306498514783,0.49580875039100647,0.6058688960158517
3825810,2016-03-06,Real Sociedad,Levante UD,0,0.5291666666666667,0.5049026854850686,0.3516377095002079,0.5941984833815334,0.41612142700494104,0.08342952734840973,0.44974520802497864,0.6934409610482076
3825811,2016-03-07,Espanyol,Rayo Vallecano,1,0.5291666666666667,0.13348181119744873,0.10647719489466714,0.3223328397365761,0.2948495793995022,0.12749171335414883,0.10516603291034698,0.14970551764435244
3825812,2016-03-11,Málaga,Sporting Gijón,1,0.5291666666666667,0.4587617934399436,0.4949825442346635,0.8228736148215157,0.9444692819220677,0.5932482703424026,0.7811761498451233,1.0330775255317606
266498,2016-03-12,Barcelona,Getafe,5,0.5291666666666667,1.395616395484838,0.9530379474009668,1.151841732360931,2.8365457720384213,2.365098935182201,2.5225963592529297,3.054103762984338
3825813,2016-03-12,Atlético Madrid,RC Deportivo La Coruña,3,0.5291666666666667,0.5067053532285926,0.44861030512771116,0.6336257410463562,0.6509892146467219,0.4923314791986612,0.6466684937477112,0.25842428078447627
3825814,2016-03-12,Celta Vigo,Real Sociedad,1,0.5291666666666667,0.38693387208996605,0.10838697277275053,0.4487772617330244,0.19933058888709046,0.3806230230536581,-0.04000397026538849,-0.85284426734886
3825858,2016-03-12,Rayo Vallecano,Eibar,0,0.5291666666666667,0.8544568656075143,0.4919583423536644,0.9359272001762009,0.39717217423099765,0.47979724157520437,0.020879359915852547,-0.2009729134742099
3825815,2016-03-13,Levante UD,Valencia,1,0.5291666666666667,0.3372231976612525,0.442378659044522,0.4118534265218001,0.4417027421036709,0.28072219370647516,0.39664095640182495,0.8027893698719866
3825816,2016-03-13,Sevilla,Villarreal,2,0.5291666666666667,0.4827426569749149,0.5625414731789168,0.9049860035336397,0.8710137925370124,0.6321855089307317,0.9697964191436768,1.0230305534476933
3825844,2016-03-13,Athletic Club,Real Betis,2,0.5291666666666667,0.765840140320877,0.6948300664129887,1.2179626203975973,0.8680251317310141,0.6321855089307317,1.2485207319259644,1.4260164600422593
3825879,2016-03-13,Las Palmas,Real Madrid,-1,0.5291666666666667,0.16480365307372197,-0.019279683984995882,0.12540345821034982,-0.12234255629418167,0.22360296877490868,0.06986179947853088,-0.031428873037247486
3825881,2016-03-14,Granada,Espanyol,0,0.5291666666666667,0.5778871033009142,0.3189783945333263,0.92969337373957,0.20420482086426348,0.28072219370647516,0.1771155148744583,-0.5198923901854939
3825817,2016-03-18,Getafe,Eibar,0,0.5291666666666667,0.686202750244149,0.36121388960745104,0.6918187343026388,0.34192047294524064,0.06434006674780866,0.23127688467502594,-0.2717307040247726
3825818,2016-03-19,Real Sociedad,Las Palmas,-1,0.5291666666666667,0.050477424027470685,0.020363972822379797,0.37021072675759537,0.006525746555932268,-0.10448761432876066,0.06674167513847351,0.17106378589447518
3825880,2016-03-19,RC Deportivo La Coruña,Levante UD,1,0.5291666666666667,0.4805633196689001,0.26020077220718,0.50054421379556,0.09266899444724523,-0.04736838939719423,-0.38994067907333374,-0.04833637751099335
3825887,2016-03-19,Granada,Rayo Vallecano,0,0.5291666666666667,0.2479060198623265,0.1217944888824819,0.45344399508158706,0.06322539851216327,0.24178495511814616,0.22114521265029907,0.1282124799030664
3825903,2016-03-19,Real Betis,Málaga,-1,0.5291666666666667,0.3520286586676987,0.3915481278392078,0.38888531418381367,-0.013653397041554917,0.24178495511814616,0.2838899791240692,-0.30116119295094407
3825907,2016-03-19,Sporting Gijón,Atlético Madrid,1,0.5291666666666667,-0.023721329780720057,0.0030121568598655557,0.0998678417591925,-0.29691078642433116,-0.04736838939719423,-0.30836227536201477,-0.13992031087426815
266106,2016-03-20,Villarreal,Barcelona,0,0.5291666666666667,-0.11705009556150087,-0.12107169478308918,0.21127603693912433,-1.1899516063285405,-0.9533302565538722,-1.9495304822921753,-1.3930319833081226
3825819,2016-03-20,Valencia,Celta Vigo,-2,0.5291666666666667,0.11662765458552887,0.12645153003480114,0.24879117085244262,-0.0901737813986267,-0.04736838939719423,-0.0930514931678772,-0.7418192328533648
3825820,2016-03-20,Real Madrid,Sevilla,4,0.5291666666666667,1.2505825019610313,0.8849688188444742,1.2268562854053788,1.501575427023957,1.0665562381915268,1.3448797464370728,1.5033443080370925
3825821,2016-03-20,Espanyol,Athletic Club,1,0.5291666666666667,0.17979818023511507,0.2847660670831502,0.5473748790027199,0.6404205757549415,0.5204770527857283,0.5746744275093079,1.7384744926291278
3825885,2016-04-01,Rayo Vallecano,Getafe,2,0.5291666666666667,0.7091328683083337,0.4889254888157418,1.1116068459803117,0.3515883283240095,0.5395665133863294,0.18767933547496796,-0.05224507229723128
