match_id,status,source,events
265952,success,statsbomb-open-data,3504
266033,success,statsbomb-open-data,3687
266191,success,statsbomb-open-data,3753
266273,success,statsbomb-open-data,3677
266280,success,statsbomb-open-data,4018
266299,success,statsbomb-open-data,3685
266357,success,statsbomb-open-data,3982
266440,success,statsbomb-open-data,3504
266477,success,statsbomb-open-data,3804
266516,success,statsbomb-open-data,3423
266528,success,statsbomb-open-data,3556
266669,success,statsbomb-open-data,3523
266731,success,statsbomb-open-data,3576
266874,success,statsbomb-open-data,3439
266892,success,statsbomb-open-data,3524
266952,success,statsbomb-open-data,4063
266989,success,statsbomb-open-data,3803
267039,success,statsbomb-open-data,3737
267058,success,statsbomb-open-data,3628
267076,success,statsbomb-open-data,3979
267077,success,statsbomb-open-data,3713
267101,success,statsbomb-open-data,3901
267212,success,statsbomb-open-data,3424
267220,success,statsbomb-open-data,3953
267373,success,statsbomb-open-data,3872
267395,success,statsbomb-open-data,3696
267432,success,statsbomb-open-data,3359
267464,success,statsbomb-open-data,3079
267492,success,statsbomb-open-data,3687
267569,success,statsbomb-open-data,3667
267590,success,statsbomb-open-data,3547
267596,success,statsbomb-open-data,3874
267660,success,statsbomb-open-data,3671
267670,success,statsbomb-open-data,3505
