model,candidate,feature_group,params,rps,log_loss,brier,ece,accuracy
dummy,0,combined,{},0.20503709302651102,1.0095913538854218,0.6026023907505389,0.08380952380952394,0.56
svc_rbf,0,combined,"{""C"": 0.3}",0.19210020118403592,0.9685895669875016,0.5752703113943594,0.07143892222172944,0.56
svc_rbf,1,combined,"{""C"": 1.0}",0.18873278395812546,0.9578451038936204,0.5664696620846063,0.12079356874008738,0.6
random_forest,0,combined,"{""max_depth"": 5}",0.16924716908586532,0.91661276976894,0.5345249554815953,0.14868776567650274,0.56
random_forest,1,combined,"{""max_depth"": null}",0.1692769224095751,0.9105705447642132,0.5313651358150476,0.15117367356327885,0.54
gradient_boosting,0,combined,"{""max_depth"": 1}",0.17617618483900738,0.9420813398546127,0.5575173979739751,0.12031659158646121,0.52
gradient_boosting,1,combined,"{""max_depth"": 2}",0.18396003195437405,0.9864883662883248,0.5855579054327462,0.1234284630524411,0.52
xgboost,0,combined,"{""max_depth"": 2}",0.172972348285811,0.9246784178307615,0.5499226778584618,0.14449080194328642,0.56
xgboost,1,combined,"{""max_depth"": 3}",0.17562707508740089,0.9555221388466099,0.5632956562986167,0.15196652063418964,0.54
lightgbm,0,combined,"{""num_leaves"": 7}",0.20372377754788742,1.1404666982774194,0.6627012192236263,0.23417576493716355,0.48
lightgbm,1,combined,"{""num_leaves"": 15}",0.19795787524985275,1.1073019395376555,0.6475616256941037,0.20801459727878605,0.5
p1_logistic,0,network,"{""C"": 0.1}",0.20585988585988912,1.1906831867369856,0.6409687522726373,0.1559427007957558,0.56
p1_logistic,1,network,"{""C"": 1.0}",0.22870581796805034,1.7884230414235893,0.7278333339986393,0.250780391353571,0.56
scratch_figs,0,combined,"{""max_rules"": 8}",0.19262408133508058,0.98596341393017,0.5834681760751212,0.1885903364892038,0.62
scratch_figs,1,combined,"{""max_rules"": 12}",0.19523770991743894,0.9955308850972567,0.5915319740238207,0.07744801329852422,0.58
scratch_figs,2,combined,"{""max_rules"": 20}",0.21801179874625926,1.0679415124512055,0.6442997859366052,0.09349509822647514,0.44
market,0,market,{},0.14182267230979048,0.8044439961656324,0.4681385845090121,0.09099591837630322,0.64
