stage,task,model,elapsed_seconds,peak_rss_mb
prematch_locked_fit,classification,dummy,0.0017815000001064618,229.98828125
prematch_locked_fit,classification,gradient_boosting,1.2282121000002917,229.63671875
prematch_locked_fit,classification,lightgbm,0.3751828999997997,234.7890625
prematch_locked_fit,classification,p1_logistic,0.03476839999984804,230.94140625
prematch_locked_fit,classification,random_forest,0.3022728000000825,233.40234375
prematch_locked_fit,classification,scratch_figs,0.09096660000022894,233.31640625
prematch_locked_fit,classification,svc_rbf,0.07171650000009322,234.0546875
prematch_locked_fit,classification,xgboost,0.7343073000001823,234.6640625
prematch_locked_fit,regression,dummy,0.001743100000112463,231.10546875
prematch_locked_fit,regression,gradient_boosting,0.4863945000001877,234.33203125
prematch_locked_fit,regression,kernel_ridge_exact,0.011343000000124448,234.515625
prematch_locked_fit,regression,lightgbm,0.13802279999981693,237.52734375
prematch_locked_fit,regression,nystroem_ridge,0.016550599999845872,234.5
prematch_locked_fit,regression,p1_ridge,0.01026899999988018,235.39453125
prematch_locked_fit,regression,random_forest,0.25022939999962546,236.44921875
prematch_locked_fit,regression,scratch_figs,0.16080909999982396,236.1171875
prematch_locked_fit,regression,svr_rbf,0.024647200000345038,237.46484375
prematch_locked_fit,regression,xgboost,0.267565999999988,239.7421875
