stage,task,model,candidate,elapsed_seconds,peak_rss_mb
prematch_selection,classification,dummy,0,0.01298610000003464,205.390625
prematch_selection,classification,svc_rbf,0,0.024532600000384264,207.30859375
prematch_selection,classification,svc_rbf,1,0.024760499999956664,207.70703125
prematch_selection,classification,random_forest,0,0.1935057999999117,210.328125
prematch_selection,classification,random_forest,1,0.19218140000020867,210.89453125
prematch_selection,classification,gradient_boosting,0,0.883496500000092,210.2890625
prematch_selection,classification,gradient_boosting,1,2.036579399999937,210.40234375
prematch_selection,classification,xgboost,0,0.5384415999997145,219.22265625
prematch_selection,classification,xgboost,1,1.0199161999998978,226.03125
prematch_selection,classification,lightgbm,0,0.3305629000001318,220.64453125
prematch_selection,classification,lightgbm,1,0.3081339999998818,222.9609375
prematch_selection,classification,p1_logistic,0,0.03381439999975555,219.4375
prematch_selection,classification,p1_logistic,1,0.06946150000021589,219.44140625
prematch_selection,classification,scratch_figs,0,0.12225429999989501,221.4375
prematch_selection,classification,scratch_figs,1,0.16945880000002944,222.578125
prematch_selection,classification,scratch_figs,2,0.2716182000003755,223.75
prematch_selection,regression,dummy,0,0.001691599999958271,223.75390625
prematch_selection,regression,svr_rbf,0,0.02143919999980426,224.3515625
prematch_selection,regression,svr_rbf,1,0.021025300000019342,224.42578125
prematch_selection,regression,kernel_ridge_exact,0,0.03076660000033371,225.078125
prematch_selection,regression,kernel_ridge_exact,1,0.02067780000015773,226.83203125
prematch_selection,regression,nystroem_ridge,0,0.017501799999990908,225.671875
prematch_selection,regression,nystroem_ridge,1,0.026749200000267592,225.1796875
prematch_selection,regression,random_forest,0,0.23785270000007586,226.78125
prematch_selection,regression,random_forest,1,0.22863860000006753,227.12890625
prematch_selection,regression,gradient_boosting,0,0.4541511000002174,226.8671875
prematch_selection,regression,gradient_boosting,1,0.839813999999933,226.8671875
prematch_selection,regression,xgboost,0,0.22161400000004505,227.58984375
prematch_selection,regression,xgboost,1,0.42518109999991793,231.15234375
prematch_selection,regression,lightgbm,0,0.11776349999990998,228.25
prematch_selection,regression,lightgbm,1,0.12634740000021338,230.91015625
prematch_selection,regression,p1_ridge,0,0.009028400000261172,225.21875
prematch_selection,regression,p1_ridge,1,0.012528299999758019,225.359375
prematch_selection,regression,scratch_figs,0,0.12208129999999073,228.4296875
prematch_selection,regression,scratch_figs,1,0.19028520000028948,228.41015625
prematch_selection,regression,scratch_figs,2,0.353267699999833,228.6328125
