model,candidate,feature_group,params,mae,rmse,correlation
dummy,0,combined,{},1.5485714285714283,2.0495893067955375,1.7947576958165063e-17
gradient_boosting,0,combined,"{""max_depth"": 1}",1.2596575400826557,1.684656638901239,0.6264159916517914
kernel_ridge_exact,0,combined,"{""alpha"": 1.0, ""gamma"": 0.005}",1.369024164258414,1.856289895857728,0.5175190693525465
lightgbm,1,combined,"{""num_leaves"": 15}",1.3350263249146272,1.7220895875106403,0.5268899418668808
nystroem_ridge,0,combined,"{""alpha"": 1.0, ""n_components"": 75}",1.4962286134579343,1.9870933028078108,0.46186982641239094
p1_ridge,1,network,"{""alpha"": 30.0}",1.4024474264867128,1.8579236643074986,0.35990204054727776
random_forest,0,combined,"{""max_depth"": 5}",1.2628203137602778,1.7005886401417971,0.5845018251002863
scratch_figs,0,combined,"{""max_rules"": 8}",1.402475275211523,1.864155463606544,0.4415505737135922
svr_rbf,1,combined,"{""C"": 1.0}",1.2912283992304767,1.7251862678172216,0.5484673627057726
xgboost,0,combined,"{""max_depth"": 2}",1.3056034523248672,1.697139436334457,0.5539923112550174
