model,rps,log_loss,brier,ece,accuracy
dummy,0.23367789251818183,1.0537841072859906,0.6369511648613764,0.10309422076131891,0.5063291139240507
gradient_boosting,0.21344330915755239,1.0087121435343958,0.5925316271536663,0.07011568088332815,0.5569620253164557
kernel_ridge_exact,0.2132713795257302,1.0005849054147442,0.5960583749481958,0.14939146953986063,0.569620253164557
lightgbm,0.22435343906726388,1.0305123460628034,0.616195521946907,0.09413532511838957,0.5569620253164557
nystroem_ridge,0.22953315195498317,1.0423732172257387,0.6281790159376985,0.1083593914489691,0.5189873417721519
p1_ridge,0.227464396583641,1.0471880569947933,0.625093076586122,0.0693419795769363,0.4936708860759494
random_forest,0.20904355580964656,0.9904299021404779,0.5851520880975803,0.11820264944622007,0.5189873417721519
scratch_figs,0.24042105054550877,1.0816885231142823,0.648516827102497,0.06905551671153468,0.43037974683544306
svr_rbf,0.20689326855180112,0.9845627030799616,0.5805483109521593,0.1454265626329388,0.569620253164557
xgboost,0.21357074133267445,1.0078898802044585,0.5936432191839899,0.13265840233297807,0.5569620253164557
