match_id,model,actual_margin,predicted_margin,p_A,p_D,p_H
267533,dummy,-1,0.5397489539748954,0.3548883821847843,0.24187672465248405,0.4032348931627317
3825822,dummy,1,0.5397489539748954,0.3548883821847843,0.24187672465248405,0.4032348931627317
3825872,dummy,4,0.5397489539748954,0.3548883821847843,0.24187672465248405,0.4032348931627317
3825898,dummy,0,0.5397489539748954,0.3548883821847843,0.24187672465248405,0.4032348931627317
3825823,dummy,-1,0.5397489539748954,0.3548883821847843,0.24187672465248405,0.4032348931627317
3825824,dummy,-1,0.5397489539748954,0.3548883821847843,0.24187672465248405,0.4032348931627317
3825877,dummy,0,0.5397489539748954,0.3548883821847843,0.24187672465248405,0.4032348931627317
3825905,dummy,0,0.5397489539748954,0.3548883821847843,0.24187672465248405,0.4032348931627317
3825825,dummy,0,0.5397489539748954,0.3548883821847843,0.24187672465248405,0.4032348931627317
3825826,dummy,0,0.5397489539748954,0.3548883821847843,0.24187672465248405,0.4032348931627317
266664,dummy,1,0.5397489539748954,0.3548883821847843,0.24187672465248405,0.4032348931627317
3825827,dummy,1,0.5397489539748954,0.3548883821847843,0.24187672465248405,0.4032348931627317
3825828,dummy,-2,0.5397489539748954,0.3548883821847843,0.24187672465248405,0.4032348931627317
3825856,dummy,4,0.5397489539748954,0.3548883821847843,0.24187672465248405,0.4032348931627317
3825829,dummy,1,0.5397489539748954,0.3548883821847843,0.24187672465248405,0.4032348931627317
3825830,dummy,2,0.5397489539748954,0.3548883821847843,0.24187672465248405,0.4032348931627317
3825831,dummy,1,0.5397489539748954,0.3548883821847843,0.24187672465248405,0.4032348931627317
3825832,dummy,-1,0.5397489539748954,0.3548883821847843,0.24187672465248405,0.4032348931627317
3825863,dummy,-2,0.5397489539748954,0.3548883821847843,0.24187672465248405,0.4032348931627317
3825857,dummy,1,0.5397489539748954,0.3548883821847843,0.24187672465248405,0.4032348931627317
3825833,dummy,-4,0.5397489539748954,0.3548883821847843,0.24187672465248405,0.4032348931627317
3825852,dummy,0,0.5397489539748954,0.3548883821847843,0.24187672465248405,0.4032348931627317
3825889,dummy,0,0.5397489539748954,0.3548883821847843,0.24187672465248405,0.4032348931627317
3825897,dummy,1,0.5397489539748954,0.3548883821847843,0.24187672465248405,0.4032348931627317
266557,dummy,-1,0.5397489539748954,0.3548883821847843,0.24187672465248405,0.4032348931627317
3825834,dummy,3,0.5397489539748954,0.3548883821847843,0.24187672465248405,0.4032348931627317
3825835,dummy,-1,0.5397489539748954,0.3548883821847843,0.24187672465248405,0.4032348931627317
3825836,dummy,1,0.5397489539748954,0.3548883821847843,0.24187672465248405,0.4032348931627317
3825906,dummy,0,0.5397489539748954,0.3548883821847843,0.24187672465248405,0.4032348931627317
3825837,dummy,1,0.5397489539748954,0.3548883821847843,0.24187672465248405,0.4032348931627317
3825862,dummy,0,0.5397489539748954,0.3548883821847843,0.24187672465248405,0.4032348931627317
266310,dummy,-5,0.5397489539748954,0.3548883821847843,0.24187672465248405,0.4032348931627317
3825838,dummy,-1,0.5397489539748954,0.3548883821847843,0.24187672465248405,0.4032348931627317
3825839,dummy,1,0.5397489539748954,0.3548883821847843,0.24187672465248405,0.4032348931627317
3825840,dummy,4,0.5397489539748954,0.3548883821847843,0.24187672465248405,0.4032348931627317
3825843,dummy,0,0.5397489539748954,0.3548883821847843,0.24187672465248405,0.4032348931627317
3825893,dummy,3,0.5397489539748954,0.3548883821847843,0.24187672465248405,0.4032348931627317
3825841,dummy,-1,0.5397489539748954,0.3548883821847843,0.24187672465248405,0.4032348931627317
3825896,dummy,4,0.5397489539748954,0.3548883821847843,0.24187672465248405,0.4032348931627317
3825871,dummy,4,0.5397489539748954,0.3548883821847843,0.24187672465248405,0.4032348931627317
265944,dummy,5,0.5397489539748954,0.3548883821847843,0.24187672465248405,0.4032348931627317
3825847,dummy,0,0.5397489539748954,0.3548883821847843,0.24187672465248405,0.4032348931627317
3825886,dummy,-1,0.5397489539748954,0.3548883821847843,0.24187672465248405,0.4032348931627317
3825890,dummy,1,0.5397489539748954,0.3548883821847843,0.24187672465248405,0.4032348931627317
3825842,dummy,0,0.5397489539748954,0.3548883821847843,0.24187672465248405,0.4032348931627317
3825875,dummy,0,0.5397489539748954,0.3548883821847843,0.24187672465248405,0.4032348931627317
3825884,dummy,2,0.5397489539748954,0.3548883821847843,0.24187672465248405,0.4032348931627317
3825899,dummy,0,0.5397489539748954,0.3548883821847843,0.24187672465248405,0.4032348931627317
3825868,dummy,1,0.5397489539748954,0.3548883821847843,0.24187672465248405,0.4032348931627317
3825854,dummy,2,0.5397489539748954,0.3548883821847843,0.24187672465248405,0.4032348931627317
266986,dummy,-2,0.5397489539748954,0.3548883821847843,0.24187672465248405,0.4032348931627317
3825859,dummy,1,0.5397489539748954,0.3548883821847843,0.24187672465248405,0.4032348931627317
3825864,dummy,-1,0.5397489539748954,0.3548883821847843,0.24187672465248405,0.4032348931627317
3825878,dummy,1,0.5397489539748954,0.3548883821847843,0.24187672465248405,0.4032348931627317
3825845,dummy,1,0.5397489539748954,0.3548883821847843,0.24187672465248405,0.4032348931627317
3825870,dummy,1,0.5397489539748954,0.3548883821847843,0.24187672465248405,0.4032348931627317
3825873,dummy,-2,0.5397489539748954,0.3548883821847843,0.24187672465248405,0.4032348931627317
3825894,dummy,-2,0.5397489539748954,0.3548883821847843,0.24187672465248405,0.4032348931627317
3825855,dummy,2,0.5397489539748954,0.3548883821847843,0.24187672465248405,0.4032348931627317
265958,dummy,5,0.5397489539748954,0.3548883821847843,0.24187672465248405,0.4032348931627317
3825850,dummy,1,0.5397489539748954,0.3548883821847843,0.24187672465248405,0.4032348931627317
3825851,dummy,-2,0.5397489539748954,0.3548883821847843,0.24187672465248405,0.4032348931627317
3825853,dummy,-3,0.5397489539748954,0.3548883821847843,0.24187672465248405,0.4032348931627317
3825860,dummy,1,0.5397489539748954,0.3548883821847843,0.24187672465248405,0.4032348931627317
3825861,dummy,1,0.5397489539748954,0.3548883821847843,0.24187672465248405,0.4032348931627317
3825865,dummy,0,0.5397489539748954,0.3548883821847843,0.24187672465248405,0.4032348931627317
3825866,dummy,0,0.5397489539748954,0.3548883821847843,0.24187672465248405,0.4032348931627317
3825901,dummy,1,0.5397489539748954,0.3548883821847843,0.24187672465248405,0.4032348931627317
3825904,dummy,0,0.5397489539748954,0.3548883821847843,0.24187672465248405,0.4032348931627317
3825849,dummy,-1,0.5397489539748954,0.3548883821847843,0.24187672465248405,0.4032348931627317
267506,dummy,-3,0.5397489539748954,0.3548883821847843,0.24187672465248405,0.4032348931627317
3825846,dummy,-2,0.5397489539748954,0.3548883821847843,0.24187672465248405,0.4032348931627317
3825869,dummy,2,0.5397489539748954,0.3548883821847843,0.24187672465248405,0.4032348931627317
3825882,dummy,2,0.5397489539748954,0.3548883821847843,0.24187672465248405,0.4032348931627317
3825876,dummy,1,0.5397489539748954,0.3548883821847843,0.24187672465248405,0.4032348931627317
3825883,dummy,3,0.5397489539748954,0.3548883821847843,0.24187672465248405,0.4032348931627317
3825900,dummy,2,0.5397489539748954,0.3548883821847843,0.24187672465248405,0.4032348931627317
3825902,dummy,2,0.5397489539748954,0.3548883821847843,0.24187672465248405,0.4032348931627317
3825908,dummy,2,0.5397489539748954,0.3548883821847843,0.24187672465248405,0.4032348931627317
267533,gradient_boosting,-1,1.9751967910759147,0.08375327335318473,0.13584191162948178,0.7804048150173335
3825822,gradient_boosting,1,0.4156155051111337,0.33845616765459186,0.2537639906267691,0.40777984171863907
3825872,gradient_boosting,4,1.268417919914339,0.1715077439291316,0.19608818254790072,0.6324040735229677
3825898,gradient_boosting,0,0.15263341088469348,0.39814785023732535,0.26209905021384305,0.3397530995488314
3825823,gradient_boosting,-1,0.7752188160794699,0.2613219787179553,0.23408350883828102,0.5045945124437637
3825824,gradient_boosting,-1,0.4414928256945889,0.33268472519267683,0.25265077650430595,0.4146644983030172
3825877,gradient_boosting,0,1.5598779024209914,0.12945085884284632,0.17096141616181598,0.6995877249953376
3825905,gradient_boosting,0,0.3604806689320464,0.35083247271198287,0.2559650228379145,0.3932025044501027
3825825,gradient_boosting,0,0.22004186504118017,0.38272556574104466,0.26049085385291043,0.35678358040604485
3825826,gradient_boosting,0,-0.05772246083055726,0.44626766286718805,0.26473886451895473,0.2889934726138572
266664,gradient_boosting,1,-0.17548340483849487,0.472913960630633,0.2646679389661762,0.26241810040319086
3825827,gradient_boosting,1,0.1317794835073855,0.4029255639285266,0.2625216036224773,0.33455283244899614
3825828,gradient_boosting,-2,-0.19986232902611145,0.478382613060462,0.2645186707848311,0.25709871615470686
3825856,gradient_boosting,4,1.5282413403212989,0.13360475247998135,0.17370702644620728,0.6926882210738114
3825829,gradient_boosting,1,0.7891545456668074,0.25849721876854576,0.2331551972685926,0.5083475839628617
3825830,gradient_boosting,2,0.567703585013399,0.30495439564935106,0.24651386630606492,0.44853173804458407
3825831,gradient_boosting,1,-0.05772246083055726,0.44626766286718805,0.26473886451895473,0.2889934726138572
3825832,gradient_boosting,-1,-0.08927250840517931,0.45343901130967856,0.26482687931510873,0.28173410937521265
3825863,gradient_boosting,-2,0.5117638443957415,0.31715228041449245,0.24937598144451567,0.43347173814099194
3825857,gradient_boosting,1,0.3823651501915719,0.34590787773217996,0.2551194508287774,0.39897267143904264
3825833,gradient_boosting,-4,-0.4132665785358185,0.5252764813348406,0.261345552037583,0.21337796662757638
3825852,gradient_boosting,0,0.9470420225938039,0.2275681492185841,0.2219349513225517,0.5504968994588643
3825889,gradient_boosting,0,1.0419912911426534,0.20999478649823103,0.214646749670005,0.5753584638317639
3825897,gradient_boosting,1,-0.042323726576409815,0.4427605842053061,0.2646670846474502,0.29257233114724374
266557,gradient_boosting,-1,3.000481762729845,0.025348311004839027,0.0682782157709538,0.9063734732242072
3825834,gradient_boosting,3,1.68631129643006,0.11383037337626024,0.1600360587707936,0.7261335678529461
3825835,gradient_boosting,-1,0.22436917876295825,0.38173720675878825,0.2603750096846072,0.3578877835566045
3825836,gradient_boosting,1,0.44527776943743463,0.3318427510317275,0.25248371707931827,0.41567353188895423
3825906,gradient_boosting,0,0.8281389979313398,0.25067362570389123,0.23050183543216934,0.5188245388639394
3825837,gradient_boosting,1,-0.07115749587321195,0.44932391501898844,0.26478602245132105,0.28589006252969057
3825862,gradient_boosting,0,-0.05772246083055726,0.44626766286718805,0.26473886451895473,0.2889934726138572
266310,gradient_boosting,-5,-0.7911428225479933,0.6023509803713264,0.24858973303021806,0.1490592865984555
3825838,gradient_boosting,-1,0.1486107907117485,0.39906930188181905,0.26218332093247027,0.3387473771857107
3825839,gradient_boosting,1,0.2907506589073028,0.36661407092278575,0.25840874493952204,0.3749771841376921
3825840,gradient_boosting,4,0.5367043088854972,0.3116942712210153,0.2481272812029574,0.44017844757602725
3825843,gradient_boosting,0,0.1317794835073855,0.4029255639285266,0.2625216036224773,0.33455283244899614
3825893,gradient_boosting,3,1.4657615550678076,0.1421009819161744,0.17912971659487933,0.6787693014889463
3825841,gradient_boosting,-1,0.6840532923063244,0.28014587219332143,0.23987806451987334,0.4799760632868053
3825896,gradient_boosting,4,-0.05772246083055726,0.44626766286718805,0.26473886451895473,0.2889934726138572
3825871,gradient_boosting,4,0.5408542064892005,0.31078910868032333,0.2479152079368084,0.44129568338286823
265944,gradient_boosting,5,3.180672014121648,0.02031090280723283,0.059810787510840985,0.9198783096819262
3825847,gradient_boosting,0,0.1618893935094668,0.3960279431467143,0.26190013277062596,0.3420719240826598
3825886,gradient_boosting,-1,-0.09941196834581198,0.45573923751245876,0.2648383997759659,0.27942236271157533
3825890,gradient_boosting,1,1.3574246351924806,0.15776049852555235,0.1884910224845301,0.6537484789899176
3825842,gradient_boosting,0,-0.1158749323622707,0.4594689223508999,0.26483983460725025,0.27569124304184994
3825875,gradient_boosting,0,0.05895633102295589,0.4196123270167338,0.2637187958287558,0.31666887715451053
3825884,gradient_boosting,2,0.8945204780756842,0.23762919313198677,0.22580253234367229,0.536568274524341
3825899,gradient_boosting,0,0.5472384324060946,0.30939832080078333,0.24758657793405042,0.44301510126516624
3825868,gradient_boosting,1,1.6263379904771946,0.12104591659909408,0.16520510898686486,0.7137489744140411
3825854,gradient_boosting,2,0.474224523632006,0.32542295951971967,0.2511706952373985,0.4234063452428818
266986,gradient_boosting,-2,-0.904997592718008,0.623741261254971,0.243318018123713,0.13294072062131598
3825859,gradient_boosting,1,0.5634210355211194,0.30588249467850054,0.24674075838438966,0.44737674693710977
3825864,gradient_boosting,-1,-0.13099264147337347,0.46288795651682396,0.2648224094056206,0.2722896340775554
3825878,gradient_boosting,1,1.6746057360189421,0.11521148855060104,0.16104243259456094,0.723746078854838
3825845,gradient_boosting,1,0.06929969825389408,0.41724303110983296,0.2635751112334007,0.3191818576567665
3825870,gradient_boosting,1,0.7594182602653977,0.2645421657022539,0.23512280182113401,0.5003350324766122
3825873,gradient_boosting,-2,0.07958467091407422,0.4148866369670907,0.26342359191317394,0.32168977111973546
3825894,gradient_boosting,-2,0.6323961011809465,0.29105966343835254,0.24293430324027318,0.4660060333213743
3825855,gradient_boosting,2,0.35323044416079424,0.3524672223970264,0.2562369360906104,0.39129584151236324
265958,gradient_boosting,5,3.180672014121648,0.02031090280723283,0.059810787510840985,0.9198783096819262
3825850,gradient_boosting,1,0.8993378329245704,0.23669662625601315,0.22545308323083776,0.537850290513149
3825851,gradient_boosting,-2,0.11292975013678795,0.40724519550521104,0.26287300339329417,0.32988180110149484
3825853,gradient_boosting,-3,1.2225241730302587,0.17890497273169567,0.19995349160708373,0.6211415356612205
3825860,gradient_boosting,1,-0.4351874842597869,0.5299756852020895,0.26083928207278706,0.20918503272512357
3825861,gradient_boosting,1,0.35323044416079424,0.3524672223970264,0.2562369360906104,0.39129584151236324
3825865,gradient_boosting,0,0.44739493250919443,0.3313720315268666,0.2523898011736779,0.41623816729945545
3825866,gradient_boosting,0,0.13275468747868907,0.40270210530766254,0.26250263456588124,0.33479526012645616
3825901,gradient_boosting,1,1.4991066342905213,0.13751811100883987,0.17623625492041128,0.6862456340707489
3825904,gradient_boosting,0,0.6623216979279256,0.28471653242942974,0.24118459519625263,0.47409887237431764
3825849,gradient_boosting,-1,0.011147226722180662,0.4305538389574768,0.264269872661043,0.3051762883814803
267506,gradient_boosting,-3,-0.695670711038164,0.5837249765136006,0.25255487968167567,0.16372014380472383
3825846,gradient_boosting,-2,-0.54028873762027,0.5521468913733522,0.2579816195746172,0.1898714890520307
3825869,gradient_boosting,2,1.1904323616538888,0.18420124729174475,0.20262994979452978,0.6131688029137254
3825882,gradient_boosting,2,0.5452175243832413,0.30983834383113024,0.24769091560491271,0.4424707405639572
3825876,gradient_boosting,1,-0.0775473981724585,0.4507762601371655,0.26480340838881866,0.28442033147401596
3825883,gradient_boosting,3,0.46300777088068756,0.3279064244967897,0.25168688133991923,0.4204066941632911
3825900,gradient_boosting,2,0.6144766472758657,0.2948841541689611,0.2439539955197126,0.46116185031132617
3825902,gradient_boosting,2,0.8887570338343854,0.23874745613009954,0.22621916067545075,0.5350333831944497
3825908,gradient_boosting,2,0.04737879252992567,0.4222636034348802,0.26386929124803715,0.3138671053170826
267533,kernel_ridge_exact,-1,0.08749497864190155,0.40095804656863887,0.27143332381636914,0.32760862961499193
3825822,kernel_ridge_exact,1,0.4057346737508343,0.35131257578883823,0.2410364073601883,0.40765101685097344
3825872,kernel_ridge_exact,4,0.8791385640928518,0.2735822135904064,0.19148796561698483,0.5349298207926088
3825898,kernel_ridge_exact,0,0.34321688815822954,0.36135051917138883,0.24727110739312927,0.391378373435482
3825823,kernel_ridge_exact,-1,0.10289997120036759,0.39865125082263947,0.27004697632329655,0.3313017728540641
3825824,kernel_ridge_exact,-1,0.6736239775393612,0.3074238474045375,0.2133190598797687,0.4792570927156939
3825877,kernel_ridge_exact,0,0.7809434888214702,0.2897088025558287,0.20193800425096267,0.5083531931932086
3825905,kernel_ridge_exact,0,0.5870141441125184,0.32171201085839246,0.22242017052132543,0.4558678186202822
3825825,kernel_ridge_exact,0,0.43996035148002627,0.34577325835744654,0.23757830623694656,0.41664843540560687
3825826,kernel_ridge_exact,0,0.17110131872841872,0.38830586366330244,0.2637961305108699,0.34789800582582764
266664,kernel_ridge_exact,1,-0.24135479657650075,0.4471698603814582,0.29855052693369244,0.2542796126848494
3825827,kernel_ridge_exact,1,0.3490775748520394,0.36041434548547907,0.24669141000799308,0.39289424450652793
3825828,kernel_ridge_exact,-2,0.1500711032869036,0.3915183688113157,0.26574291844481196,0.34273871274387224
3825856,kernel_ridge_exact,4,1.266195760479011,0.21244593768120076,0.15114240784545255,0.6364116544733466
3825829,kernel_ridge_exact,1,0.7951362254270781,0.2873708024295,0.20042817777626926,0.5122010197942307
3825830,kernel_ridge_exact,2,0.42938108680088827,0.34748850190831293,0.23865041095044026,0.4138610871412468
3825831,kernel_ridge_exact,1,0.47392298987156617,0.340250000834225,0.2341181749492718,0.4256318242165032
3825832,kernel_ridge_exact,-1,-0.11264653938964116,0.42981331901464515,0.28852332273954256,0.2816633582458123
3825863,kernel_ridge_exact,-2,0.33885805849526673,0.36204610187125696,0.24770158596389585,0.39025231216484724
3825857,kernel_ridge_exact,1,0.5901079958089526,0.32120251215909496,0.22209687810845682,0.45670060973244825
3825833,kernel_ridge_exact,-4,0.0032929245353895686,0.4133581620758867,0.27883648850310644,0.30780534942100685
3825852,kernel_ridge_exact,0,1.3859056144331712,0.19480994785065037,0.13929645895319084,0.6658935931961587
3825889,kernel_ridge_exact,0,0.4254698089063027,0.3481219784491524,0.23904606718185886,0.41283195436898884
3825897,kernel_ridge_exact,1,0.34386693896355813,0.36124673348562475,0.2472068594806151,0.39154640703376026
266557,kernel_ridge_exact,-1,1.6913701118690359,0.1535912394859446,0.11124648196657912,0.7351622785474763
3825834,kernel_ridge_exact,3,1.2065322066619397,0.22150210972258244,0.15718958052666382,0.6213083097507537
3825835,kernel_ridge_exact,-1,0.3051793520623091,0.3674000438519396,0.25100807688744825,0.3815918792606123
3825836,kernel_ridge_exact,1,0.13056129728947255,0.39448094373061376,0.26753370225191975,0.3379853540174666
3825906,kernel_ridge_exact,0,0.39461476553053093,0.3531059571182396,0.24215334178875655,0.4047407010930038
3825837,kernel_ridge_exact,1,0.13961635657346083,0.3931080749774922,0.26670439352713243,0.3401875314953754
3825862,kernel_ridge_exact,0,0.4593558889460104,0.34262202835628286,0.23560562574891145,0.42177234589480567
266310,kernel_ridge_exact,-5,-0.09593966192789297,0.42748862125800197,0.2871649295076559,0.2853464492343422
3825838,kernel_ridge_exact,-1,0.02000588005720781,0.4109257930289904,0.27739101218883894,0.3116831947821707
3825839,kernel_ridge_exact,1,0.4460239335173248,0.3447889924192818,0.23696257082525837,0.4182484367554598
3825840,kernel_ridge_exact,4,0.5018278824186397,0.335694533613407,0.2312554654388474,0.43305000094774554
3825843,kernel_ridge_exact,0,0.7011385007563458,0.3028792394248259,0.2104094348786632,0.486711325696511
3825893,kernel_ridge_exact,3,1.4744496347702192,0.18227216618637906,0.13081872617448212,0.6869091076391388
3825841,kernel_ridge_exact,-1,0.736835856380756,0.2969844114051494,0.20662493213911334,0.4963906564557374
3825896,kernel_ridge_exact,4,0.1784157103834803,0.3871840132415927,0.26311509471056505,0.3497008920478423
3825871,kernel_ridge_exact,4,0.741142737054519,0.29627348699769857,0.20616772918415324,0.4975587838181482
265944,kernel_ridge_exact,5,1.6857891998586794,0.15429088383127215,0.1117269544296463,0.7339821617390816
3825847,kernel_ridge_exact,0,0.28426646321537646,0.37070543961222396,0.2530432076800787,0.37625135270769733
3825886,kernel_ridge_exact,-1,-0.1811983743016818,0.4391813061166844,0.29396132925736623,0.2668573646259494
3825890,kernel_ridge_exact,1,0.8621974766729341,0.2763547940876086,0.1932905213623319,0.5303546845500595
3825842,kernel_ridge_exact,0,-0.1972347100180486,0.4413323793894831,0.2952015519480236,0.2634660686624932
3825875,kernel_ridge_exact,0,0.14570326519367116,0.39218312327344057,0.2661451241692641,0.3416717525572953
3825884,kernel_ridge_exact,2,0.554090978135957,0.3271275165231319,0.22585066852751687,0.44702181494935117
3825899,kernel_ridge_exact,0,0.5280885829241838,0.3313950184116828,0.22854638676135533,0.44005859482696197
3825868,kernel_ridge_exact,1,0.7293230672257187,0.29822471248661314,0.20742217910986913,0.49435310840351776
3825854,kernel_ridge_exact,2,0.2413714590655588,0.37743595740825286,0.25717212493447406,0.3653919176572731
266986,kernel_ridge_exact,-2,-0.24787370891597213,0.4480222414702981,0.29903744769012786,0.252940310839574
3825859,kernel_ridge_exact,1,0.26742135800025024,0.3733566551320269,0.2546720638551689,0.3719712810128042
3825864,kernel_ridge_exact,-1,-0.18498933736610373,0.4396912153380575,0.29425561561076224,0.2660531690511803
3825878,kernel_ridge_exact,1,0.7273059190737866,0.2985577636398378,0.2076361718188999,0.49380606454126236
3825845,kernel_ridge_exact,1,0.5200313100870153,0.33271537420582264,0.22937906681022432,0.437905558983953
3825870,kernel_ridge_exact,1,0.3129362886796496,0.36617021359901925,0.2502496510475203,0.3835801353534604
3825873,kernel_ridge_exact,-2,0.35677392542409203,0.35918336118734184,0.24592859828010966,0.39488804053254845
3825894,kernel_ridge_exact,-2,0.6359159477302769,0.3136497054270011,0.21729354452830085,0.4690567500446981
3825855,kernel_ridge_exact,2,0.9737441495630899,0.25820412904578627,0.1814464050704472,0.5603494658837666
265958,kernel_ridge_exact,5,1.0555637608886845,0.24508941427498018,0.17282528328784583,0.582085302437174
3825850,kernel_ridge_exact,1,0.335037890884774,0.36265523674701156,0.24807839544801613,0.3892663678049723
3825851,kernel_ridge_exact,-2,0.12342024664159196,0.3955609683212711,0.26818544266768773,0.3362535890110411
3825853,kernel_ridge_exact,-3,0.894556909663228,0.27106321666826444,0.18984816974046675,0.5390886135912688
3825860,kernel_ridge_exact,1,-0.19927099257969064,0.441604409530359,0.29535816151602146,0.2630374289536196
3825861,kernel_ridge_exact,1,0.26542033550709443,0.3736709064590937,0.2548649253382255,0.37146416820268074
3825865,kernel_ridge_exact,0,0.4468951282987224,0.34464750841484687,0.23687403017321157,0.4184784614119415
3825866,kernel_ridge_exact,0,-0.25383386020579163,0.448799262591558,0.2994808446011359,0.251719892807306
3825901,kernel_ridge_exact,1,1.2891462743532889,0.20900761491171418,0.1488401422821655,0.6421522428061203
3825904,kernel_ridge_exact,0,0.2665469537826199,0.3734939943884688,0.2547563567990749,0.3717496488124564
3825849,kernel_ridge_exact,-1,-0.06187419562086638,0.42269926853529916,0.28435563213443676,0.29294509933026425
267506,kernel_ridge_exact,-3,-0.371682654754077,0.4637058046831697,0.3078948814914766,0.22839931382535375
3825846,kernel_ridge_exact,-2,0.058951801113096905,0.4052016347139802,0.2739763000924915,0.32082206519352824
3825869,kernel_ridge_exact,2,0.6146985220537462,0.31714992798274433,0.21952208371542759,0.46332798830182803
3825882,kernel_ridge_exact,2,0.44799475915947407,0.3444689017201753,0.23676224692682232,0.41876885135300246
3825876,kernel_ridge_exact,1,0.349462444482833,0.36035283046399474,0.24665330573489233,0.39299386380111284
3825883,kernel_ridge_exact,3,0.5608569849284153,0.3260156032620739,0.22514718825974103,0.44883720847818503
3825900,kernel_ridge_exact,2,0.45282004624508787,0.3436848423455181,0.23627138553943994,0.42004377211504196
3825902,kernel_ridge_exact,2,0.7328552789471614,0.2976415450204813,0.20704739179276704,0.4953110631867516
3825908,kernel_ridge_exact,2,0.20512458543265483,0.3830682156458954,0.2606113441464933,0.3563204402076113
267533,lightgbm,-1,2.231846027187052,0.14789113531793002,0.18100257209930076,0.6711062925827691
3825822,lightgbm,1,0.7234193272374138,0.30675672533443255,0.24396865525589712,0.4492746194096703
3825872,lightgbm,4,0.7449666855817106,0.3040737551699449,0.24332851337147343,0.4525977314585817
3825898,lightgbm,0,0.6377521330528997,0.3175034213579687,0.24640905188359133,0.43608752675844
3825823,lightgbm,-1,1.0833413523431896,0.26317715810934883,0.23198297016844857,0.5048398717222027
3825824,lightgbm,-1,1.1225219313062336,0.2586098630648847,0.2305236489078727,0.5108664880272427
3825877,lightgbm,0,1.3789805210091672,0.22970601801319207,0.22032838962446438,0.5499655923623435
3825905,lightgbm,0,0.7306838823744908,0.3058512440811503,0.24375400233783598,0.45039475358101366
3825825,lightgbm,0,0.26008398476533007,0.36609989795641124,0.2550571535066135,0.3788429485369753
3825826,lightgbm,0,-0.8975382158079298,0.5168171902509706,0.2586477071411912,0.22453510260783824
266664,lightgbm,1,-0.3346116597207825,0.44437039659553546,0.2612032436972842,0.29442635970718034
3825827,lightgbm,1,-0.3410184488271737,0.4452112095886169,0.2612187972119158,0.29356999319946725
3825828,lightgbm,-2,-0.08412687599665478,0.41137622963670295,0.25975202945939696,0.32887174090390026
3825856,lightgbm,4,1.9385925711441532,0.17337797927410817,0.1951382666628447,0.6314837540630471
3825829,lightgbm,1,0.7673165385597684,0.30129982327405885,0.24265355670333766,0.4560466200226035
3825830,lightgbm,2,0.6437292528767343,0.31674963498575326,0.24624428459844505,0.43700608041580175
3825831,lightgbm,1,0.3479567374929766,0.3546504473260767,0.2533633681935185,0.39198618448040473
3825832,lightgbm,-1,0.61810930474434,0.3199846313194935,0.2469446394001436,0.4330707292803629
3825863,lightgbm,-2,0.05221296705483757,0.39339293774202977,0.2582656895497462,0.3483413727082241
3825857,lightgbm,1,1.057047406150643,0.2662633698895875,0.23294647162443688,0.5007901584859756
3825833,lightgbm,-4,0.11701102172060897,0.38486180400424913,0.2573870556164213,0.35775114037932954
3825852,lightgbm,0,0.9256607279124888,0.28192742461332343,0.23756165811973398,0.48051091726694267
3825889,lightgbm,0,1.021636474742107,0.2704458720288504,0.2342234699267707,0.49533065804437876
3825897,lightgbm,1,-0.3347214287297303,0.4443848043480237,0.26120351915668144,0.2944116764952948
266557,lightgbm,-1,3.020308497139852,0.09320960807046119,0.1429075224433715,0.7638828694861672
3825834,lightgbm,3,1.512451112393853,0.21539422368133546,0.21463297791637925,0.5699727984022853
3825835,lightgbm,-1,0.33125944420218767,0.35682074912426176,0.25370042922096603,0.3894788216547722
3825836,lightgbm,1,0.37642754044976184,0.35095611740179555,0.25277230332131956,0.39627157927688494
3825906,lightgbm,0,1.834881323472301,0.1830692288308126,0.20002893248088272,0.6169018386883047
3825837,lightgbm,1,-0.10264006733900359,0.41381923683434163,0.2599159071036388,0.32626485606201955
3825862,lightgbm,0,0.547652100874302,0.32893300013307436,0.24879054275341544,0.4222764571135102
266310,lightgbm,-5,-1.6889634983500295,0.6100556022995309,0.24351269021060243,0.1464317074898667
3825838,lightgbm,-1,0.21215043910913084,0.3723714509977848,0.255897183069794,0.3717313659324211
3825839,lightgbm,1,0.6932452846419533,0.31052771084987135,0.24484743811465468,0.44462485103547394
3825840,lightgbm,4,1.121112622845426,0.2587734846363102,0.2305766225491966,0.5106498928144931
3825843,lightgbm,0,0.12742003407491947,0.38349295360737573,0.2572356075841645,0.35927143880845974
3825893,lightgbm,3,1.1420168889878777,0.2563516180085419,0.2297872234148626,0.5138611585765954
3825841,lightgbm,-1,1.069919590477051,0.2647504224018807,0.2324763996943763,0.502773177903743
3825896,lightgbm,4,0.29869526063404805,0.36106078607318426,0.2543373021662737,0.3846019117605419
3825871,lightgbm,4,0.44924593559209863,0.3415466156717431,0.2511676786610332,0.40728570566722383
265944,lightgbm,5,3.0242364435441553,0.09298520785860405,0.1427235864970481,0.7642912056443478
3825847,lightgbm,0,0.14282893199972463,0.3814675222762421,0.25700618796335206,0.3615262897604059
3825886,lightgbm,-1,0.07109226738275765,0.3909057855910652,0.25802112294484847,0.3510730914640864
3825890,lightgbm,1,1.3728296117265502,0.2303780716372207,0.22058494562616934,0.54903698273661
3825842,lightgbm,0,-0.21247819633779477,0.428305190405664,0.2607018460851793,0.31099296350915673
3825875,lightgbm,0,-0.4370348670282414,0.4577816391671314,0.26132480041721917,0.2808935604156495
3825884,lightgbm,2,1.8768913429029845,0.1791013580787445,0.19805690128536918,0.6228417406358864
3825899,lightgbm,0,0.9966460238312154,0.27341530799313707,0.23511018889659047,0.4914745031102724
3825868,lightgbm,1,1.5716227602548205,0.2092193359623866,0.21203506646180245,0.578745597575811
3825854,lightgbm,2,0.5623770465605011,0.3270568229852248,0.2484145721960134,0.4245286048187618
266986,lightgbm,-2,-1.9955830092017643,0.6425023707088976,0.23494923069020818,0.12254839860089416
3825859,lightgbm,1,0.4063535393266107,0.34708199621147273,0.25212894649464757,0.40078905729387965
3825864,lightgbm,-1,-0.38098863064529576,0.4504514000605283,0.26129180759291454,0.28825679234655727
3825878,lightgbm,1,1.109056917540029,0.26017518937501577,0.23102831491378734,0.5087964957111969
3825845,lightgbm,1,0.5759729250062272,0.32532728412500705,0.2480628066121085,0.4266099092628845
3825870,lightgbm,1,1.0931705883080316,0.2620277935724268,0.23161950263870304,0.5063527037888701
3825873,lightgbm,-2,0.4865124310736906,0.3367550687371006,0.2502953893236766,0.41294954193922284
3825894,lightgbm,-2,0.9949479946924902,0.27361759692203036,0.2351699979271188,0.4912124051508508
3825855,lightgbm,2,0.4035380045939891,0.3474460756202817,0.25219043601519114,0.40036348836452706
265958,lightgbm,5,3.201034324824717,0.08334098919229715,0.13454946096913792,0.7821095498385648
3825850,lightgbm,1,0.4512107144142023,0.3412935691229275,0.2511225476097626,0.4075838832673099
3825851,lightgbm,-2,-0.011580633146769414,0.40180398475755613,0.259022396067531,0.3391736191749129
3825853,lightgbm,-3,1.7405792211597058,0.1921838192367201,0.20440473972462905,0.6034114410386509
3825860,lightgbm,1,-1.228630359013482,0.5573385405757951,0.25374687733573503,0.1889145820884699
3825861,lightgbm,1,0.20207968936255633,0.37369110360220725,0.2560660844947031,0.37024281190308966
3825865,lightgbm,0,0.16978147402598726,0.37792764345811697,0.2565899280212656,0.36548242852061746
3825866,lightgbm,0,-0.8469363357022802,0.5104624858785367,0.25918832700980166,0.23034918711166166
3825901,lightgbm,1,1.6300008422849228,0.20323234520507147,0.20943231220180697,0.5873353425931215
3825904,lightgbm,0,0.8422131281261263,0.29207349859333104,0.24031171742904212,0.4676147839776269
3825849,lightgbm,-1,-0.08564985108502793,0.41157720521324437,0.25976585323974566,0.32865694154701003
267506,lightgbm,-3,-0.7613688853319148,0.4996319798813257,0.2599687514345301,0.2403992686841442
3825846,lightgbm,-2,-0.26521693113362144,0.43524992703373516,0.2609662575353005,0.30378381543096444
3825869,lightgbm,2,1.0295764803099874,0.26950546918617924,0.23393921466298825,0.4965553161508325
3825882,lightgbm,2,0.7571683913697477,0.3025582064440656,0.24296140474840264,0.4544803888075316
3825876,lightgbm,1,-0.3845939226857253,0.45092357778593817,0.2612963619947913,0.2877800602192705
3825883,lightgbm,3,0.5720228908415876,0.3258294917863576,0.2481654619438735,0.42600504626976887
3825900,lightgbm,2,0.8762805418268625,0.28791377683809727,0.23920660268213342,0.47287962047976945
3825902,lightgbm,2,0.8094719292416539,0.29609336181918033,0.24135046089866827,0.46255617728215137
3825908,lightgbm,2,-0.756421624328805,0.4990026987012156,0.2600086474305978,0.24098865386818652
267533,nystroem_ridge,-1,0.6152890603021204,0.3356168456468634,0.23967938635110256,0.42470376800203397
3825822,nystroem_ridge,1,0.5484610729668435,0.350189133803309,0.24197815236135967,0.4078327138353313
3825872,nystroem_ridge,4,0.6965635497168703,0.3181404636082031,0.23649038331378042,0.4453691530780164
3825898,nystroem_ridge,0,0.5236510537444921,0.35563879810186644,0.24275530588379504,0.4016058960143385
3825823,nystroem_ridge,-1,0.5720594253957184,0.3450246872703469,0.24120040655837346,0.4137749061712797
3825824,nystroem_ridge,-1,0.6218313439122758,0.33419945606781537,0.23943846507007222,0.42636207886211236
3825877,nystroem_ridge,0,0.6401860642666201,0.33023237492245006,0.2387476494443419,0.431019975633208
3825905,nystroem_ridge,0,0.5704460253452547,0.34537715493319954,0.24125477000174558,0.4133680750650549
3825825,nystroem_ridge,0,0.547662553358675,0.3503642214716375,0.24200381432548823,0.40763196420287423
3825826,nystroem_ridge,0,0.5178937723007297,0.3569061870563694,0.24292966984373685,0.4001641430998937
266664,nystroem_ridge,1,0.5327750482267111,0.353632370389958,0.24247435738329112,0.4038932722267509
3825827,nystroem_ridge,1,0.5184186649176321,0.35679059718353134,0.24291386666710196,0.4002955361493667
3825828,nystroem_ridge,-2,0.47370649511992813,0.36666520749690745,0.24419232292627552,0.38914246957681714
3825856,nystroem_ridge,4,0.679695254886458,0.32174301021319557,0.23718694882470778,0.4410700409620966
3825829,nystroem_ridge,1,0.558362503812901,0.34801988106322146,0.24165638042063653,0.410323738516142
3825830,nystroem_ridge,2,0.5469012176455872,0.3505311758007093,0.2420282412325469,0.4074405829667438
3825831,nystroem_ridge,1,0.5611697483257101,0.3474054670568653,0.2415639517396167,0.41103058120351804
3825832,nystroem_ridge,-1,0.3925260275216083,0.38471693322485984,0.24615921670280888,0.3691238500723313
3825863,nystroem_ridge,-2,0.5489563680053228,0.35008054347880535,0.2419622134799988,0.40795724304119585
3825857,nystroem_ridge,1,0.4977025669291929,0.36135878189905346,0.24352327562469245,0.39511794247625415
3825833,nystroem_ridge,-4,0.5080176649742357,0.3590825987814856,0.2432235064097663,0.39769389480874806
3825852,nystroem_ridge,0,0.6883575180105918,0.3198913207265719,0.2368314844812505,0.4432771947921776
3825889,nystroem_ridge,0,0.5695441898801159,0.34557421287818046,0.24128508145193303,0.4131407056698865
3825897,nystroem_ridge,1,0.5007554351708218,0.36068480434782857,0.24343531577081262,0.39587987988135875
266557,nystroem_ridge,-1,0.9046426893474286,0.2749784732846827,0.2264959079432228,0.49852561877209434
3825834,nystroem_ridge,3,0.709187921044798,0.31545330740125976,0.2359573939719519,0.44858929862678837
3825835,nystroem_ridge,-1,0.30714615460516104,0.40381941857146203,0.24772797392893545,0.3484526074996025
3825836,nystroem_ridge,1,0.4076267733415862,0.3813490244178789,0.2458282374162462,0.3728227381658749
3825906,nystroem_ridge,0,0.500341235411905,0.3607762312458024,0.24344728728210985,0.39577648147208777
3825837,nystroem_ridge,1,0.5004867570860778,0.360744109487593,0.24344308264711212,0.39581280786529494
3825862,nystroem_ridge,0,0.5292155413637047,0.35441481978180917,0.24258463587922946,0.4030005443389613
266310,nystroem_ridge,-5,0.5488686151016003,0.35009978215314236,0.24196503862580593,0.4079351792210517
3825838,nystroem_ridge,-1,0.36308353941849897,0.39129401549469645,0.24675838211794418,0.36194760238735946
3825839,nystroem_ridge,1,0.49200634960479,0.3626170235686882,0.24368568456264653,0.39369729186866526
3825840,nystroem_ridge,4,0.4718973128894367,0.3670658971406403,0.24424115490616807,0.3886929479531916
3825843,nystroem_ridge,0,0.502353065538869,0.3603322027462643,0.24338902962052297,0.3962787676332127
3825893,nystroem_ridge,3,0.8720288694892423,0.28157079065295815,0.2282253736257956,0.4902038357212463
3825841,nystroem_ridge,-1,0.5685299375693702,0.3457958694040007,0.24131910630540993,0.41288502429058943
3825896,nystroem_ridge,4,0.4892213106580505,0.3632325376656942,0.24376427862201966,0.39300318371228615
3825871,nystroem_ridge,4,0.5233428963541513,0.3557066091847007,0.2427646958915874,0.4015286949237119
265944,nystroem_ridge,5,0.8705046708475986,0.28188058233519586,0.22830479265155199,0.48981462501325207
3825847,nystroem_ridge,0,0.5033039670724445,0.3601223705671847,0.24336139724298247,0.3965162321898329
3825886,nystroem_ridge,-1,0.5345248976483854,0.35324786642772493,0.24241982923888775,0.4043323043333874
3825890,nystroem_ridge,1,0.6542900006649689,0.32719383341139435,0.2382019952960277,0.4346041712925779
3825842,nystroem_ridge,0,0.39905282175651186,0.3832607803708914,0.24601812792858727,0.37072109170052125
3825875,nystroem_ridge,0,0.44787134339016976,0.3723946422263651,0.24486813223270024,0.38273722554093464
3825884,nystroem_ridge,2,0.5728794611191421,0.34484557589599957,0.24117270878963978,0.4139817153143607
3825899,nystroem_ridge,0,0.499111991296563,0.3610475925839706,0.24348274650145071,0.3954696609145786
3825868,nystroem_ridge,1,0.6281356903915395,0.3328352791489504,0.23920366010669655,0.42796106074435303
3825854,nystroem_ridge,2,0.4181387216437471,0.3790069858081324,0.24558838706756417,0.3754046271243034
266986,nystroem_ridge,-2,0.4948505963816215,0.3619886434351965,0.24360486896284347,0.39440648760196007
3825859,nystroem_ridge,1,0.5897206854441013,0.34117257032746556,0.24059395973842276,0.4182334699341116
3825864,nystroem_ridge,-1,0.5208604535156884,0.35625298544642775,0.24284010362587435,0.4009069109276978
3825878,nystroem_ridge,1,0.5892178890624689,0.3412820756247957,0.24061151150741894,0.41810641286778544
3825845,nystroem_ridge,1,0.5486258725954335,0.3501530016094409,0.2419728508513345,0.4078741475392245
3825870,nystroem_ridge,1,0.52739837580574,0.35481442200932595,0.24264060227755832,0.4025449757131158
3825873,nystroem_ridge,-2,0.5423844408205407,0.35152206076056386,0.2421723535277764,0.40630558571165976
3825894,nystroem_ridge,-2,0.5957587761530598,0.3398582688117574,0.24038187140271855,0.4197598597855241
3825855,nystroem_ridge,2,0.6074622197021261,0.3373148053265076,0.239963925255548,0.4227212694179443
265958,nystroem_ridge,5,0.760964956677118,0.3045174787985243,0.23366868280667516,0.46181383839480045
3825850,nystroem_ridge,1,0.487176165313773,0.3636846637929861,0.24382165279577694,0.39249368341123697
3825851,nystroem_ridge,-2,0.48869612114173544,0.36334863203561657,0.24377903968846895,0.3928723282759145
3825853,nystroem_ridge,-3,0.6508271854783045,0.3279390528265025,0.23833715211022405,0.4337237950632735
3825860,nystroem_ridge,1,0.4894118227842044,0.3631904263613803,0.24375891936188313,0.3930506542767366
3825861,nystroem_ridge,1,0.4796076164301706,0.36535883503209,0.24403147214097334,0.39060969282693664
3825865,nystroem_ridge,0,0.5164851449719402,0.357216430702999,0.24297198709566456,0.3998115822013365
3825866,nystroem_ridge,0,0.4358712817260264,0.3750611324816513,0.24516625423919397,0.3797726132791548
3825901,nystroem_ridge,1,0.7887782131678098,0.29870279868684135,0.23237249083612826,0.4689247104770305
3825904,nystroem_ridge,0,0.515815714546457,0.3573638905555959,0.24299205030330703,0.3996440591410969
3825849,nystroem_ridge,-1,0.45784663813690585,0.3701805396013637,0.24461268282025372,0.38520677757838256
267506,nystroem_ridge,-3,0.5309993415436977,0.3540226555277776,0.24252947882214507,0.4034478656500773
3825846,nystroem_ridge,-2,0.5490606331507584,0.3500576850469914,0.24195885605828185,0.40798345889472665
3825869,nystroem_ridge,2,0.539975614140689,0.3520507802857039,0.2422486455381992,0.40570057417609695
3825882,nystroem_ridge,2,0.540686695571287,0.3518946835036582,0.24222616511693468,0.40587915137940705
3825876,nystroem_ridge,1,0.5046391872172876,0.3598277758053412,0.2433224922766313,0.39684973191802747
3825883,nystroem_ridge,3,0.5705236474545691,0.3453601952666045,0.24125215851421292,0.41338764621918256
3825900,nystroem_ridge,2,0.5670839130179857,0.34611194941653983,0.24136749662250823,0.412520553960952
3825902,nystroem_ridge,2,0.5832823330346002,0.3425755123954487,0.24081744291008045,0.41660704469447085
3825908,nystroem_ridge,2,0.5394142484639091,0.35217402304568557,0.24226636860631973,0.4055596083479947
267533,p1_ridge,-1,0.9605536671066113,0.3372251595534345,0.26075574942524665,0.4020190910213189
3825822,p1_ridge,1,0.9239881043098057,0.3452280677088365,0.263858364013101,0.39091356827806245
3825872,p1_ridge,4,2.036628236019836,0.13315291706506643,0.14496206987889507,0.7218850130560385
3825898,p1_ridge,0,1.4458223396876724,0.23460246991130673,0.21166781944297938,0.553729710645714
3825823,p1_ridge,-1,2.516856243008541,0.07736192925063812,0.09811677820532143,0.8245212925440404
3825824,p1_ridge,-1,1.0748783073058774,0.3122917531473756,0.2504153573091581,0.4372928895434663
3825877,p1_ridge,0,1.36904762469931,0.25006195875989773,0.2201752239951324,0.5297628172449699
3825905,p1_ridge,0,0.6234333610424527,0.41044489939688455,0.2851133316244832,0.3044417689786323
3825825,p1_ridge,0,1.7645312250117007,0.1755945562648712,0.17532434480153858,0.6490810989335902
3825826,p1_ridge,0,1.0053941273214926,0.32742359172047797,0.25681222172282164,0.4157641865567005
266664,p1_ridge,1,0.18595981191365807,0.4987161288227868,0.3014446180931472,0.19983925308406608
3825827,p1_ridge,1,0.7399903915808529,0.3853792970768666,0.2778086866897521,0.33681201623338125
3825828,p1_ridge,-2,1.1241784188251462,0.30162088303359363,0.24567980425411412,0.45269931271229225
3825856,p1_ridge,4,2.4476762757223725,0.0839645837289889,0.10417401672709067,0.8118613995439203
3825829,p1_ridge,1,2.2582829678308713,0.10444228241639929,0.12200770195823542,0.7735500156253653
3825830,p1_ridge,2,1.1686141141803588,0.2920662231342671,0.24128220249256135,0.4666515743731714
3825831,p1_ridge,1,1.1381614664820854,0.2986070816078703,0.24430873933053676,0.457084179061593
3825832,p1_ridge,-1,0.5803052094521879,0.41959811993992857,0.2875019827347921,0.29289989732527943
3825863,p1_ridge,-2,1.2230632248699174,0.2804598079735799,0.23573995296079003,0.4838002390656301
3825857,p1_ridge,1,0.7210635699938225,0.38947701813069874,0.27907810609216016,0.33144487577714105
3825833,p1_ridge,-4,-0.3168293340570587,0.58390707433045,0.30079472186046335,0.11529820380908667
3825852,p1_ridge,0,2.117823060381911,0.12202532206980429,0.1363218425275353,0.7416528354026604
3825889,p1_ridge,0,2.2663356270651107,0.10349730822802888,0.12121375340142093,0.7752889383705502
3825897,p1_ridge,1,1.1172276209913297,0.3031212610132108,0.24635685333673707,0.4505218856500522
266557,p1_ridge,-1,2.121813192411691,0.12149679864781114,0.13590370511561628,0.7425994962365726
3825834,p1_ridge,3,2.3472434468685948,0.0943738912006055,0.1134088285032955,0.7922172802960991
3825835,p1_ridge,-1,0.9029881845003969,0.3498253068139669,0.26559275101612456,0.3845819421699086
3825836,p1_ridge,1,1.6000713561045152,0.20490912557923616,0.19417040362382124,0.6009204707969427
3825906,p1_ridge,0,1.4974532437092587,0.22444783974272356,0.20585771110331155,0.5696944491539648
3825837,p1_ridge,1,0.46666062972713973,0.4433154810384237,0.2929729976189246,0.26371152134265163
3825862,p1_ridge,0,0.956241074804832,0.3381687272866222,0.2611270502148477,0.40070422249853005
266310,p1_ridge,-5,0.7043230443840688,0.39309349177302205,0.2801742180440104,0.32673229018296757
3825838,p1_ridge,-1,0.6161345899634605,0.41199916675155357,0.2855296077461882,0.30247122550225825
3825839,p1_ridge,1,0.4996068158571834,0.4365050317543828,0.29150991177635094,0.27198505646926613
3825840,p1_ridge,4,0.8988448648016021,0.3507322895831799,0.26593078383031155,0.38333692658650853
3825843,p1_ridge,0,1.7672198697380097,0.1751372792025915,0.17501732301846426,0.6498453977789443
3825893,p1_ridge,3,3.0053248651655426,0.042233072536566905,0.06256318680700056,0.8952037406564325
3825841,p1_ridge,-1,1.7012462747998705,0.18656651405838626,0.1825686357873485,0.6308648501542653
3825896,p1_ridge,4,0.9965106296163116,0.32936375888165365,0.25760533456972273,0.4130309065486236
3825871,p1_ridge,4,1.7328474460768024,0.18103799475868823,0.17894758931988744,0.6400144159214243
265944,p1_ridge,5,2.870996032136966,0.05008881849264773,0.07109812912701235,0.8788130523803399
3825847,p1_ridge,0,0.26756748993378965,0.483135426296132,0.2997034909895262,0.2171610827143419
3825886,p1_ridge,-1,0.2054527287294246,0.4950365135140798,0.3010807808561354,0.20388270562978503
3825890,p1_ridge,1,2.109871288053092,0.12308370064569696,0.13715701016210688,0.7397592891921962
3825842,p1_ridge,0,0.8750389907488874,0.3559422902944801,0.26784603356001535,0.37621167614550455
3825875,p1_ridge,0,1.404593916373404,0.2428534933369222,0.21625869766554023,0.5408878089975375
3825884,p1_ridge,2,1.7235075834148263,0.1826617368654256,0.18001720292964726,0.6373210602049271
3825899,p1_ridge,0,1.131503121158886,0.3000413985634479,0.24496309647042405,0.4549955049661281
3825868,p1_ridge,1,2.1644275663018284,0.11595871298390314,0.13147835301160474,0.7525629340044921
3825854,p1_ridge,2,0.982243064046866,0.3324817011596967,0.2588669774206804,0.40865132141962296
266986,p1_ridge,-2,-0.09729406401304119,0.5490469605288331,0.3032846966026764,0.14766834286849054
3825859,p1_ridge,1,0.8774535553172005,0.35541397581564993,0.26765388124919964,0.3769321429351503
3825864,p1_ridge,-1,0.923748839461515,0.34528044675002667,0.26387832212917206,0.3908412311208013
3825878,p1_ridge,1,2.0412457538779734,0.13250100653181554,0.14446428208803594,0.7230347113801485
3825845,p1_ridge,1,1.1320673557145473,0.2999197980088231,0.2449077504659658,0.45517245152521113
3825870,p1_ridge,1,1.4817023363881396,0.22752385802640204,0.20763649484073485,0.564839647132863
3825873,p1_ridge,-2,1.1889468651943698,0.28771793235088705,0.239231593356786,0.473050474292327
3825894,p1_ridge,-2,2.463600793112813,0.08240452895801142,0.1027574430777615,0.8148380279642271
3825855,p1_ridge,2,1.008696023395802,0.32670270965194775,0.2565159642860578,0.4167813260619945
265958,p1_ridge,5,2.9817554600496967,0.0435248092952912,0.06399535895659489,0.8924798317481138
3825850,p1_ridge,1,1.8229057966122806,0.16583230836127513,0.1686789839444758,0.6654887076942491
3825851,p1_ridge,-2,1.627092896478254,0.19991700220289815,0.1910745009527255,0.6090084968443763
3825853,p1_ridge,-3,2.4138829803830397,0.08735626529212806,0.10722374743305121,0.8054199872748208
3825860,p1_ridge,1,0.36117602114504865,0.46471532002541954,0.29698590853426965,0.23829877144031075
3825861,p1_ridge,1,2.36055821114275,0.09293633977849658,0.11215512808686921,0.7949085321346343
3825865,p1_ridge,0,1.4460578404427311,0.2345556927235516,0.21164146188300115,0.5538028453934473
3825866,p1_ridge,0,1.0985977189523612,0.30714957601933185,0.24815650227674896,0.44469392170391925
3825901,p1_ridge,1,2.694479206740456,0.062393788601566316,0.0837306406427987,0.8538755707556349
3825904,p1_ridge,0,1.1108461887671806,0.3044999987963198,0.24697577927357983,0.4485242219301004
3825849,p1_ridge,-1,1.587196169482823,0.20731087560602549,0.19564373666684529,0.5970453877271292
267506,p1_ridge,-3,0.2522046131131397,0.48610349576209017,0.30007532093553085,0.21382118330237895
3825846,p1_ridge,-2,1.2777778304676644,0.26893122259495156,0.2300165332072238,0.5010522441978246
3825869,p1_ridge,2,1.5702271211983225,0.21049866302413633,0.19758320849147018,0.5919181284843935
3825882,p1_ridge,2,1.504761163768484,0.22302735353412437,0.20503072865108354,0.5719419178147921
3825876,p1_ridge,1,1.5645718472162495,0.21156663860036315,0.19822889914637734,0.5902044622532595
3825883,p1_ridge,3,0.7344417185026086,0.3865815397993666,0.278184138727255,0.3352343214733783
3825900,p1_ridge,2,-0.17070642077776255,0.5611074044083113,0.3027958081522307,0.136096787439458
3825902,p1_ridge,2,1.1826282652363462,0.2890674864440772,0.23987133065153396,0.4710611829043888
3825908,p1_ridge,2,1.4574564902443128,0.23229653040340315,0.21036402934798923,0.5573394402486076
267533,random_forest,-1,1.1700754869806287,0.2078913808063259,0.1926583080415961,0.599450311152078
3825822,random_forest,1,0.13514349964674915,0.39867522458206256,0.27001975246765675,0.33130502295028064
3825872,random_forest,4,1.1968565781691805,0.20357912357318517,0.1901990391884052,0.6062218372384097
3825898,random_forest,0,0.5727260399082494,0.3145105507396842,0.24321369933382422,0.44227574992649166
3825823,random_forest,-1,0.6364516863322145,0.3024274898515146,0.23842896569365016,0.45914354445483524
3825824,random_forest,-1,0.5384505267937287,0.32104882691599723,0.24570498935258508,0.4332461837314177
3825877,random_forest,0,1.5024363129299223,0.1581140506371143,0.16205159768506983,0.6798343516778158
3825905,random_forest,0,0.63686284982915,0.30234987732323065,0.2383974727032728,0.4592526499734967
3825825,random_forest,0,0.24768831505367747,0.3770469827183648,0.26422886164279924,0.35872415563883603
3825826,random_forest,0,-0.18653098229761056,0.4589451312301018,0.2819756164797626,0.2590792522901356
266664,random_forest,1,-0.6951839644550298,0.5455742176854252,0.28732720307806286,0.1670985792365119
3825827,random_forest,1,0.12316783601810043,0.40096604981540496,0.2705877599948996,0.3284461901896955
3825828,random_forest,-2,-0.27320712420099386,0.4745798251575868,0.2840241891699336,0.24139598567247952
3825856,random_forest,4,2.15329786575974,0.08583330292958552,0.10714654521852912,0.8070201518518852
3825829,random_forest,1,1.0756991937051048,0.22347255255415516,0.20126003362348885,0.575267413822356
3825830,random_forest,2,0.7423958263274311,0.282605765125275,0.2300693448620737,0.4873248900126512
3825831,random_forest,1,0.19655292588253478,0.3868929916306403,0.26696069263980293,0.34614631572955684
3825832,random_forest,-1,0.04735860797810312,0.41540227082684344,0.27396465359548555,0.31063307557767106
3825863,random_forest,-2,0.3672460304446026,0.35397092718553036,0.2572074964555869,0.3888215763588827
3825857,random_forest,1,0.3971992303857866,0.34819088014979643,0.25531399585992753,0.39649512399027603
3825833,random_forest,-4,-0.11587886131954114,0.4459820271019194,0.2799396768274304,0.27407829607065026
3825852,random_forest,0,0.8759390591792524,0.25823813792287653,0.2189119959135323,0.5228498661635912
3825889,random_forest,0,0.9713707210572161,0.24134881985889237,0.21059649047293272,0.5480546896681749
3825897,random_forest,1,0.009226902835081202,0.42261393170141764,0.27551938417411354,0.30186668412446876
266557,random_forest,-1,2.829556063060892,0.04214147262401514,0.06456738642614902,0.8932911409498357
3825834,random_forest,3,1.6054832265150591,0.14442395030196334,0.15271470147931074,0.702861348218726
3825835,random_forest,-1,-0.03505770806163056,0.43094038717769967,0.27720345365914983,0.29185615916315055
3825836,random_forest,1,0.021594110635242414,0.42027903270439326,0.27502573506499645,0.3046952322306103
3825906,random_forest,0,1.1144442832620896,0.21700496943978964,0.1977429723219329,0.5852520582382774
3825837,random_forest,1,-0.05484529560077463,0.43464237569697456,0.2779136516966331,0.2874439726063924
3825862,random_forest,0,0.0906388282470883,0.40717513537064093,0.2720831653136187,0.3207416993157403
266310,random_forest,-5,-0.9686391600582944,0.5864241806762085,0.28428497466652225,0.12929084465726917
3825838,random_forest,-1,0.0030698128098959666,0.4237748644378548,0.275761353028831,0.3004637825333142
3825839,random_forest,1,0.44982296750437717,0.33805080784841013,0.25186241896249184,0.41008677318909814
3825840,random_forest,4,0.5887497601931329,0.31146274992136924,0.24202894506269568,0.4465083050159351
3825843,random_forest,0,0.3280307983798594,0.36154234101418964,0.2596063472803039,0.37885131170550657
3825893,random_forest,3,1.5101267261614735,0.15706297709572575,0.1613498521774371,0.681587170726837
3825841,random_forest,-1,1.1279128119165924,0.2147795711196346,0.1965153686305495,0.588705060249816
3825896,random_forest,4,0.15189926473243834,0.39546595649306193,0.2692093205198441,0.335324722987094
3825871,random_forest,4,0.3579669580160158,0.3557622174180436,0.2577833861506351,0.3864543964313212
265944,random_forest,5,2.9910544046108463,0.03527548347927582,0.0567578859083096,0.9079666306124144
3825847,random_forest,0,0.1567361896512471,0.3945386972564455,0.26897197433925873,0.33648932840429585
3825886,random_forest,-1,-0.461641873533727,0.5074042944977284,0.2868178673574193,0.20577783814485215
3825890,random_forest,1,1.196496891458224,0.20363670993958038,0.19023210912341104,0.6061311809370086
3825842,random_forest,0,-0.26740383583874616,0.4735428917741691,0.28390233702114115,0.24255477120468963
3825875,random_forest,0,0.13125910888607034,0.3994185435065358,0.27020501668599106,0.3303764398074731
3825884,random_forest,2,1.175642529659921,0.2069909031833987,0.19214762538283775,0.6008614714337636
3825899,random_forest,0,0.2133501715396532,0.3836615863125938,0.26608165612312906,0.35025675756427704
3825868,random_forest,1,1.3499165431670388,0.179921153532432,0.1760746084514411,0.6440042380161269
3825854,random_forest,2,0.8249947844567554,0.26744129231243846,0.2232412582077672,0.5093174494797943
266986,random_forest,-2,-0.8302983125978911,0.5662864725849144,0.28627335536940257,0.14744017204568308
3825859,random_forest,1,0.7687600213709932,0.2777351063966568,0.22791740073279945,0.4943474928705439
3825864,random_forest,-1,-0.48030961571372943,0.5105615966829776,0.2869749124415996,0.2024634908754228
3825878,random_forest,1,1.3253500824339277,0.18360164642147556,0.17834406186595592,0.6380542917125686
3825845,random_forest,1,0.24289282690507719,0.37797135407654103,0.2644920888882802,0.35753655703517884
3825870,random_forest,1,0.47236910472711335,0.3337148872650642,0.2503361472220536,0.41594896551288213
3825873,random_forest,-2,0.025913843563277056,0.4194625424782766,0.27485091029055064,0.3056865472311727
3825894,random_forest,-2,0.44910122369687633,0.3381897065035613,0.2519108137155116,0.40989947978092717
3825855,random_forest,2,0.42956422693505525,0.34195161612066505,0.2532097559035634,0.40483862797577147
265958,random_forest,5,3.2510575708661413,0.026368389584889552,0.04590370209128505,0.9277279083238255
3825850,random_forest,1,0.9392446625932342,0.24698040998811693,0.21342306533005298,0.5395965246818302
3825851,random_forest,-2,-0.019577609316534902,0.4280361226547083,0.27662963991188805,0.29533423743340365
3825853,random_forest,-3,0.9808994722583644,0.2396895175803259,0.2097532852402321,0.5505571971794421
3825860,random_forest,1,-0.3628221664722556,0.49040060883109715,0.285631190245972,0.2239682009229308
3825861,random_forest,1,0.20483282579358458,0.38530052250122343,0.26652964068705914,0.34816983681171737
3825865,random_forest,0,0.2831618340768764,0.3702044631068465,0.2622370148672889,0.3675585220258646
3825866,random_forest,0,-0.6351193628480268,0.5360390928736447,0.28748989914090733,0.17647100798544796
3825901,random_forest,1,1.6585296687351436,0.13771003313077984,0.147974537338419,0.7143154295308012
3825904,random_forest,0,0.5972529253342498,0.30984787527278157,0.2413951563766352,0.44875696835058326
3825849,random_forest,-1,-0.08094699548771546,0.4395069459383096,0.2788105037382106,0.2816825503234799
267506,random_forest,-3,-1.017714695375761,0.5933079846899073,0.28337722057943127,0.12331479473066134
3825846,random_forest,-2,-0.21368361736766617,0.46387618533352065,0.2826702854389146,0.25345352922756464
3825869,random_forest,2,1.0707912199332126,0.22429866597178477,0.20170388222933783,0.5739974517988774
3825882,random_forest,2,0.8231425987171549,0.2677781547790966,0.2233970510192234,0.50882479420168
3825876,random_forest,1,-0.13683998873601083,0.4498471132443783,0.2805782488767805,0.2695746378788411
3825883,random_forest,3,0.5150111526330059,0.3255333022582663,0.2473740789840447,0.42709261875768895
3825900,random_forest,2,0.7382745784466241,0.28336956692901855,0.23040329030352383,0.4862271427674577
3825902,random_forest,2,0.9980885550955909,0.23670938592906274,0.2082269441866724,0.5550636698842649
3825908,random_forest,2,-0.11098662781862148,0.44507769878627684,0.27978643024791816,0.275135870965805
267533,scratch_figs,-1,3.4997593026283393,0.1029323324508603,0.17492936641996118,0.7221383011291785
3825822,scratch_figs,1,0.09683364006448446,0.39404631897057907,0.2502267410560647,0.35572693997335625
3825872,scratch_figs,4,0.9849673329933081,0.29738180347984006,0.2441636248570223,0.4584545716631376
3825898,scratch_figs,0,-0.6399098462987739,0.4779531066595991,0.24525135795162054,0.27679553538878027
3825823,scratch_figs,-1,2.082887647285485,0.19548892154126385,0.2205084641544688,0.5840026143042674
3825824,scratch_figs,-1,0.09683364006448446,0.39404631897057907,0.2502267410560647,0.35572693997335625
3825877,scratch_figs,0,2.168867401318469,0.18858545504742266,0.21807873585366708,0.5933358090989103
3825905,scratch_figs,0,0.09683364006448446,0.39404631897057907,0.2502267410560647,0.35572693997335625
3825825,scratch_figs,0,0.09683364006448446,0.39404631897057907,0.2502267410560647,0.35572693997335625
3825826,scratch_figs,0,0.09683364006448446,0.39404631897057907,0.2502267410560647,0.35572693997335625
266664,scratch_figs,1,-0.6399098462987739,0.4779531066595991,0.24525135795162054,0.27679553538878027
3825827,scratch_figs,1,0.09683364006448446,0.39404631897057907,0.2502267410560647,0.35572693997335625
3825828,scratch_figs,-2,0.09683364006448446,0.39404631897057907,0.2502267410560647,0.35572693997335625
3825856,scratch_figs,4,-3.611870422922714,0.761145253936862,0.16531537393015014,0.07353937213298774
3825829,scratch_figs,1,0.9849673329933081,0.29738180347984006,0.2441636248570223,0.4584545716631376
3825830,scratch_figs,2,0.9849673329933081,0.29738180347984006,0.2441636248570223,0.4584545716631376
3825831,scratch_figs,1,0.09683364006448446,0.39404631897057907,0.2502267410560647,0.35572693997335625
3825832,scratch_figs,-1,0.09683364006448446,0.39404631897057907,0.2502267410560647,0.35572693997335625
3825863,scratch_figs,-2,1.2807337083896453,0.2676108643541314,0.23934741404449403,0.49304172160137455
3825857,scratch_figs,1,0.09683364006448446,0.39404631897057907,0.2502267410560647,0.35572693997335625
3825833,scratch_figs,-4,0.09683364006448446,0.39404631897057907,0.2502267410560647,0.35572693997335625
3825852,scratch_figs,0,1.2807337083896453,0.2676108643541314,0.23934741404449403,0.49304172160137455
3825889,scratch_figs,0,0.9849673329933081,0.29738180347984006,0.2441636248570223,0.4584545716631376
3825897,scratch_figs,1,0.09683364006448446,0.39404631897057907,0.2502267410560647,0.35572693997335625
266557,scratch_figs,-1,3.585739056661323,0.09870728781339731,0.17197374205783267,0.72931897012877
3825834,scratch_figs,3,2.168867401318469,0.18858545504742266,0.21807873585366708,0.5933358090989103
3825835,scratch_figs,-1,-0.6399098462987739,0.4779531066595991,0.24525135795162054,0.27679553538878027
3825836,scratch_figs,1,1.1947539543566617,0.2761074196608119,0.24088017770404116,0.4830124026351468
3825906,scratch_figs,0,2.082887647285485,0.19548892154126385,0.2205084641544688,0.5840026143042674
3825837,scratch_figs,1,0.09683364006448446,0.39404631897057907,0.2502267410560647,0.35572693997335625
3825862,scratch_figs,0,0.09683364006448446,0.39404631897057907,0.2502267410560647,0.35572693997335625
266310,scratch_figs,-5,-0.6399098462987739,0.4779531066595991,0.24525135795162054,0.27679553538878027
3825838,scratch_figs,-1,0.09683364006448446,0.39404631897057907,0.2502267410560647,0.35572693997335625
3825839,scratch_figs,1,-1.4394557565193988,0.5666074884480675,0.2307055196525256,0.20268699189940684
3825840,scratch_figs,4,0.9849673329933081,0.29738180347984006,0.2441636248570223,0.4584545716631376
3825843,scratch_figs,0,0.09683364006448446,0.39404631897057907,0.2502267410560647,0.35572693997335625
3825893,scratch_figs,3,0.9849673329933081,0.29738180347984006,0.2441636248570223,0.4584545716631376
3825841,scratch_figs,-1,0.9849673329933081,0.29738180347984006,0.2441636248570223,0.4584545716631376
3825896,scratch_figs,4,0.09683364006448446,0.39404631897057907,0.2502267410560647,0.35572693997335625
3825871,scratch_figs,4,-0.6399098462987739,0.4779531066595991,0.24525135795162054,0.27679553538878027
265944,scratch_figs,5,3.585739056661323,0.09870728781339731,0.17197374205783267,0.72931897012877
3825847,scratch_figs,0,-0.6399098462987739,0.4779531066595991,0.24525135795162054,0.27679553538878027
3825886,scratch_figs,-1,1.1947539543566617,0.2761074196608119,0.24088017770404116,0.4830124026351468
3825890,scratch_figs,1,2.168867401318469,0.18858545504742266,0.21807873585366708,0.5933358090989103
3825842,scratch_figs,0,-0.6399098462987739,0.4779531066595991,0.24525135795162054,0.27679553538878027
3825875,scratch_figs,0,-0.6399098462987739,0.4779531066595991,0.24525135795162054,0.27679553538878027
3825884,scratch_figs,2,2.082887647285485,0.19548892154126385,0.2205084641544688,0.5840026143042674
3825899,scratch_figs,0,0.09683364006448446,0.39404631897057907,0.2502267410560647,0.35572693997335625
3825868,scratch_figs,1,2.168867401318469,0.18858545504742266,0.21807873585366708,0.5933358090989103
3825854,scratch_figs,2,0.24822384663004987,0.3770136127494779,0.25012856494615643,0.37285782230436565
266986,scratch_figs,-2,-0.6399098462987739,0.4779531066595991,0.24525135795162054,0.27679553538878027
3825859,scratch_figs,1,0.9849673329933081,0.29738180347984006,0.2441636248570223,0.4584545716631376
3825864,scratch_figs,-1,-0.6399098462987739,0.4779531066595991,0.24525135795162054,0.27679553538878027
3825878,scratch_figs,1,2.168867401318469,0.18858545504742266,0.21807873585366708,0.5933358090989103
3825845,scratch_figs,1,0.09683364006448446,0.39404631897057907,0.2502267410560647,0.35572693997335625
3825870,scratch_figs,1,1.2807337083896453,0.2676108643541314,0.23934741404449403,0.49304172160137455
3825873,scratch_figs,-2,0.09683364006448446,0.39404631897057907,0.2502267410560647,0.35572693997335625
3825894,scratch_figs,-2,1.2807337083896453,0.2676108643541314,0.23934741404449403,0.49304172160137455
3825855,scratch_figs,2,0.09683364006448446,0.39404631897057907,0.2502267410560647,0.35572693997335625
265958,scratch_figs,5,3.585739056661323,0.09870728781339731,0.17197374205783267,0.72931897012877
3825850,scratch_figs,1,0.9849673329933081,0.29738180347984006,0.2441636248570223,0.4584545716631376
3825851,scratch_figs,-2,0.09683364006448446,0.39404631897057907,0.2502267410560647,0.35572693997335625
3825853,scratch_figs,-3,1.2807337083896453,0.2676108643541314,0.23934741404449403,0.49304172160137455
3825860,scratch_figs,1,0.09683364006448446,0.39404631897057907,0.2502267410560647,0.35572693997335625
3825861,scratch_figs,1,0.09683364006448446,0.39404631897057907,0.2502267410560647,0.35572693997335625
3825865,scratch_figs,0,0.09683364006448446,0.39404631897057907,0.2502267410560647,0.35572693997335625
3825866,scratch_figs,0,-0.6399098462987739,0.4779531066595991,0.24525135795162054,0.27679553538878027
3825901,scratch_figs,1,0.9849673329933081,0.29738180347984006,0.2441636248570223,0.4584545716631376
3825904,scratch_figs,0,1.2807337083896453,0.2676108643541314,0.23934741404449403,0.49304172160137455
3825849,scratch_figs,-1,0.09683364006448446,0.39404631897057907,0.2502267410560647,0.35572693997335625
267506,scratch_figs,-3,-0.6399098462987739,0.4779531066595991,0.24525135795162054,0.27679553538878027
3825846,scratch_figs,-2,0.09683364006448446,0.39404631897057907,0.2502267410560647,0.35572693997335625
3825869,scratch_figs,2,2.168867401318469,0.18858545504742266,0.21807873585366708,0.5933358090989103
3825882,scratch_figs,2,1.2807337083896453,0.2676108643541314,0.23934741404449403,0.49304172160137455
3825876,scratch_figs,1,0.09683364006448446,0.39404631897057907,0.2502267410560647,0.35572693997335625
3825883,scratch_figs,3,0.09683364006448446,0.39404631897057907,0.2502267410560647,0.35572693997335625
3825900,scratch_figs,2,0.9849673329933081,0.29738180347984006,0.2441636248570223,0.4584545716631376
3825902,scratch_figs,2,-0.5513220635905751,0.4678737908338337,0.2463114047179518,0.2858148044482145
3825908,scratch_figs,2,-0.6399098462987739,0.4779531066595991,0.24525135795162054,0.27679553538878027
267533,svr_rbf,-1,0.6566152137530559,0.3148841027684911,0.24404205385625327,0.4410738433752557
3825822,svr_rbf,1,0.580509303814547,0.33373404179636146,0.2500630380733324,0.4162029201303061
3825872,svr_rbf,4,0.7702637041906983,0.28725533541773957,0.23414296117358693,0.4786017034086735
3825898,svr_rbf,0,0.2893933532102026,0.4068095153384885,0.2678826638927875,0.32530782076872405
3825823,svr_rbf,-1,0.7654150392312293,0.2884184001402272,0.23458577360030475,0.4769958262594681
3825824,svr_rbf,-1,0.6867919700842455,0.30747898567712934,0.2415150348726,0.4510059794502706
3825877,svr_rbf,0,1.07904122232693,0.21719289876284817,0.20302865703944656,0.5797784441977053
3825905,svr_rbf,0,0.5514598154775067,0.3409818761814458,0.25222185164730165,0.40679627217125247
3825825,svr_rbf,0,0.49333205449060125,0.3555463070744748,0.25629897916442196,0.38815471376110317
3825826,svr_rbf,0,0.5080275556355968,0.3518579211900707,0.255299362802771,0.39284271600715837
266664,svr_rbf,1,-0.40278338931114566,0.5674247820133752,0.27484346978729796,0.15773174819932692
3825827,svr_rbf,1,0.523038098742753,0.3480944631433368,0.25425641175282004,0.39764912510384315
3825828,svr_rbf,-2,0.1669414551082472,0.4372555485056701,0.27270520645349233,0.29003924504083756
3825856,svr_rbf,4,2.207291093368727,0.057194359387584,0.08820003714708957,0.8546056034653264
3825829,svr_rbf,1,1.0284247143289047,0.22805284610521448,0.20844614132565192,0.5635010125691335
3825830,svr_rbf,2,0.7293601868328404,0.2971140277210133,0.23782330521188255,0.4650626670671041
3825831,svr_rbf,1,0.35752753853199615,0.38970934434072263,0.2644984828315742,0.34579217282770325
3825832,svr_rbf,-1,0.019169760910402456,0.4731582210080364,0.2763695441068089,0.2504722348851547
3825863,svr_rbf,-2,0.6025346516240431,0.32825627551011727,0.24837399557571063,0.4233697289141721
3825857,svr_rbf,1,0.517127304073091,0.34957590063238453,0.25466972845220665,0.3957543709154089
3825833,svr_rbf,-4,-0.08993631727402729,0.49884294194289786,0.2776027985859891,0.22355425947111304
3825852,svr_rbf,0,1.4230084287629843,0.15147347711126066,0.16494067856084338,0.6835858443278959
3825889,svr_rbf,0,0.48351632217076956,0.35801179128219396,0.25695473757418247,0.3850334711436236
3825897,svr_rbf,1,0.2801376703823831,0.40912593208023856,0.2683039245932747,0.3225701433264867
266557,svr_rbf,-1,2.3209366995158414,0.04903240315482292,0.07952382448886046,0.8714437723563166
3825834,svr_rbf,3,1.5058642482634217,0.13791071365694746,0.15579545255930055,0.706293833783752
3825835,svr_rbf,-1,0.14247096917188562,0.4432749809381638,0.27347401850622133,0.28325100055561475
3825836,svr_rbf,1,0.4706637829197352,0.36124196041993173,0.2577988156012999,0.38095922397876847
3825906,svr_rbf,0,0.7076099449033596,0.30239747088215835,0.2397277601560706,0.45787476896177104
3825837,svr_rbf,1,0.3377008600605005,0.39469258053481165,0.2655344670389772,0.33977295242621103
3825862,svr_rbf,0,0.662286073820546,0.31348917636151935,0.2435730373102311,0.4429377863282496
266310,svr_rbf,-5,-0.004634663198517908,0.4788285022504266,0.27674315140663486,0.2444283463429386
3825838,svr_rbf,-1,-0.0938628465321456,0.4997520847438698,0.277624644196042,0.22262327106008814
3825839,svr_rbf,1,0.562084926863918,0.3383281117620791,0.2514414452318525,0.4102304430060683
3825840,svr_rbf,4,0.7054323137314205,0.30292792032668625,0.23991636125808413,0.4571557184152295
3825843,svr_rbf,0,0.9585987392259671,0.24347280082841313,0.2157515689629298,0.540775630208657
3825893,svr_rbf,3,1.9419221491636802,0.08106418801191129,0.11112463269425722,0.8078111792938315
3825841,svr_rbf,-1,0.7919172249811521,0.28208058396332825,0.23214462896800134,0.4857747870686705
3825896,svr_rbf,4,0.5687331318900917,0.3366692352705985,0.2509477248359378,0.4123830398934637
3825871,svr_rbf,4,1.0732372247492603,0.2184240118784712,0.20365436390173366,0.5779216242197952
265944,svr_rbf,5,2.3852844152514168,0.04489118077043714,0.07491595976903,0.8801928594605329
3825847,svr_rbf,0,0.3621444164859169,0.38854833237747366,0.2642512480528174,0.34720041956970893
3825886,svr_rbf,-1,-0.3924145152115155,0.565285812553296,0.2750699826105043,0.1596442048361998
3825890,svr_rbf,1,0.8529636302210282,0.2676744754164185,0.22633697786226173,0.5059885467213199
3825842,svr_rbf,0,0.15237120152523137,0.4408427475181591,0.27317077881689217,0.28598647366494884
3825875,svr_rbf,0,0.4265218559479361,0.3723471895833059,0.2605703795532954,0.3670824308633987
3825884,svr_rbf,2,0.8361191465237863,0.2716212228504266,0.22796410479897541,0.500414672350598
3825899,svr_rbf,0,0.46077349672357154,0.3637288853231982,0.2584370336822977,0.37783408099450416
3825868,svr_rbf,1,1.0808284461921271,0.21681455386189843,0.20283576476813897,0.5803496813699627
3825854,svr_rbf,2,0.45260448958975197,0.36578366677997703,0.2589567101903941,0.37525962302962884
266986,svr_rbf,-2,-0.261684079237101,0.537503402418272,0.27717045806660634,0.1853261395151217
3825859,svr_rbf,1,0.7713935374418216,0.2869845424427121,0.23403952981425868,0.4789759277430292
3825864,svr_rbf,-1,-0.4299986095629844,0.5729928668301526,0.27420931547481975,0.1527978176950276
3825878,svr_rbf,1,0.9020239264629892,0.25631196043917187,0.22149856318805572,0.5221894763727724
3825845,svr_rbf,1,0.5633038010628547,0.33802388047114146,0.25135123808529225,0.41062488144356624
3825870,svr_rbf,1,0.4353935322499504,0.3701143221400734,0.26002933818578006,0.36985633967414655
3825873,svr_rbf,-2,0.44553795818096853,0.3675615462840994,0.25940077618061586,0.3730376775352847
3825894,svr_rbf,-2,0.9512814159097653,0.2451166262186843,0.21650418581306094,0.5383791879682548
3825855,svr_rbf,2,1.0437587302447495,0.22473373830914786,0.20681468353937985,0.5684515781514723
265958,svr_rbf,5,1.9305380637969436,0.0822549934403673,0.11218891820717418,0.8055560883524585
3825850,svr_rbf,1,0.3941062599270162,0.38050652980546407,0.26247798207286654,0.3570154881216694
3825851,svr_rbf,-2,0.3221245196958282,0.39860392679265877,0.2663189609377103,0.3350771122696309
3825853,svr_rbf,-3,1.3368372803797706,0.16653591427327114,0.17453987624054473,0.658924209486184
3825860,svr_rbf,1,-0.09943755744284088,0.5010409292017239,0.2776530232787437,0.2213060475195324
3825861,svr_rbf,1,0.36756502314825346,0.3871849616484265,0.26395809295253864,0.34885694539903495
3825865,svr_rbf,0,0.4821061924542418,0.35836609257293983,0.2570481547465037,0.38458575268055656
3825866,svr_rbf,0,0.09996628640808591,0.453665896339885,0.2746557567846958,0.27167834687541914
3825901,svr_rbf,1,1.702135875759243,0.10937360646221485,0.13479976153748524,0.7558266320003
3825904,svr_rbf,0,0.3544332910881993,0.39048734218421643,0.26466291543259807,0.3448497423831855
3825849,svr_rbf,-1,0.24562457223819056,0.417744924001837,0.26979309357954384,0.31246198241861917
267506,svr_rbf,-3,-0.4065589443935642,0.5682012316417157,0.27475890547252113,0.15703986288576324
3825846,svr_rbf,-2,0.16051618657692246,0.43883855240201586,0.27291335057556576,0.2882480970224184
3825869,svr_rbf,2,0.8488693853995141,0.2686317109145003,0.22673413351010555,0.5046341555753943
3825882,svr_rbf,2,0.45375084535535404,0.3654952869914721,0.2588841928818226,0.3756205201267053
3825876,svr_rbf,1,0.6609987981213346,0.3138056909360854,0.24367974388202582,0.44251456518188886
3825883,svr_rbf,3,0.754235587879584,0.29110589630629546,0.23560013086649673,0.4732939728272077
3825900,svr_rbf,2,0.4749898267638761,0.36015449529884636,0.2575165573503143,0.3823289473508393
3825902,svr_rbf,2,0.9130236874009128,0.2537927868424988,0.22039456123005607,0.5258126519274452
3825908,svr_rbf,2,0.6621560342321607,0.31352114688796023,0.24358382312751253,0.4428950299845273
267533,xgboost,-1,2.1036641597747803,0.10304488241672516,0.14620478451251984,0.7507503628730774
3825822,xgboost,1,0.471975177526474,0.3263591527938843,0.25460076332092285,0.4190400242805481
3825872,xgboost,4,1.4049060344696045,0.17977513372898102,0.19743302464485168,0.6227918267250061
3825898,xgboost,0,0.7728034853935242,0.2747724950313568,0.23934820294380188,0.48587924242019653
3825823,xgboost,-1,0.5340314507484436,0.3154882788658142,0.251783162355423,0.43272852897644043
3825824,xgboost,-1,1.0282872915267944,0.23379799723625183,0.2236514538526535,0.5425505638122559
3825877,xgboost,0,1.0887079238891602,0.22458335757255554,0.21964824199676514,0.5557684302330017
3825905,xgboost,0,0.4202612042427063,0.335488885641098,0.25680825114250183,0.40770286321640015
3825825,xgboost,0,0.5206631422042847,0.3178216218948364,0.25240540504455566,0.4297729432582855
3825826,xgboost,0,-0.46226775646209717,0.4928239583969116,0.2729734778404236,0.2342025488615036
266664,xgboost,1,-0.452848345041275,0.4912015199661255,0.27301591634750366,0.23578256368637085
3825827,xgboost,1,-0.19460906088352203,0.4458742141723633,0.27242904901504517,0.28169676661491394
3825828,xgboost,-2,-0.6574805378913879,0.5258322358131409,0.27114227414131165,0.2030254602432251
3825856,xgboost,4,2.1467885971069336,0.09931305050849915,0.14315520226955414,0.7575317621231079
3825829,xgboost,1,0.8228667378425598,0.26650717854499817,0.236448273062706,0.4970446228981018
3825830,xgboost,2,0.42383652925491333,0.334855854511261,0.2566598057746887,0.4084843695163727
3825831,xgboost,1,0.157182976603508,0.38260364532470703,0.26594802737236023,0.35144829750061035
3825832,xgboost,-1,-0.3701063096523285,0.476846307516098,0.27319929003715515,0.24995438754558563
3825863,xgboost,-2,0.283840537071228,0.35981449484825134,0.2619936168193817,0.37819182872772217
3825857,xgboost,1,0.5286799073219299,0.316421777009964,0.2520332932472229,0.4315449893474579
3825833,xgboost,-4,-0.18321333825588226,0.4438430070877075,0.2723231911659241,0.2838338613510132
3825852,xgboost,0,0.9910287261009216,0.23957644402980804,0.22607022523880005,0.5343533754348755
3825889,xgboost,0,1.070273518562317,0.2273739129304886,0.22087977826595306,0.5517463684082031
3825897,xgboost,1,0.17802506685256958,0.37884560227394104,0.26535549759864807,0.3557988405227661
266557,xgboost,-1,3.3604378700256348,0.032266341149806976,0.07257185131311417,0.8951618075370789
3825834,xgboost,3,1.8368916511535645,0.12866586446762085,0.16554930806159973,0.705784797668457
3825835,xgboost,-1,0.1291007548570633,0.3876698911190033,0.2667098045349121,0.3456203043460846
3825836,xgboost,1,0.273756742477417,0.36162346601486206,0.2623392641544342,0.3760372996330261
3825906,xgboost,0,1.3008331060409546,0.19386254251003265,0.20493455231189728,0.6012029051780701
3825837,xgboost,1,-0.4600364863872528,0.4924398362636566,0.2729839086532593,0.23457621037960052
3825862,xgboost,0,-0.09858179837465286,0.4287000596523285,0.2713204026222229,0.2999795973300934
266310,xgboost,-5,-1.1370463371276855,0.6008458137512207,0.2598748505115509,0.1392792910337448
3825838,xgboost,-1,-0.281799852848053,0.4613407254219055,0.2730119526386261,0.2656473219394684
3825839,xgboost,1,0.7415878772735596,0.27997851371765137,0.24110817909240723,0.47891324758529663
3825840,xgboost,4,0.5559629797935486,0.3116709887981415,0.250744491815567,0.4375845193862915
3825843,xgboost,0,0.3484392464160919,0.34825798869132996,0.25965550541877747,0.39208653569221497
3825893,xgboost,3,1.5241180658340454,0.16447338461875916,0.188696950674057,0.6468296647071838
3825841,xgboost,-1,0.9343423843383789,0.24850334227085114,0.22967134416103363,0.5218253135681152
3825896,xgboost,4,-0.1676619052886963,0.44106778502464294,0.2721675932407379,0.28676462173461914
3825871,xgboost,4,0.4878123700618744,0.32357558608055115,0.2538989782333374,0.42252543568611145
265944,xgboost,5,3.3780336380004883,0.03171498328447342,0.07179336994886398,0.8964917063713074
3825847,xgboost,0,0.21130429208278656,0.3728502094745636,0.2643616199493408,0.3627881407737732
3825886,xgboost,-1,0.1490127146244049,0.38407737016677856,0.2661740183830261,0.3497486412525177
3825890,xgboost,1,1.325273036956787,0.1904943287372589,0.2031862586736679,0.6063194274902344
3825842,xgboost,0,-0.5401329398155212,0.506135880947113,0.2724578380584717,0.22140628099441528
3825875,xgboost,0,-0.11500456184148788,0.4316457211971283,0.2715449929237366,0.2968093454837799
3825884,xgboost,2,1.1971286535263062,0.20855465531349182,0.21224185824394226,0.5792034864425659
3825899,xgboost,0,0.49060511589050293,0.32308533787727356,0.253773957490921,0.42314067482948303
3825868,xgboost,1,1.7115156650543213,0.14226186275482178,0.1748204231262207,0.6829177737236023
3825854,xgboost,2,0.7542964220046997,0.277854323387146,0.24039621651172638,0.48174941539764404
266986,xgboost,-2,-1.498093843460083,0.6507160663604736,0.24655428528785706,0.10272965580224991
3825859,xgboost,1,0.3194342851638794,0.3534395694732666,0.2607317566871643,0.3858286738395691
3825864,xgboost,-1,-0.5649113655090332,0.5103328227996826,0.27223309874534607,0.2174340933561325
3825878,xgboost,1,1.4432543516159058,0.1747545450925827,0.19463631510734558,0.6306091547012329
3825845,xgboost,1,0.3571234345436096,0.34670913219451904,0.25932493805885315,0.39396587014198303
3825870,xgboost,1,0.8264737725257874,0.26591581106185913,0.23623573780059814,0.4978485107421875
3825873,xgboost,-2,0.25910577178001404,0.3642537593841553,0.26283198595046997,0.37291425466537476
3825894,xgboost,-2,0.6690044403076172,0.292229026556015,0.24505022168159485,0.46272069215774536
3825855,xgboost,2,0.2999853491783142,0.35692083835601807,0.2614293396472931,0.38164979219436646
265958,xgboost,5,3.7440543174743652,0.022068234160542488,0.05712936446070671,0.9208024740219116
3825850,xgboost,1,0.6721155047416687,0.29170000553131104,0.24488568305969238,0.4634142518043518
3825851,xgboost,-2,-0.16893784701824188,0.4412956237792969,0.27218085527420044,0.2865235507488251
3825853,xgboost,-3,0.7459128499031067,0.2792549133300781,0.24086663126945496,0.4798784852027893
3825860,xgboost,1,-1.0456804037094116,0.5872970819473267,0.26266664266586304,0.1500363051891327
3825861,xgboost,1,0.24868352711200714,0.36612623929977417,0.26317569613456726,0.37069806456565857
3825865,xgboost,0,0.31653892993927,0.35395747423171997,0.2608368396759033,0.3852056562900543
3825866,xgboost,0,-0.37332212924957275,0.4774075448513031,0.2731986343860626,0.24939386546611786
3825901,xgboost,1,1.9568865299224854,0.1165926456451416,0.1567613184452057,0.7266460061073303
3825904,xgboost,0,1.0491355657577515,0.23059633374214172,0.2222810685634613,0.547122597694397
3825849,xgboost,-1,-0.14853926002979279,0.4376504123210907,0.2719586193561554,0.2903909385204315
267506,xgboost,-3,-0.8644373416900635,0.5593559145927429,0.2673560082912445,0.17328807711601257
3825846,xgboost,-2,-0.5909526348114014,0.5147222876548767,0.271965891122818,0.2133118361234665
3825869,xgboost,2,1.5864368677139282,0.1568356454372406,0.1840921938419342,0.6590721607208252
3825882,xgboost,2,0.7331010103225708,0.2814006209373474,0.24158012866973877,0.4770192801952362
3825876,xgboost,1,-0.5550409555435181,0.5086632966995239,0.2723260819911957,0.219010591506958
3825883,xgboost,3,0.6082664728164673,0.3026244342327118,0.24817951023578644,0.44919610023498535
3825900,xgboost,2,0.6089602708816528,0.3025049567222595,0.24814465641975403,0.44935035705566406
3825902,xgboost,2,0.8291447162628174,0.265478253364563,0.23607809841632843,0.49844369292259216
3825908,xgboost,2,-0.24587678909301758,0.45498546957969666,0.27282020449638367,0.27219438552856445
