model,partition,mae,rmse,correlation
dummy,pilot_holdout,1.4868386208357611,1.9291044201054177,3.498404627406762e-17
gradient_boosting,pilot_holdout,1.3416089814175156,1.706428015239264,0.4706564013337754
kernel_ridge_exact,pilot_holdout,1.3698598858959121,1.7614575656438902,0.47638210871175785
lightgbm,pilot_holdout,1.4138926347365253,1.7774746814650595,0.399438530220327
nystroem_ridge,pilot_holdout,1.4649760561469354,1.901146653810631,0.2984553628345331
p1_ridge,pilot_holdout,1.6131677812543581,2.0169490374756647,0.3284581078204381
random_forest,pilot_holdout,1.3084999657237488,1.656578645146847,0.5226510899856882
scratch_figs,pilot_holdout,1.573433073016432,2.118420931833605,0.14422221601441135
svr_rbf,pilot_holdout,1.3279728217340663,1.7169118988428995,0.5051065407852084
xgboost,pilot_holdout,1.3385086021845853,1.689505505416052,0.4827209815418854
