match_id,match_date,season_name,home_team,away_team,events,elapsed_seconds,status
3825562,2015-08-21,2015/2016,Málaga,Sevilla,2750,0.5623610000002373,success
3825563,2015-08-22,2015/2016,Atlético Madrid,Las Palmas,3827,0.5300180999997792,success
3825564,2015-08-22,2015/2016,RC Deportivo La Coruña,Real Sociedad,3279,1.0574326000000838,success
3825565,2015-08-22,2015/2016,Espanyol,Getafe,3296,1.119139400000222,success
3825566,2015-08-22,2015/2016,Rayo Vallecano,Valencia,3289,1.1362315000001217,success
266236,2015-08-23,2015/2016,Athletic Club,Barcelona,3775,1.04665870000008,success
3825567,2015-08-23,2015/2016,Sporting Gijón,Real Madrid,3767,0.9751688999999715,success
3825568,2015-08-23,2015/2016,Real Betis,Villarreal,2671,1.15526970000019,success
3825569,2015-08-23,2015/2016,Levante UD,Celta Vigo,3558,1.015749500000311,success
3825570,2015-08-24,2015/2016,Granada,Eibar,3236,1.3017644999999902,success
3825571,2015-08-28,2015/2016,Villarreal,Espanyol,3307,1.2485644000003049,success
267422,2015-08-29,2015/2016,Barcelona,Málaga,3361,1.2113506000000598,success
3825572,2015-08-29,2015/2016,Real Madrid,Real Betis,3430,1.123582599999736,success
3825573,2015-08-29,2015/2016,Real Sociedad,Sporting Gijón,3436,1.1927304000000731,success
3825574,2015-08-29,2015/2016,Celta Vigo,Rayo Vallecano,3901,1.2597343000002184,success
3825575,2015-08-30,2015/2016,Las Palmas,Levante UD,3347,1.1505670000001373,success
3825576,2015-08-30,2015/2016,Valencia,RC Deportivo La Coruña,3178,1.2064510000000155,success
3825577,2015-08-30,2015/2016,Getafe,Granada,2757,1.1236626999998407,success
3825578,2015-08-30,2015/2016,Eibar,Athletic Club,3335,1.0897080999998252,success
3825579,2015-08-30,2015/2016,Sevilla,Atlético Madrid,3123,1.1394288000001325,success
3825580,2015-09-11,2015/2016,Levante UD,Sevilla,3119,1.1386999000001197,success
266166,2015-09-12,2015/2016,Atlético Madrid,Barcelona,3967,1.086523599999964,success
3825581,2015-09-12,2015/2016,Espanyol,Real Madrid,3600,1.0273345000000518,success
3825582,2015-09-12,2015/2016,Real Betis,Real Sociedad,3137,1.2166144000002532,success
3825583,2015-09-12,2015/2016,Sporting Gijón,Valencia,3823,1.3625554999998712,success
3825584,2015-09-13,2015/2016,Granada,Villarreal,2947,1.2433329000000413,success
3825585,2015-09-13,2015/2016,Celta Vigo,Las Palmas,3734,1.156241300000147,success
3825586,2015-09-13,2015/2016,Málaga,Eibar,3144,1.102721499999916,success
3825587,2015-09-13,2015/2016,Athletic Club,Getafe,3360,1.2727666000000681,success
3825588,2015-09-14,2015/2016,Rayo Vallecano,RC Deportivo La Coruña,3450,1.313479500000085,success
3825589,2015-09-18,2015/2016,Getafe,Málaga,3238,1.3181025999997473,success
3825590,2015-09-19,2015/2016,Real Madrid,Granada,3660,1.1965009000000464,success
3825591,2015-09-19,2015/2016,Valencia,Real Betis,3299,1.1550502000000051,success
3825592,2015-09-19,2015/2016,Real Sociedad,Espanyol,3171,0.9810331999997288,success
3825593,2015-09-19,2015/2016,Eibar,Atlético Madrid,4205,1.1185365999999703,success
266490,2015-09-20,2015/2016,Barcelona,Levante UD,3760,1.1967196999999032,success
3825594,2015-09-20,2015/2016,Sevilla,Celta Vigo,3350,1.0935097999999925,success
3825595,2015-09-20,2015/2016,Villarreal,Athletic Club,3121,1.2119405000003098,success
3825596,2015-09-20,2015/2016,RC Deportivo La Coruña,Sporting Gijón,3342,1.03842080000004,success
3825597,2015-09-20,2015/2016,Las Palmas,Rayo Vallecano,3127,1.265604600000188,success
3825598,2015-09-22,2015/2016,Atlético Madrid,Getafe,3592,1.1114131000003908,success
3825599,2015-09-22,2015/2016,Espanyol,Valencia,3116,1.202625600000374,success
3825892,2015-09-22,2015/2016,Granada,Real Sociedad,3099,1.428262000000359,success
266467,2015-09-23,2015/2016,Celta Vigo,Barcelona,3419,1.2552389000002222,success
3825600,2015-09-23,2015/2016,Málaga,Villarreal,3301,1.1628789999999753,success
3825601,2015-09-23,2015/2016,Rayo Vallecano,Sporting Gijón,3080,1.1686975000002349,success
3825602,2015-09-23,2015/2016,Athletic Club,Real Madrid,3677,1.0903004999995574,success
3825848,2015-09-23,2015/2016,Levante UD,Eibar,2614,1.2826397000003453,success
3825895,2015-09-23,2015/2016,Las Palmas,Sevilla,3126,1.2320650000001478,success
3825603,2015-09-24,2015/2016,Real Betis,RC Deportivo La Coruña,3334,1.238432599999669,success
3825604,2015-09-25,2015/2016,Valencia,Granada,3048,1.2207171999998536,success
267611,2015-09-26,2015/2016,Barcelona,Las Palmas,3580,1.0247174999999515,success
3825605,2015-09-26,2015/2016,Sevilla,Rayo Vallecano,3220,1.1237786000001506,success
3825606,2015-09-26,2015/2016,Real Madrid,Málaga,3517,1.2580926000000545,success
3825607,2015-09-26,2015/2016,Villarreal,Atlético Madrid,4016,0.9510182999997596,success
3825608,2015-09-26,2015/2016,Eibar,Celta Vigo,3609,1.3719605999999658,success
3825609,2015-09-27,2015/2016,Real Sociedad,Athletic Club,3197,1.2858239000001959,success
3825610,2015-09-27,2015/2016,Sporting Gijón,Real Betis,3549,1.129572900000312,success
3825611,2015-09-27,2015/2016,RC Deportivo La Coruña,Espanyol,3364,1.2367283999997198,success
3825612,2015-09-27,2015/2016,Getafe,Levante UD,3307,1.192469699999947,success
3825613,2015-10-02,2015/2016,Celta Vigo,Getafe,3266,1.2389665000000605,success
3825614,2015-10-03,2015/2016,Granada,RC Deportivo La Coruña,3060,1.0416887000001225,success
3825615,2015-10-03,2015/2016,Espanyol,Sporting Gijón,3800,1.0690674000002218,success
3825616,2015-10-03,2015/2016,Málaga,Real Sociedad,3371,1.232792100000097,success
3825617,2015-10-03,2015/2016,Sevilla,Barcelona,3212,1.2661477999999988,success
3825618,2015-10-03,2015/2016,Las Palmas,Eibar,3722,1.0489339000000655,success
3825619,2015-10-04,2015/2016,Levante UD,Villarreal,3130,0.9371329999999034,success
3825620,2015-10-04,2015/2016,Rayo Vallecano,Real Betis,3379,1.2181910999997854,success
3825621,2015-10-04,2015/2016,Atlético Madrid,Real Madrid,3949,1.1659296000002541,success
3825622,2015-10-04,2015/2016,Athletic Club,Valencia,3395,1.0588533000000098,success
3825623,2015-10-17,2015/2016,Valencia,Málaga,3434,0.903508100000181,success
3825624,2015-10-17,2015/2016,Eibar,Sevilla,3069,1.190170500000022,success
3825625,2015-10-17,2015/2016,Real Madrid,Levante UD,3610,1.3185081999999966,success
3825626,2015-10-17,2015/2016,Real Betis,Espanyol,3269,1.2489839999998367,success
3825627,2015-10-17,2015/2016,Barcelona,Rayo Vallecano,3759,1.319113600000037,success
3825628,2015-10-18,2015/2016,Getafe,Las Palmas,3593,1.16138170000022,success
3825629,2015-10-18,2015/2016,Villarreal,Celta Vigo,3521,1.1675940000000082,success
3825630,2015-10-18,2015/2016,RC Deportivo La Coruña,Athletic Club,3331,1.1815940999999839,success
3825631,2015-10-18,2015/2016,Real Sociedad,Atlético Madrid,3594,1.1656536999998934,success
3825632,2015-10-19,2015/2016,Sporting Gijón,Granada,3063,1.0442746000003353,success
3825633,2015-10-23,2015/2016,Rayo Vallecano,Espanyol,3135,1.3206667000004018,success
3825634,2015-10-24,2015/2016,Granada,Real Betis,3411,1.1431957999998303,success
3825635,2015-10-24,2015/2016,Celta Vigo,Real Madrid,3803,1.061222099999668,success
3825636,2015-10-24,2015/2016,Málaga,RC Deportivo La Coruña,3391,1.2659499000001233,success
3825874,2015-10-24,2015/2016,Sevilla,Getafe,3127,1.0127718999997342,success
3825637,2015-10-25,2015/2016,Barcelona,Eibar,3314,1.2704586999998355,success
3825638,2015-10-25,2015/2016,Atlético Madrid,Valencia,3557,1.3421541000002435,success
3825639,2015-10-25,2015/2016,Las Palmas,Villarreal,3644,1.2592854999998053,success
3825640,2015-10-25,2015/2016,Levante UD,Real Sociedad,2957,1.1997523,success
3825641,2015-10-26,2015/2016,Athletic Club,Sporting Gijón,3454,1.215654799999811,success
3825642,2015-10-30,2015/2016,RC Deportivo La Coruña,Atlético Madrid,4042,1.020955800000138,success
3825643,2015-10-31,2015/2016,Real Madrid,Las Palmas,4185,1.0271152999998776,success
3825644,2015-10-31,2015/2016,Real Sociedad,Celta Vigo,3277,1.2381457999999839,success
3825645,2015-10-31,2015/2016,Getafe,Barcelona,3795,1.217157699999916,success
3825646,2015-10-31,2015/2016,Villarreal,Sevilla,3034,0.9188703999998324,success
3825647,2015-10-31,2015/2016,Valencia,Levante UD,2933,1.2759096999998292,success
3825648,2015-11-01,2015/2016,Eibar,Rayo Vallecano,3233,1.1157961000003525,success
3825649,2015-11-01,2015/2016,Sporting Gijón,Málaga,3235,1.2022866000002068,success
3825650,2015-11-01,2015/2016,Real Betis,Athletic Club,3448,1.179471299999932,success
3825651,2015-11-01,2015/2016,Espanyol,Granada,2755,1.125593199999912,success
3825652,2015-11-06,2015/2016,Las Palmas,Real Sociedad,3538,1.3516108999997414,success
3825653,2015-11-07,2015/2016,Eibar,Getafe,3179,1.1682425999997577,success
3825654,2015-11-07,2015/2016,Celta Vigo,Valencia,3025,1.1093848999998954,success
3825655,2015-11-07,2015/2016,Rayo Vallecano,Granada,2894,1.1355705000000853,success
3825656,2015-11-07,2015/2016,Levante UD,RC Deportivo La Coruña,3255,1.1030596000000514,success
3825657,2015-11-07,2015/2016,Málaga,Real Betis,3128,1.0740967000001547,success
3825658,2015-11-08,2015/2016,Atlético Madrid,Sporting Gijón,3368,1.145348500000182,success
3825659,2015-11-08,2015/2016,Athletic Club,Espanyol,2818,1.2180339999999887,success
3825660,2015-11-08,2015/2016,Barcelona,Villarreal,3588,1.185847300000205,success
3825661,2015-11-08,2015/2016,Sevilla,Real Madrid,3868,1.1484737000000678,success
266424,2015-11-21,2015/2016,Real Madrid,Barcelona,3860,1.128476700000192,success
3825662,2015-11-21,2015/2016,RC Deportivo La Coruña,Celta Vigo,3340,1.2343014000002768,success
3825663,2015-11-21,2015/2016,Espanyol,Málaga,3143,1.1404206000001977,success
3825664,2015-11-21,2015/2016,Real Sociedad,Sevilla,3296,1.2776220000000649,success
3825888,2015-11-21,2015/2016,Valencia,Las Palmas,3840,1.1151765999998133,success
3825665,2015-11-22,2015/2016,Granada,Athletic Club,2959,1.2550731999999698,success
3825666,2015-11-22,2015/2016,Real Betis,Atlético Madrid,4016,1.1973046999996768,success
3825667,2015-11-22,2015/2016,Villarreal,Eibar,3224,1.3350995000000694,success
3825668,2015-11-22,2015/2016,Sporting Gijón,Levante UD,3319,0.9399640999999974,success
3825669,2015-11-23,2015/2016,Getafe,Rayo Vallecano,3182,1.4041145999999571,success
3825670,2015-11-27,2015/2016,Levante UD,Real Betis,3261,1.2138774000000012,success
266885,2015-11-28,2015/2016,Barcelona,Real Sociedad,3676,1.1176626000001306,success
3825671,2015-11-28,2015/2016,Celta Vigo,Sporting Gijón,3490,0.9895669000002272,success
3825672,2015-11-28,2015/2016,Málaga,Granada,2682,1.2079923999999664,success
3825673,2015-11-28,2015/2016,Las Palmas,RC Deportivo La Coruña,3585,1.1280839999999444,success
3825674,2015-11-28,2015/2016,Atlético Madrid,Espanyol,3537,1.1822849000000133,success
3825675,2015-11-29,2015/2016,Rayo Vallecano,Athletic Club,3280,1.2528414000003067,success
3825676,2015-11-29,2015/2016,Getafe,Villarreal,3086,1.0651957000000039,success
3825677,2015-11-29,2015/2016,Sevilla,Valencia,3306,1.0608919000001151,success
3825678,2015-11-29,2015/2016,Eibar,Real Madrid,3448,1.4281236000001627,success
267274,2015-12-05,2015/2016,Valencia,Barcelona,3965,1.0083057000001645,success
3825679,2015-12-05,2015/2016,Real Betis,Celta Vigo,3078,1.1166779000000133,success
3825680,2015-12-05,2015/2016,RC Deportivo La Coruña,Sevilla,3296,1.2784841999996388,success
3825681,2015-12-05,2015/2016,Real Madrid,Getafe,3932,1.0430089000001317,success
3825682,2015-12-05,2015/2016,Granada,Atlético Madrid,3802,1.122100600000067,success
3825683,2015-12-06,2015/2016,Real Sociedad,Eibar,3147,1.3095382000001337,success
3825684,2015-12-06,2015/2016,Villarreal,Rayo Vallecano,3268,1.0453680000000531,success
3825685,2015-12-06,2015/2016,Sporting Gijón,Las Palmas,3192,0.9858125999999174,success
3825686,2015-12-06,2015/2016,Athletic Club,Málaga,3117,1.060592799999995,success
3825687,2015-12-07,2015/2016,Espanyol,Levante UD,3316,1.1333028999997623,success
3825688,2015-12-11,2015/2016,Getafe,Real Sociedad,3311,1.3896088999999847,success
266961,2015-12-12,2015/2016,Barcelona,RC Deportivo La Coruña,3915,1.0308233999999175,success
3825689,2015-12-12,2015/2016,Celta Vigo,Espanyol,3220,0.987145099999907,success
3825690,2015-12-12,2015/2016,Las Palmas,Real Betis,3433,1.3483188000000155,success
3825691,2015-12-12,2015/2016,Levante UD,Granada,3374,1.3629449000000022,success
3825692,2015-12-12,2015/2016,Sevilla,Sporting Gijón,3395,1.0736971000001176,success
3825693,2015-12-13,2015/2016,Atlético Madrid,Athletic Club,3764,1.3345489000003,success
3825694,2015-12-13,2015/2016,Eibar,Valencia,3034,1.2112434999999095,success
3825695,2015-12-13,2015/2016,Villarreal,Real Madrid,3634,1.1619191999998293,success
3825696,2015-12-13,2015/2016,Rayo Vallecano,Málaga,2916,1.285193000000163,success
3825697,2015-12-19,2015/2016,Valencia,Getafe,3483,1.1942383999999038,success
3825698,2015-12-19,2015/2016,RC Deportivo La Coruña,Eibar,3338,1.123368600000049,success
3825699,2015-12-19,2015/2016,Real Betis,Sevilla,2786,1.3027892000000065,success
3825891,2015-12-19,2015/2016,Espanyol,Las Palmas,3294,1.061513399999967,success
3825700,2015-12-20,2015/2016,Real Madrid,Rayo Vallecano,3509,1.2096341999999822,success
3825701,2015-12-20,2015/2016,Málaga,Atlético Madrid,3457,1.2380917999998928,success
3825702,2015-12-20,2015/2016,Real Sociedad,Villarreal,3702,1.2180349999998725,success
3825703,2015-12-20,2015/2016,Athletic Club,Levante UD,3427,1.4188484000001154,success
3825704,2015-12-20,2015/2016,Granada,Celta Vigo,3271,1.2888659000000189,success
267327,2015-12-30,2015/2016,Barcelona,Real Betis,3497,1.0366328000000067,success
3825705,2015-12-30,2015/2016,Eibar,Sporting Gijón,2832,1.3318147999998473,success
3825706,2015-12-30,2015/2016,Celta Vigo,Athletic Club,3758,1.2958152000001064,success
3825707,2015-12-30,2015/2016,Las Palmas,Granada,3295,1.1833667999999307,success
3825708,2015-12-30,2015/2016,Levante UD,Málaga,3032,1.332057900000109,success
3825709,2015-12-30,2015/2016,Sevilla,Espanyol,3698,1.23374720000038,success
3825710,2015-12-30,2015/2016,Real Madrid,Real Sociedad,3767,1.2293856000001142,success
3825711,2015-12-30,2015/2016,Rayo Vallecano,Atlético Madrid,3062,1.1865640999999414,success
3825712,2015-12-30,2015/2016,Getafe,RC Deportivo La Coruña,3215,1.256480300000021,success
3825713,2015-12-31,2015/2016,Villarreal,Valencia,3208,1.2020472999997764,success
266670,2016-01-02,2015/2016,Espanyol,Barcelona,3467,1.0742011000002094,success
3825714,2016-01-02,2015/2016,Atlético Madrid,Levante UD,3495,1.094997599999715,success
3825715,2016-01-02,2015/2016,Málaga,Celta Vigo,3155,1.2953981999999087,success
3825716,2016-01-03,2015/2016,Rayo Vallecano,Real Sociedad,2681,1.2710501000001386,success
3825717,2016-01-03,2015/2016,Granada,Sevilla,2706,1.1307397999999012,success
3825718,2016-01-03,2015/2016,Valencia,Real Madrid,3680,1.0984481999998934,success
3825719,2016-01-03,2015/2016,Athletic Club,Las Palmas,3717,1.189746699999887,success
3825720,2016-01-03,2015/2016,Real Betis,Eibar,3354,1.0109096000001045,success
3825721,2016-01-03,2015/2016,RC Deportivo La Coruña,Villarreal,3376,1.0778345000003355,success
3825722,2016-01-04,2015/2016,Sporting Gijón,Getafe,3039,1.1953128999998626,success
266620,2016-01-09,2015/2016,Barcelona,Granada,3948,1.0591042000000925,success
3825723,2016-01-09,2015/2016,Levante UD,Rayo Vallecano,3076,1.528258299999834,success
3825724,2016-01-09,2015/2016,Real Madrid,RC Deportivo La Coruña,3851,1.360876400000052,success
3825725,2016-01-09,2015/2016,Getafe,Real Betis,3131,1.207123799999863,success
3825726,2016-01-09,2015/2016,Sevilla,Athletic Club,3465,1.1008602999995674,success
3825727,2016-01-10,2015/2016,Eibar,Espanyol,3195,1.1870420000000195,success
3825728,2016-01-10,2015/2016,Celta Vigo,Atlético Madrid,3860,1.140574099999867,success
3825729,2016-01-10,2015/2016,Villarreal,Sporting Gijón,3686,0.9477876000000833,success
3825730,2016-01-10,2015/2016,Real Sociedad,Valencia,3581,1.2305702000003294,success
3825731,2016-01-10,2015/2016,Las Palmas,Málaga,3629,1.1372725000001083,success
3825732,2016-01-16,2015/2016,Celta Vigo,Levante UD,3539,1.320968399999856,success
3825733,2016-01-16,2015/2016,Sevilla,Málaga,3133,0.9871962000001986,success
3825734,2016-01-16,2015/2016,Real Sociedad,RC Deportivo La Coruña,3794,1.2635648000000401,success
3825735,2016-01-16,2015/2016,Villarreal,Real Betis,3934,1.1893064000000777,success
266149,2016-01-17,2015/2016,Barcelona,Athletic Club,3529,0.8807676000001265,success
3825736,2016-01-17,2015/2016,Valencia,Rayo Vallecano,3475,1.5246843999998418,success
3825737,2016-01-17,2015/2016,Getafe,Espanyol,3417,1.221996499999932,success
3825738,2016-01-17,2015/2016,Las Palmas,Atlético Madrid,4156,0.9730589000000691,success
3825739,2016-01-17,2015/2016,Real Madrid,Sporting Gijón,3947,1.1311216999997669,success
3825740,2016-01-18,2015/2016,Eibar,Granada,2782,1.0826846999998452,success
3825741,2016-01-22,2015/2016,Sporting Gijón,Real Sociedad,3147,1.1836263999998664,success
265894,2016-01-23,2015/2016,Málaga,Barcelona,3270,1.23506610000004,success
3825742,2016-01-23,2015/2016,Granada,Getafe,3355,1.3635091000001012,success
3825743,2016-01-23,2015/2016,Rayo Vallecano,Celta Vigo,2754,1.3502039999998487,success
3825744,2016-01-23,2015/2016,Espanyol,Villarreal,3403,0.9545834000000468,success
3825745,2016-01-24,2015/2016,RC Deportivo La Coruña,Valencia,3396,1.0649116999998114,success
3825746,2016-01-24,2015/2016,Real Betis,Real Madrid,3834,1.2286039000000528,success
3825747,2016-01-24,2015/2016,Athletic Club,Eibar,3199,1.1434642999997777,success
3825748,2016-01-24,2015/2016,Atlético Madrid,Sevilla,3106,1.099581500000113,success
3825749,2016-01-25,2015/2016,Levante UD,Las Palmas,3478,1.3401710000002822,success
267576,2016-01-30,2015/2016,Barcelona,Atlético Madrid,3784,0.7760164999999688,success
3825750,2016-01-30,2015/2016,Real Sociedad,Real Betis,3673,1.311106000000109,success
3825751,2016-01-30,2015/2016,Getafe,Athletic Club,3292,1.1888592000000244,success
3825752,2016-01-30,2015/2016,Eibar,Málaga,3031,1.3288370000000214,success
3825753,2016-01-30,2015/2016,Villarreal,Granada,3429,1.2308577999997397,success
3825754,2016-01-31,2015/2016,Las Palmas,Celta Vigo,3353,1.2207387999997081,success
3825755,2016-01-31,2015/2016,Valencia,Sporting Gijón,3294,1.3331872000003386,success
3825756,2016-01-31,2015/2016,Sevilla,Levante UD,3364,1.022880399999849,success
3825757,2016-01-31,2015/2016,Real Madrid,Espanyol,3851,1.0447328999998717,success
3825758,2016-02-01,2015/2016,RC Deportivo La Coruña,Rayo Vallecano,3115,1.2569994000000406,success
3825759,2016-02-05,2015/2016,Málaga,Getafe,3587,1.0753254000001107,success
3825760,2016-02-06,2015/2016,Atlético Madrid,Eibar,3079,1.1878037000001314,success
3825761,2016-02-06,2015/2016,Athletic Club,Villarreal,3466,1.1555458999996517,success
3825762,2016-02-06,2015/2016,Sporting Gijón,RC Deportivo La Coruña,3119,1.204499499999656,success
3825763,2016-02-06,2015/2016,Rayo Vallecano,Las Palmas,3440,1.1753734000003533,success
266160,2016-02-07,2015/2016,Levante UD,Barcelona,3513,1.1033187999996699,success
3825764,2016-02-07,2015/2016,Granada,Real Madrid,3802,1.1015477999999348,success
3825765,2016-02-07,2015/2016,Celta Vigo,Sevilla,3451,0.990766800000074,success
3825766,2016-02-07,2015/2016,Real Betis,Valencia,2885,1.1447493000000577,success
3825767,2016-02-08,2015/2016,Espanyol,Real Sociedad,3388,1.0914904000001115,success
3825768,2016-02-12,2015/2016,Sporting Gijón,Rayo Vallecano,3451,1.2426016999997955,success
3825769,2016-02-13,2015/2016,Villarreal,Málaga,3486,1.1712105999999949,success
3825770,2016-02-13,2015/2016,Real Madrid,Athletic Club,3793,1.2299378000002434,success
3825771,2016-02-13,2015/2016,RC Deportivo La Coruña,Real Betis,3070,1.1223101000000497,success
3825772,2016-02-13,2015/2016,Valencia,Espanyol,2839,1.164409699999851,success
266254,2016-02-14,2015/2016,Barcelona,Celta Vigo,3541,1.1786731000001964,success
3825773,2016-02-14,2015/2016,Eibar,Levante UD,3261,1.2455494000000726,success
3825774,2016-02-14,2015/2016,Getafe,Atlético Madrid,4064,1.0204918999997972,success
3825775,2016-02-14,2015/2016,Real Sociedad,Granada,3133,1.4648747999999614,success
3825776,2016-02-14,2015/2016,Sevilla,Las Palmas,3469,1.1808415000000423,success
266815,2016-02-17,2015/2016,Sporting Gijón,Barcelona,3771,1.0960256000003028,success
3825777,2016-02-19,2015/2016,Levante UD,Getafe,3061,1.38116859999991,success
267273,2016-02-20,2015/2016,Las Palmas,Barcelona,4091,1.1437208000002101,success
3825778,2016-02-20,2015/2016,Real Betis,Sporting Gijón,3260,1.2132301999999981,success
3825779,2016-02-20,2015/2016,Celta Vigo,Eibar,3208,1.2422028000000864,success
3825780,2016-02-20,2015/2016,Espanyol,RC Deportivo La Coruña,3380,1.2348431000000346,success
3825781,2016-02-21,2015/2016,Rayo Vallecano,Sevilla,2810,1.2738306999999622,success
3825782,2016-02-21,2015/2016,Granada,Valencia,3618,1.3508720999998332,success
3825783,2016-02-21,2015/2016,Athletic Club,Real Sociedad,3026,1.3191894999999931,success
3825784,2016-02-21,2015/2016,Atlético Madrid,Villarreal,3661,1.2040437000000566,success
3825785,2016-02-21,2015/2016,Málaga,Real Madrid,3145,1.292045700000017,success
3825786,2016-02-26,2015/2016,Eibar,Las Palmas,3440,1.276840600000014,success
3825787,2016-02-27,2015/2016,Real Madrid,Atlético Madrid,4022,1.2480043000000478,success
3825788,2016-02-27,2015/2016,Getafe,Celta Vigo,3191,1.108985699999721,success
3825789,2016-02-27,2015/2016,Real Sociedad,Málaga,3171,1.2200600999999551,success
3825790,2016-02-27,2015/2016,Sporting Gijón,Espanyol,3198,1.0807110999999168,success
3825791,2016-02-27,2015/2016,Real Betis,Rayo Vallecano,3025,1.1386844000003293,success
265839,2016-02-28,2015/2016,Barcelona,Sevilla,3841,1.1432104000000436,success
3825792,2016-02-28,2015/2016,RC Deportivo La Coruña,Granada,3566,1.2540619999999763,success
3825793,2016-02-28,2015/2016,Valencia,Athletic Club,3741,1.1807988999998997,success
3825794,2016-02-28,2015/2016,Villarreal,Levante UD,3595,1.1071577000002435,success
3825795,2016-03-01,2015/2016,Atlético Madrid,Real Sociedad,4326,1.176286699999764,success
3825796,2016-03-01,2015/2016,Las Palmas,Getafe,3392,1.0662253999998939,success
3825797,2016-03-02,2015/2016,Athletic Club,RC Deportivo La Coruña,3745,1.1626157000000603,success
3825798,2016-03-02,2015/2016,Levante UD,Real Madrid,3683,1.1024421000001894,success
3825799,2016-03-02,2015/2016,Málaga,Valencia,3367,1.1114167999999154,success
3825800,2016-03-02,2015/2016,Celta Vigo,Villarreal,3569,1.0366281000001436,success
3825801,2016-03-02,2015/2016,Sevilla,Eibar,3346,1.3838666999999987,success
266653,2016-03-03,2015/2016,Rayo Vallecano,Barcelona,3221,1.1319530999999188,success
3825802,2016-03-03,2015/2016,Espanyol,Real Betis,3182,1.077184600000237,success
3825803,2016-03-03,2015/2016,Granada,Sporting Gijón,3292,1.1349079000001439,success
3825804,2016-03-05,2015/2016,RC Deportivo La Coruña,Málaga,3249,1.1473132999999507,success
3825805,2016-03-05,2015/2016,Villarreal,Las Palmas,4197,1.2178278000001228,success
3825806,2016-03-05,2015/2016,Real Madrid,Celta Vigo,3895,1.26415870000028,success
3825867,2016-03-05,2015/2016,Getafe,Sevilla,3068,1.114224600000398,success
266056,2016-03-06,2015/2016,Eibar,Barcelona,3923,1.207471700000042,success
3825807,2016-03-06,2015/2016,Valencia,Atlético Madrid,3892,1.3000727999997252,success
3825808,2016-03-06,2015/2016,Sporting Gijón,Athletic Club,3575,1.1110771000003297,success
3825809,2016-03-06,2015/2016,Real Betis,Granada,2961,1.1310585000001083,success
3825810,2016-03-06,2015/2016,Real Sociedad,Levante UD,3398,1.366911699999946,success
3825811,2016-03-07,2015/2016,Espanyol,Rayo Vallecano,3190,1.092505699999947,success
3825812,2016-03-11,2015/2016,Málaga,Sporting Gijón,3505,1.287034500000118,success
266498,2016-03-12,2015/2016,Barcelona,Getafe,3755,1.05620590000035,success
3825813,2016-03-12,2015/2016,Atlético Madrid,RC Deportivo La Coruña,3560,0.9975291999999172,success
3825814,2016-03-12,2015/2016,Celta Vigo,Real Sociedad,3403,1.2960396999997101,success
3825858,2016-03-12,2015/2016,Rayo Vallecano,Eibar,2846,1.124645800000053,success
3825815,2016-03-13,2015/2016,Levante UD,Valencia,3318,1.1562551000001804,success
3825816,2016-03-13,2015/2016,Sevilla,Villarreal,3176,1.08956470000021,success
3825844,2016-03-13,2015/2016,Athletic Club,Real Betis,3952,1.302306900000076,success
3825879,2016-03-13,2015/2016,Las Palmas,Real Madrid,3659,0.9856417999999394,success
3825881,2016-03-14,2015/2016,Granada,Espanyol,2919,1.2167821999996704,success
3825817,2016-03-18,2015/2016,Getafe,Eibar,3140,1.130525900000066,success
3825818,2016-03-19,2015/2016,Real Sociedad,Las Palmas,3326,1.21810030000006,success
3825880,2016-03-19,2015/2016,RC Deportivo La Coruña,Levante UD,3346,1.1429341999996723,success
3825887,2016-03-19,2015/2016,Granada,Rayo Vallecano,3042,0.9682285999997475,success
3825903,2016-03-19,2015/2016,Real Betis,Málaga,3671,0.9796134999996866,success
3825907,2016-03-19,2015/2016,Sporting Gijón,Atlético Madrid,3581,1.0661793000003854,success
266106,2016-03-20,2015/2016,Villarreal,Barcelona,3620,0.9220071999998254,success
3825819,2016-03-20,2015/2016,Valencia,Celta Vigo,3729,1.0837193999996089,success
3825820,2016-03-20,2015/2016,Real Madrid,Sevilla,3576,1.3370122999999694,success
3825821,2016-03-20,2015/2016,Espanyol,Athletic Club,3356,1.2731596000003265,success
3825885,2016-04-01,2015/2016,Rayo Vallecano,Getafe,2853,1.4005591000000095,success
267533,2016-04-02,2015/2016,Barcelona,Real Madrid,3700,1.2494400999999016,success
3825822,2016-04-02,2015/2016,Las Palmas,Valencia,3829,1.1997889999997824,success
3825872,2016-04-02,2015/2016,Atlético Madrid,Real Betis,3605,0.9067239999999401,success
3825898,2016-04-02,2015/2016,Celta Vigo,RC Deportivo La Coruña,3263,1.3134635999999773,success
3825823,2016-04-03,2015/2016,Sevilla,Real Sociedad,3295,1.414462100000037,success
3825824,2016-04-03,2015/2016,Eibar,Villarreal,3669,1.4728617999999187,success
3825877,2016-04-03,2015/2016,Athletic Club,Granada,3242,1.4106188999999176,success
3825905,2016-04-03,2015/2016,Málaga,Espanyol,3257,1.2931510999997045,success
3825825,2016-04-04,2015/2016,Levante UD,Sporting Gijón,3096,1.2452951999998731,success
3825826,2016-04-08,2015/2016,Granada,Málaga,3231,1.3019736999999623,success
266664,2016-04-09,2015/2016,Real Sociedad,Barcelona,3618,1.2042238999997608,success
3825827,2016-04-09,2015/2016,Real Betis,Levante UD,3400,1.287300200000118,success
3825828,2016-04-09,2015/2016,Espanyol,Atlético Madrid,3293,1.4640501000003496,success
3825856,2016-04-09,2015/2016,Real Madrid,Eibar,3411,1.2884988999999223,success
3825829,2016-04-10,2015/2016,Athletic Club,Rayo Vallecano,3752,1.103588999999829,success
3825830,2016-04-10,2015/2016,Villarreal,Getafe,3144,1.2932722000000467,success
3825831,2016-04-10,2015/2016,Valencia,Sevilla,3148,1.3825461999999789,success
3825832,2016-04-10,2015/2016,Sporting Gijón,Celta Vigo,3259,1.4908672000001388,success
3825863,2016-04-11,2015/2016,RC Deportivo La Coruña,Las Palmas,3600,1.226654900000085,success
3825857,2016-04-15,2015/2016,Levante UD,Espanyol,2968,1.282277299999805,success
3825833,2016-04-16,2015/2016,Getafe,Real Madrid,3322,1.3044678999999633,success
3825852,2016-04-16,2015/2016,Las Palmas,Sporting Gijón,3511,1.383857899999839,success
3825889,2016-04-16,2015/2016,Celta Vigo,Real Betis,3541,1.3454729000000043,success
3825897,2016-04-16,2015/2016,Eibar,Real Sociedad,3145,1.5119495999997525,success
266557,2016-04-17,2015/2016,Barcelona,Valencia,3630,1.2655658000003314,success
3825834,2016-04-17,2015/2016,Atlético Madrid,Granada,3477,1.295129199999792,success
3825835,2016-04-17,2015/2016,Málaga,Athletic Club,3118,1.4764476999998806,success
3825836,2016-04-17,2015/2016,Rayo Vallecano,Villarreal,3547,1.4680686000001515,success
3825906,2016-04-17,2015/2016,Sevilla,RC Deportivo La Coruña,3430,1.3857037000002492,success
3825837,2016-04-19,2015/2016,Real Betis,Las Palmas,3515,1.2797393000000739,success
3825862,2016-04-19,2015/2016,Espanyol,Celta Vigo,4090,1.5590275000004112,success
266310,2016-04-20,2015/2016,RC Deportivo La Coruña,Barcelona,3922,1.1468927000000804,success
3825838,2016-04-20,2015/2016,Athletic Club,Atlético Madrid,3966,1.4886147000001984,success
3825839,2016-04-20,2015/2016,Sporting Gijón,Sevilla,3397,1.4573693000002095,success
3825840,2016-04-20,2015/2016,Valencia,Eibar,3625,1.2454342999999426,success
3825843,2016-04-20,2015/2016,Málaga,Rayo Vallecano,3071,1.3864041999995607,success
3825893,2016-04-20,2015/2016,Real Madrid,Villarreal,4103,1.3135463999997228,success
3825841,2016-04-21,2015/2016,Real Sociedad,Getafe,3528,1.5264962000001105,success
3825896,2016-04-21,2015/2016,Granada,Levante UD,2855,1.2774737999998251,success
3825871,2016-04-22,2015/2016,Las Palmas,Espanyol,3853,1.3221559000003253,success
265944,2016-04-23,2015/2016,Barcelona,Sporting Gijón,3610,1.0656362999998237,success
3825847,2016-04-23,2015/2016,Eibar,RC Deportivo La Coruña,3524,1.420499600000312,success
3825886,2016-04-23,2015/2016,Rayo Vallecano,Real Madrid,3534,1.527494299999944,success
3825890,2016-04-23,2015/2016,Atlético Madrid,Málaga,3337,1.431202199999916,success
3825842,2016-04-24,2015/2016,Levante UD,Athletic Club,3005,1.3806394999996883,success
3825875,2016-04-24,2015/2016,Villarreal,Real Sociedad,3553,1.2729300999999396,success
3825884,2016-04-24,2015/2016,Sevilla,Real Betis,2825,1.333274800000254,success
3825899,2016-04-24,2015/2016,Getafe,Valencia,3366,1.239205899999888,success
3825868,2016-04-25,2015/2016,Celta Vigo,Granada,3346,1.255927100000008,success
3825854,2016-04-29,2015/2016,Sporting Gijón,Eibar,3228,1.4231045999999878,success
266986,2016-04-30,2015/2016,Real Betis,Barcelona,3779,1.0148197000003165,success
3825859,2016-04-30,2015/2016,Granada,Las Palmas,3521,1.2428820000000087,success
3825864,2016-04-30,2015/2016,Real Sociedad,Real Madrid,3499,1.5714459999999235,success
3825878,2016-04-30,2015/2016,Atlético Madrid,Rayo Vallecano,3404,1.4752128000000084,success
3825845,2016-05-01,2015/2016,Espanyol,Sevilla,3157,1.371009199999662,success
3825870,2016-05-01,2015/2016,Athletic Club,Celta Vigo,3044,1.3725242000000435,success
3825873,2016-05-01,2015/2016,Valencia,Villarreal,3890,1.2824377000001732,success
3825894,2016-05-01,2015/2016,RC Deportivo La Coruña,Getafe,3183,1.3311782000000676,success
3825855,2016-05-02,2015/2016,Málaga,Levante UD,3025,1.556931000000077,success
265958,2016-05-08,2015/2016,Barcelona,Espanyol,3359,1.2241856000000553,success
3825850,2016-05-08,2015/2016,Celta Vigo,Málaga,3527,1.3261007000000973,success
3825851,2016-05-08,2015/2016,Villarreal,RC Deportivo La Coruña,3352,1.2545583999999508,success
3825853,2016-05-08,2015/2016,Sevilla,Granada,3101,1.3233909000000494,success
3825860,2016-05-08,2015/2016,Levante UD,Atlético Madrid,3819,1.3815961999998763,success
3825861,2016-05-08,2015/2016,Real Sociedad,Rayo Vallecano,3296,1.6208192000003692,success
3825865,2016-05-08,2015/2016,Getafe,Sporting Gijón,2904,1.3871523999996498,success
3825866,2016-05-08,2015/2016,Las Palmas,Athletic Club,3913,1.6358940000000075,success
3825901,2016-05-08,2015/2016,Real Madrid,Valencia,4191,1.361951599999884,success
3825904,2016-05-08,2015/2016,Eibar,Real Betis,3605,1.3860203999997793,success
3825849,2016-05-13,2015/2016,Valencia,Real Sociedad,3533,1.5714209000002484,success
267506,2016-05-14,2015/2016,Granada,Barcelona,3287,1.1199326999999357,success
3825846,2016-05-14,2015/2016,RC Deportivo La Coruña,Real Madrid,4126,1.1766845000001922,success
3825869,2016-05-14,2015/2016,Athletic Club,Sevilla,3501,1.3822947999997268,success
3825882,2016-05-14,2015/2016,Atlético Madrid,Celta Vigo,3816,1.3521496000003026,success
3825876,2016-05-15,2015/2016,Real Betis,Getafe,3269,1.2650682999997116,success
3825883,2016-05-15,2015/2016,Málaga,Las Palmas,3311,1.4055448000003707,success
3825900,2016-05-15,2015/2016,Sporting Gijón,Villarreal,3798,1.2577147000001787,success
3825902,2016-05-15,2015/2016,Rayo Vallecano,Levante UD,3599,1.4363267000003361,success
3825908,2016-05-15,2015/2016,Espanyol,Eibar,3273,1.4700645999996595,success
267670,2016-08-20,2016/2017,Barcelona,Real Betis,3505,1.0782236000000012,success
266892,2016-08-28,2016/2017,Athletic Club,Barcelona,3524,1.3854670000000624,success
266669,2016-09-10,2016/2017,Barcelona,Deportivo Alavés,3523,1.4629265000003215,success
267212,2016-09-17,2016/2017,Leganés,Barcelona,3424,1.1584687999998096,success
267220,2016-09-21,2016/2017,Barcelona,Atlético Madrid,3953,1.187623799999983,success
267492,2016-10-15,2016/2017,Barcelona,RC Deportivo La Coruña,3687,1.205088700000033,success
266033,2016-10-22,2016/2017,Valencia,Barcelona,3687,1.245429999999942,success
267058,2016-10-29,2016/2017,Barcelona,Granada,3628,1.168401299999914,success
266989,2016-11-06,2016/2017,Sevilla,Barcelona,3803,1.288532000000032,success
266191,2016-11-27,2016/2017,Real Sociedad,Barcelona,3753,1.5456621000002997,success
267076,2016-12-03,2016/2017,Barcelona,Real Madrid,3979,1.2988839999998163,success
266357,2016-12-10,2016/2017,Osasuna,Barcelona,3982,1.0795515999998315,success
266528,2016-12-18,2016/2017,Barcelona,Espanyol,3556,1.2218680999999378,success
266477,2017-01-08,2016/2017,Villarreal,Barcelona,3804,1.2657502000001841,success
267395,2017-01-14,2016/2017,Barcelona,Las Palmas,3696,1.2908407999998417,success
266731,2017-01-22,2016/2017,Eibar,Barcelona,3576,1.4085079000001315,success
266516,2017-01-29,2016/2017,Real Betis,Barcelona,3423,1.1864187000001039,success
266874,2017-02-04,2016/2017,Barcelona,Athletic Club,3439,1.2884021999998367,success
266273,2017-02-11,2016/2017,Deportivo Alavés,Barcelona,3677,1.2896403999998256,success
267596,2017-02-19,2016/2017,Barcelona,Leganés,3874,1.2500793000003796,success
267464,2017-02-26,2016/2017,Atlético Madrid,Barcelona,3079,1.118083100000149,success
265952,2017-03-01,2016/2017,Barcelona,Sporting Gijón,3504,1.2084563999997044,success
266299,2017-03-04,2016/2017,Barcelona,Celta Vigo,3685,1.409871800000019,success
267660,2017-03-12,2016/2017,RC Deportivo La Coruña,Barcelona,3671,1.3239309000000503,success
266440,2017-03-19,2016/2017,Barcelona,Valencia,3504,1.1180336000002171,success
266280,2017-04-05,2016/2017,Barcelona,Sevilla,4018,1.4793825000001561,success
267590,2017-04-08,2016/2017,Málaga,Barcelona,3547,1.3663707999999133,success
267373,2017-04-15,2016/2017,Barcelona,Real Sociedad,3872,1.2136849000003167,success
267569,2017-04-23,2016/2017,Real Madrid,Barcelona,3667,1.3748719000000165,success
267101,2017-04-26,2016/2017,Barcelona,Osasuna,3901,1.0978618999997707,success
267077,2017-04-29,2016/2017,Espanyol,Barcelona,3713,1.4059197000001404,success
266952,2017-05-06,2016/2017,Barcelona,Villarreal,4063,1.279026000000158,success
267039,2017-05-14,2016/2017,Las Palmas,Barcelona,3737,1.184475399999883,success
267432,2017-05-21,2016/2017,Barcelona,Eibar,3359,1.2710928000001331,success
